#
# There is insufficient memory for the Java Runtime Environment to continue.
# Native memory allocation (mmap) failed to map 65536 bytes. Error detail: Failed to commit metaspace.
# Possible reasons:
#   The system is out of physical RAM or swap space
#   This process is running with CompressedOops enabled, and the Java Heap may be blocking the growth of the native heap
# Possible solutions:
#   Reduce memory load on the system
#   Increase physical memory or swap space
#   Check if swap backing store is full
#   Decrease Java heap size (-Xmx/-Xms)
#   Decrease number of Java threads
#   Decrease Java thread stack sizes (-Xss)
#   Set larger code cache with -XX:ReservedCodeCacheSize=
#   JVM is running with Zero Based Compressed Oops mode in which the Java heap is
#     placed in the first 32GB address space. The Java Heap base address is the
#     maximum limit for the native heap growth. Please use -XX:HeapBaseMinAddress
#     to set the Java Heap base and to place the Java Heap above 32GB virtual address.
# This output file may be truncated or incomplete.
#
#  Out of Memory Error (virtualSpaceNode.cpp:113), pid=15640, tid=6936
#
# JRE version: OpenJDK Runtime Environment (21.0.10) (build 21.0.10+-14961533-b1163.108)
# Java VM: OpenJDK 64-Bit Server VM (21.0.10+-14961533-b1163.108, mixed mode, tiered, compressed oops, compressed class ptrs, g1 gc, windows-amd64)
# No core dump will be written. Minidumps are not enabled by default on client versions of Windows
#

---------------  S U M M A R Y ------------

Command Line: --add-opens=java.base/java.lang=ALL-UNNAMED --add-opens=java.base/java.lang.invoke=ALL-UNNAMED --add-opens=java.base/java.util=ALL-UNNAMED --add-opens=java.prefs/java.util.prefs=ALL-UNNAMED --add-exports=jdk.compiler/com.sun.tools.javac.api=ALL-UNNAMED --add-exports=jdk.compiler/com.sun.tools.javac.util=ALL-UNNAMED --add-opens=java.base/java.util=ALL-UNNAMED --add-opens=java.prefs/java.util.prefs=ALL-UNNAMED --add-opens=java.base/java.nio.charset=ALL-UNNAMED --add-opens=java.base/java.net=ALL-UNNAMED --add-opens=java.base/java.util.concurrent=ALL-UNNAMED --add-opens=java.base/java.util.concurrent.atomic=ALL-UNNAMED --add-opens=java.xml/javax.xml.namespace=ALL-UNNAMED --add-opens=java.base/java.time=ALL-UNNAMED -Xmx4g -Dfile.encoding=UTF-8 -Duser.country=CN -Duser.language=zh -Duser.variant -javaagent:C:\Users\CCCccc\.gradle\wrapper\dists\gradle-9.3.1-bin\23ovyewtku6u96viwx3xl3oks\gradle-9.3.1\lib\agents\gradle-instrumentation-agent-9.3.1.jar org.gradle.launcher.daemon.bootstrap.GradleDaemon 9.3.1

Host: Intel(R) Core(TM) i7-10510U CPU @ 1.80GHz, 8 cores, 7G,  Windows 10 , 64 bit Build 19041 (10.0.19041.4842)
Time: Tue Oct  6 06:33:35 2026 elapsed time: 3677.750993 seconds (0d 1h 1m 17s)

---------------  T H R E A D  ---------------

Current thread (0x000002cd0b137d30):  JavaThread "pool-20-thread-1"        [_thread_in_vm, id=6936, stack(0x000000f7c4d00000,0x000000f7c4e00000) (1024K)]

Stack: [0x000000f7c4d00000,0x000000f7c4e00000]
Native frames: (J=compiled Java code, j=interpreted, Vv=VM code, C=native code)
V  [jvm.dll+0x6d78a9]
V  [jvm.dll+0x8665b3]
V  [jvm.dll+0x868bde]
V  [jvm.dll+0x8692c3]
V  [jvm.dll+0x280ee6]
V  [jvm.dll+0x86146e]
V  [jvm.dll+0x67add5]
V  [jvm.dll+0x1e4911]
V  [jvm.dll+0x1e46de]
V  [jvm.dll+0x67d728]
V  [jvm.dll+0x67d562]
V  [jvm.dll+0x67b7ce]
V  [jvm.dll+0x26ce00]
V  [jvm.dll+0x2172eb]
V  [jvm.dll+0x20c73a]
V  [jvm.dll+0x5b7f75]
V  [jvm.dll+0x7df903]
V  [jvm.dll+0x7dfa4b]
V  [jvm.dll+0x4730c7]
V  [jvm.dll+0x478a18]
C  [java.dll+0x17ec]

Java frames: (J=compiled Java code, j=interpreted, Vv=VM code)
J 1065  java.lang.ClassLoader.defineClass1(Ljava/lang/ClassLoader;Ljava/lang/String;[BIILjava/security/ProtectionDomain;Ljava/lang/String;)Ljava/lang/Class; java.base@21.0.10 (0 bytes) @ 0x000002cd5c438991 [0x000002cd5c4388c0+0x00000000000000d1]
J 64086 c2 java.security.SecureClassLoader.defineClass(Ljava/lang/String;[BIILjava/security/CodeSource;)Ljava/lang/Class; java.base@21.0.10 (16 bytes) @ 0x000002cd5d8c4360 [0x000002cd5d8c3ca0+0x00000000000006c0]
J 64783 c2 java.net.URLClassLoader.findClass(Ljava/lang/String;)Ljava/lang/Class; java.base@21.0.10 (47 bytes) @ 0x000002cd5cb42dd0 [0x000002cd5cb42020+0x0000000000000db0]
J 15260 c2 java.lang.ClassLoader.loadClass(Ljava/lang/String;Z)Ljava/lang/Class; java.base@21.0.10 (121 bytes) @ 0x000002cd5c9695c4 [0x000002cd5c969280+0x0000000000000344]
J 3658 c2 java.lang.ClassLoader.loadClass(Ljava/lang/String;)Ljava/lang/Class; java.base@21.0.10 (7 bytes) @ 0x000002cd5c44c66c [0x000002cd5c44c620+0x000000000000004c]
v  ~StubRoutines::call_stub 0x000002cd5be1100d
j  org.jetbrains.kotlin.codegen.inline.SourceCompilerForInlineKt.loadCompiledInlineFunction$lambda$2$lambda$1(Lorg/jetbrains/kotlin/codegen/state/GenerationState;Lorg/jetbrains/kotlin/name/ClassId;)[B+2
j  org.jetbrains.kotlin.codegen.inline.SourceCompilerForInlineKt$$Lambda+0x0000000801b71ee0.invoke()Ljava/lang/Object;+8
j  org.jetbrains.kotlin.codegen.inline.InlineCache.computeClassBytes(Ljava/lang/String;Lkotlin/jvm/functions/Function0;)[B+58
j  org.jetbrains.kotlin.codegen.inline.SourceCompilerForInlineKt.loadCompiledInlineFunction$lambda$2(Lorg/jetbrains/kotlin/codegen/state/GenerationState;Lorg/jetbrains/org/objectweb/asm/Type;Lorg/jetbrains/org/objectweb/asm/commons/Method;ZZZLorg/jetbrains/kotlin/name/ClassId;)Lorg/jetbrains/kotlin/codegen/inline/SMAPAndMethodNode;+23
j  org.jetbrains.kotlin.codegen.inline.SourceCompilerForInlineKt$$Lambda+0x0000000801b71c88.invoke()Ljava/lang/Object;+28
j  org.jetbrains.kotlin.codegen.inline.InlineCache.computeMethodBytes(Lorg/jetbrains/kotlin/codegen/inline/MethodId;Lkotlin/jvm/functions/Function0;)Lorg/jetbrains/kotlin/codegen/inline/SMAPAndMethodNode;+43
j  org.jetbrains.kotlin.codegen.inline.SourceCompilerForInlineKt.loadCompiledInlineFunction(Lorg/jetbrains/kotlin/name/ClassId;Lorg/jetbrains/org/objectweb/asm/commons/Method;ZZZLorg/jetbrains/kotlin/codegen/state/GenerationState;)Lorg/jetbrains/kotlin/codegen/inline/SMAPAndMethodNode;+70
j  org.jetbrains.kotlin.backend.jvm.lower.PropertyReferenceLowering.usesParameter(Lorg/jetbrains/kotlin/ir/declarations/IrSimpleFunction;Lorg/jetbrains/kotlin/ir/declarations/IrValueParameter;)Z+238
J 166080 c1 org.jetbrains.kotlin.backend.jvm.lower.PropertyReferenceLowering.visitCall(Lorg/jetbrains/kotlin/ir/expressions/IrCall;)Lorg/jetbrains/kotlin/ir/expressions/IrExpression; (280 bytes) @ 0x000002cd55f3e58c [0x000002cd55f3dd20+0x000000000000086c]
J 163479 c2 org.jetbrains.kotlin.ir.visitors.IrElementTransformerVoid.visitCall(Lorg/jetbrains/kotlin/ir/expressions/IrCall;Ljava/lang/Object;)Ljava/lang/Object; (10 bytes) @ 0x000002cd5d21b780 [0x000002cd5d21b720+0x0000000000000060]
J 162693 c2 org.jetbrains.kotlin.ir.expressions.IrCall.accept(Lorg/jetbrains/kotlin/ir/visitors/IrVisitor;Ljava/lang/Object;)Ljava/lang/Object; (13 bytes) @ 0x000002cd5cd5ea7c [0x000002cd5cd5ea20+0x000000000000005c]
J 165070 c2 org.jetbrains.kotlin.ir.expressions.IrReturn.transformChildren(Lorg/jetbrains/kotlin/ir/visitors/IrTransformer;Ljava/lang/Object;)V (20 bytes) @ 0x000002cd5c84f48c [0x000002cd5c84f420+0x000000000000006c]
J 163444 c2 org.jetbrains.kotlin.ir.visitors.IrElementTransformerVoid.visitExpression(Lorg/jetbrains/kotlin/ir/expressions/IrExpression;)Lorg/jetbrains/kotlin/ir/expressions/IrExpression; (18 bytes) @ 0x000002cd5d227000 [0x000002cd5d226fa0+0x0000000000000060]
J 164610 c2 org.jetbrains.kotlin.ir.visitors.IrElementTransformerVoid.visitReturn(Lorg/jetbrains/kotlin/ir/expressions/IrReturn;)Lorg/jetbrains/kotlin/ir/expressions/IrExpression; (16 bytes) @ 0x000002cd5d593870 [0x000002cd5d593820+0x0000000000000050]
J 165069 c2 org.jetbrains.kotlin.ir.visitors.IrElementTransformerVoid.visitReturn(Lorg/jetbrains/kotlin/ir/expressions/IrReturn;Ljava/lang/Object;)Ljava/lang/Object; (10 bytes) @ 0x000002cd5d0dda80 [0x000002cd5d0dda20+0x0000000000000060]
J 163527 c2 org.jetbrains.kotlin.ir.expressions.IrReturn.accept(Lorg/jetbrains/kotlin/ir/visitors/IrVisitor;Ljava/lang/Object;)Ljava/lang/Object; (13 bytes) @ 0x000002cd5d47b3fc [0x000002cd5d47b3a0+0x000000000000005c]
J 163261 c2 org.jetbrains.kotlin.ir.expressions.IrExpression.transform(Lorg/jetbrains/kotlin/ir/visitors/IrTransformer;Ljava/lang/Object;)Lorg/jetbrains/kotlin/ir/IrElement; (10 bytes) @ 0x000002cd5d9794f8 [0x000002cd5d9794a0+0x0000000000000058]
J 163394 c2 org.jetbrains.kotlin.ir.util.TransformKt.transformInPlace(Ljava/util/List;Lorg/jetbrains/kotlin/ir/visitors/IrTransformer;Ljava/lang/Object;)V (70 bytes) @ 0x000002cd5ced9d80 [0x000002cd5ced9c60+0x0000000000000120]
J 166196 c2 org.jetbrains.kotlin.ir.visitors.IrElementTransformerVoid.visitBody(Lorg/jetbrains/kotlin/ir/expressions/IrBody;)Lorg/jetbrains/kotlin/ir/expressions/IrBody; (17 bytes) @ 0x000002cd5d00a338 [0x000002cd5d00a2c0+0x0000000000000078]
J 166134 c1 org.jetbrains.kotlin.ir.visitors.IrElementTransformerVoid.visitBlockBody(Lorg/jetbrains/kotlin/ir/expressions/IrBlockBody;)Lorg/jetbrains/kotlin/ir/expressions/IrBody; (15 bytes) @ 0x000002cd59aaa5cc [0x000002cd59aaa480+0x000000000000014c]
J 163771 c2 org.jetbrains.kotlin.ir.visitors.IrElementTransformerVoid.visitBlockBody(Lorg/jetbrains/kotlin/ir/expressions/IrBlockBody;Ljava/lang/Object;)Ljava/lang/Object; (10 bytes) @ 0x000002cd5c835a80 [0x000002cd5c835a20+0x0000000000000060]
J 166369 c2 org.jetbrains.kotlin.ir.declarations.IrFunction.transformChildren(Lorg/jetbrains/kotlin/ir/visitors/IrTransformer;Ljava/lang/Object;)V (52 bytes) @ 0x000002cd5c4afb14 [0x000002cd5c4af960+0x00000000000001b4]
J 163593 c2 org.jetbrains.kotlin.ir.visitors.IrElementTransformerVoid.visitDeclaration(Lorg/jetbrains/kotlin/ir/declarations/IrDeclarationBase;)Lorg/jetbrains/kotlin/ir/IrStatement; (21 bytes) @ 0x000002cd5d47ef80 [0x000002cd5d47ef20+0x0000000000000060]
J 166074 c2 org.jetbrains.kotlin.backend.common.IrElementTransformerVoidWithContext.visitFunctionNew(Lorg/jetbrains/kotlin/ir/declarations/IrFunction;)Lorg/jetbrains/kotlin/ir/IrStatement; (12 bytes) @ 0x000002cd5d3f6670 [0x000002cd5d3f6620+0x0000000000000050]
J 165675 c1 org.jetbrains.kotlin.backend.common.IrElementTransformerVoidWithContext.visitFunction(Lorg/jetbrains/kotlin/ir/declarations/IrFunction;)Lorg/jetbrains/kotlin/ir/IrStatement; (38 bytes) @ 0x000002cd5516e97c [0x000002cd5516e180+0x00000000000007fc]
J 163637 c2 org.jetbrains.kotlin.ir.visitors.IrElementTransformerVoid.visitSimpleFunction(Lorg/jetbrains/kotlin/ir/declarations/IrSimpleFunction;)Lorg/jetbrains/kotlin/ir/IrStatement; (16 bytes) @ 0x000002cd5c454d70 [0x000002cd5c454d20+0x0000000000000050]
J 163642 c2 org.jetbrains.kotlin.ir.visitors.IrElementTransformerVoid.visitSimpleFunction(Lorg/jetbrains/kotlin/ir/declarations/IrSimpleFunction;Ljava/lang/Object;)Ljava/lang/Object; (10 bytes) @ 0x000002cd5c55a980 [0x000002cd5c55a920+0x0000000000000060]
J 164123 c1 org.jetbrains.kotlin.ir.declarations.IrLocalDelegatedProperty.transformChildren(Lorg/jetbrains/kotlin/ir/visitors/IrTransformer;Ljava/lang/Object;)V (76 bytes) @ 0x000002cd5643049c [0x000002cd5642eae0+0x00000000000019bc]
J 163593 c2 org.jetbrains.kotlin.ir.visitors.IrElementTransformerVoid.visitDeclaration(Lorg/jetbrains/kotlin/ir/declarations/IrDeclarationBase;)Lorg/jetbrains/kotlin/ir/IrStatement; (21 bytes) @ 0x000002cd5d47ef80 [0x000002cd5d47ef20+0x0000000000000060]
J 164264 c1 org.jetbrains.kotlin.ir.visitors.IrElementTransformerVoid.visitLocalDelegatedProperty(Lorg/jetbrains/kotlin/ir/declarations/IrLocalDelegatedProperty;)Lorg/jetbrains/kotlin/ir/IrStatement; (16 bytes) @ 0x000002cd56ac1acc [0x000002cd56ac1980+0x000000000000014c]
j  org.jetbrains.kotlin.backend.jvm.lower.PropertyReferenceLowering.visitLocalDelegatedProperty(Lorg/jetbrains/kotlin/ir/declarations/IrLocalDelegatedProperty;)Lorg/jetbrains/kotlin/ir/IrStatement;+21
J 163804 c1 org.jetbrains.kotlin.ir.visitors.IrElementTransformerVoid.visitLocalDelegatedProperty(Lorg/jetbrains/kotlin/ir/declarations/IrLocalDelegatedProperty;Ljava/lang/Object;)Ljava/lang/Object; (10 bytes) @ 0x000002cd5509c5b4 [0x000002cd5509c0e0+0x00000000000004d4]
J 165929 c1 org.jetbrains.kotlin.ir.declarations.IrLocalDelegatedProperty.accept(Lorg/jetbrains/kotlin/ir/visitors/IrVisitor;Ljava/lang/Object;)Ljava/lang/Object; (13 bytes) @ 0x000002cd59e90fec [0x000002cd59e90c40+0x00000000000003ac]
J 163449 c2 org.jetbrains.kotlin.ir.IrElementBase.transform(Lorg/jetbrains/kotlin/ir/visitors/IrTransformer;Ljava/lang/Object;)Lorg/jetbrains/kotlin/ir/IrElement; (19 bytes) @ 0x000002cd5d224d78 [0x000002cd5d224d20+0x0000000000000058]
J 163394 c2 org.jetbrains.kotlin.ir.util.TransformKt.transformInPlace(Ljava/util/List;Lorg/jetbrains/kotlin/ir/visitors/IrTransformer;Ljava/lang/Object;)V (70 bytes) @ 0x000002cd5ced9d80 [0x000002cd5ced9c60+0x0000000000000120]
J 164588 c2 org.jetbrains.kotlin.ir.expressions.IrContainerExpression.transformChildren(Lorg/jetbrains/kotlin/ir/visitors/IrTransformer;Ljava/lang/Object;)V (16 bytes) @ 0x000002cd5ccdde10 [0x000002cd5ccddda0+0x0000000000000070]
J 163444 c2 org.jetbrains.kotlin.ir.visitors.IrElementTransformerVoid.visitExpression(Lorg/jetbrains/kotlin/ir/expressions/IrExpression;)Lorg/jetbrains/kotlin/ir/expressions/IrExpression; (18 bytes) @ 0x000002cd5d227000 [0x000002cd5d226fa0+0x0000000000000060]
J 166291 c2 org.jetbrains.kotlin.ir.visitors.IrElementTransformerVoid.visitContainerExpression(Lorg/jetbrains/kotlin/ir/expressions/IrContainerExpression;)Lorg/jetbrains/kotlin/ir/expressions/IrExpression; (16 bytes) @ 0x000002cd5d228ef0 [0x000002cd5d228ea0+0x0000000000000050]
J 166195 c2 org.jetbrains.kotlin.ir.visitors.IrElementTransformerVoid.visitBlock(Lorg/jetbrains/kotlin/ir/expressions/IrBlock;)Lorg/jetbrains/kotlin/ir/expressions/IrExpression; (16 bytes) @ 0x000002cd5cb88bf0 [0x000002cd5cb88ba0+0x0000000000000050]
J 165685 c2 org.jetbrains.kotlin.ir.visitors.IrElementTransformerVoid.visitBlock(Lorg/jetbrains/kotlin/ir/expressions/IrBlock;Ljava/lang/Object;)Ljava/lang/Object; (10 bytes) @ 0x000002cd5d908380 [0x000002cd5d908320+0x0000000000000060]
J 163542 c2 org.jetbrains.kotlin.ir.expressions.IrBlock.accept(Lorg/jetbrains/kotlin/ir/visitors/IrVisitor;Ljava/lang/Object;)Ljava/lang/Object; (13 bytes) @ 0x000002cd5d4761fc [0x000002cd5d4761a0+0x000000000000005c]
J 165692 c2 org.jetbrains.kotlin.ir.visitors.IrElementTransformerVoid.visitBranch(Lorg/jetbrains/kotlin/ir/expressions/IrBranch;)Lorg/jetbrains/kotlin/ir/expressions/IrBranch; (18 bytes) @ 0x000002cd5c599874 [0x000002cd5c599740+0x0000000000000134]
J 165696 c2 org.jetbrains.kotlin.ir.visitors.IrElementTransformerVoid.visitBranch(Lorg/jetbrains/kotlin/ir/expressions/IrBranch;Ljava/lang/Object;)Ljava/lang/Object; (10 bytes) @ 0x000002cd5d932800 [0x000002cd5d9327a0+0x0000000000000060]
J 165072 c2 org.jetbrains.kotlin.ir.expressions.IrBranch.transform(Lorg/jetbrains/kotlin/ir/visitors/IrTransformer;Ljava/lang/Object;)Lorg/jetbrains/kotlin/ir/IrElement; (10 bytes) @ 0x000002cd5d1fe530 [0x000002cd5d1fe4c0+0x0000000000000070]
J 163394 c2 org.jetbrains.kotlin.ir.util.TransformKt.transformInPlace(Ljava/util/List;Lorg/jetbrains/kotlin/ir/visitors/IrTransformer;Ljava/lang/Object;)V (70 bytes) @ 0x000002cd5ced9d80 [0x000002cd5ced9c60+0x0000000000000120]
J 165690 c2 org.jetbrains.kotlin.ir.expressions.IrWhen.transformChildren(Lorg/jetbrains/kotlin/ir/visitors/IrTransformer;Ljava/lang/Object;)V (16 bytes) @ 0x000002cd5dc91af0 [0x000002cd5dc91aa0+0x0000000000000050]
J 163444 c2 org.jetbrains.kotlin.ir.visitors.IrElementTransformerVoid.visitExpression(Lorg/jetbrains/kotlin/ir/expressions/IrExpression;)Lorg/jetbrains/kotlin/ir/expressions/IrExpression; (18 bytes) @ 0x000002cd5d227000 [0x000002cd5d226fa0+0x0000000000000060]
J 164700 c2 org.jetbrains.kotlin.ir.visitors.IrElementTransformerVoid.visitWhen(Lorg/jetbrains/kotlin/ir/expressions/IrWhen;)Lorg/jetbrains/kotlin/ir/expressions/IrExpression; (16 bytes) @ 0x000002cd5d8530f0 [0x000002cd5d8530a0+0x0000000000000050]
J 165689 c2 org.jetbrains.kotlin.ir.visitors.IrElementTransformerVoid.visitWhen(Lorg/jetbrains/kotlin/ir/expressions/IrWhen;Ljava/lang/Object;)Ljava/lang/Object; (10 bytes) @ 0x000002cd5da37b80 [0x000002cd5da37b20+0x0000000000000060]
J 163597 c2 org.jetbrains.kotlin.ir.expressions.IrWhen.accept(Lorg/jetbrains/kotlin/ir/visitors/IrVisitor;Ljava/lang/Object;)Ljava/lang/Object; (13 bytes) @ 0x000002cd5d4796fc [0x000002cd5d4796a0+0x000000000000005c]
J 163261 c2 org.jetbrains.kotlin.ir.expressions.IrExpression.transform(Lorg/jetbrains/kotlin/ir/visitors/IrTransformer;Ljava/lang/Object;)Lorg/jetbrains/kotlin/ir/IrElement; (10 bytes) @ 0x000002cd5d9794f8 [0x000002cd5d9794a0+0x0000000000000058]
J 163394 c2 org.jetbrains.kotlin.ir.util.TransformKt.transformInPlace(Ljava/util/List;Lorg/jetbrains/kotlin/ir/visitors/IrTransformer;Ljava/lang/Object;)V (70 bytes) @ 0x000002cd5ced9d80 [0x000002cd5ced9c60+0x0000000000000120]
J 166196 c2 org.jetbrains.kotlin.ir.visitors.IrElementTransformerVoid.visitBody(Lorg/jetbrains/kotlin/ir/expressions/IrBody;)Lorg/jetbrains/kotlin/ir/expressions/IrBody; (17 bytes) @ 0x000002cd5d00a338 [0x000002cd5d00a2c0+0x0000000000000078]
J 166134 c1 org.jetbrains.kotlin.ir.visitors.IrElementTransformerVoid.visitBlockBody(Lorg/jetbrains/kotlin/ir/expressions/IrBlockBody;)Lorg/jetbrains/kotlin/ir/expressions/IrBody; (15 bytes) @ 0x000002cd59aaa5cc [0x000002cd59aaa480+0x000000000000014c]
J 163771 c2 org.jetbrains.kotlin.ir.visitors.IrElementTransformerVoid.visitBlockBody(Lorg/jetbrains/kotlin/ir/expressions/IrBlockBody;Ljava/lang/Object;)Ljava/lang/Object; (10 bytes) @ 0x000002cd5c835a80 [0x000002cd5c835a20+0x0000000000000060]
J 166369 c2 org.jetbrains.kotlin.ir.declarations.IrFunction.transformChildren(Lorg/jetbrains/kotlin/ir/visitors/IrTransformer;Ljava/lang/Object;)V (52 bytes) @ 0x000002cd5c4afb14 [0x000002cd5c4af960+0x00000000000001b4]
J 163593 c2 org.jetbrains.kotlin.ir.visitors.IrElementTransformerVoid.visitDeclaration(Lorg/jetbrains/kotlin/ir/declarations/IrDeclarationBase;)Lorg/jetbrains/kotlin/ir/IrStatement; (21 bytes) @ 0x000002cd5d47ef80 [0x000002cd5d47ef20+0x0000000000000060]
J 166074 c2 org.jetbrains.kotlin.backend.common.IrElementTransformerVoidWithContext.visitFunctionNew(Lorg/jetbrains/kotlin/ir/declarations/IrFunction;)Lorg/jetbrains/kotlin/ir/IrStatement; (12 bytes) @ 0x000002cd5d3f6670 [0x000002cd5d3f6620+0x0000000000000050]
J 165675 c1 org.jetbrains.kotlin.backend.common.IrElementTransformerVoidWithContext.visitFunction(Lorg/jetbrains/kotlin/ir/declarations/IrFunction;)Lorg/jetbrains/kotlin/ir/IrStatement; (38 bytes) @ 0x000002cd5516e97c [0x000002cd5516e180+0x00000000000007fc]
J 163637 c2 org.jetbrains.kotlin.ir.visitors.IrElementTransformerVoid.visitSimpleFunction(Lorg/jetbrains/kotlin/ir/declarations/IrSimpleFunction;)Lorg/jetbrains/kotlin/ir/IrStatement; (16 bytes) @ 0x000002cd5c454d70 [0x000002cd5c454d20+0x0000000000000050]
J 163642 c2 org.jetbrains.kotlin.ir.visitors.IrElementTransformerVoid.visitSimpleFunction(Lorg/jetbrains/kotlin/ir/declarations/IrSimpleFunction;Ljava/lang/Object;)Ljava/lang/Object; (10 bytes) @ 0x000002cd5c55a980 [0x000002cd5c55a920+0x0000000000000060]
J 163287 c2 org.jetbrains.kotlin.ir.declarations.IrSimpleFunction.accept(Lorg/jetbrains/kotlin/ir/visitors/IrVisitor;Ljava/lang/Object;)Ljava/lang/Object; (13 bytes) @ 0x000002cd5d978a7c [0x000002cd5d978a20+0x000000000000005c]
J 163449 c2 org.jetbrains.kotlin.ir.IrElementBase.transform(Lorg/jetbrains/kotlin/ir/visitors/IrTransformer;Ljava/lang/Object;)Lorg/jetbrains/kotlin/ir/IrElement; (19 bytes) @ 0x000002cd5d224d78 [0x000002cd5d224d20+0x0000000000000058]
J 163394 c2 org.jetbrains.kotlin.ir.util.TransformKt.transformInPlace(Ljava/util/List;Lorg/jetbrains/kotlin/ir/visitors/IrTransformer;Ljava/lang/Object;)V (70 bytes) @ 0x000002cd5ced9d80 [0x000002cd5ced9c60+0x0000000000000120]
J 164588 c2 org.jetbrains.kotlin.ir.expressions.IrContainerExpression.transformChildren(Lorg/jetbrains/kotlin/ir/visitors/IrTransformer;Ljava/lang/Object;)V (16 bytes) @ 0x000002cd5ccdde10 [0x000002cd5ccddda0+0x0000000000000070]
J 163444 c2 org.jetbrains.kotlin.ir.visitors.IrElementTransformerVoid.visitExpression(Lorg/jetbrains/kotlin/ir/expressions/IrExpression;)Lorg/jetbrains/kotlin/ir/expressions/IrExpression; (18 bytes) @ 0x000002cd5d227000 [0x000002cd5d226fa0+0x0000000000000060]
J 166291 c2 org.jetbrains.kotlin.ir.visitors.IrElementTransformerVoid.visitContainerExpression(Lorg/jetbrains/kotlin/ir/expressions/IrContainerExpression;)Lorg/jetbrains/kotlin/ir/expressions/IrExpression; (16 bytes) @ 0x000002cd5d228ef0 [0x000002cd5d228ea0+0x0000000000000050]
J 166195 c2 org.jetbrains.kotlin.ir.visitors.IrElementTransformerVoid.visitBlock(Lorg/jetbrains/kotlin/ir/expressions/IrBlock;)Lorg/jetbrains/kotlin/ir/expressions/IrExpression; (16 bytes) @ 0x000002cd5cb88bf0 [0x000002cd5cb88ba0+0x0000000000000050]
J 165685 c2 org.jetbrains.kotlin.ir.visitors.IrElementTransformerVoid.visitBlock(Lorg/jetbrains/kotlin/ir/expressions/IrBlock;Ljava/lang/Object;)Ljava/lang/Object; (10 bytes) @ 0x000002cd5d908380 [0x000002cd5d908320+0x0000000000000060]
J 163542 c2 org.jetbrains.kotlin.ir.expressions.IrBlock.accept(Lorg/jetbrains/kotlin/ir/visitors/IrVisitor;Ljava/lang/Object;)Ljava/lang/Object; (13 bytes) @ 0x000002cd5d4761fc [0x000002cd5d4761a0+0x000000000000005c]
J 163261 c2 org.jetbrains.kotlin.ir.expressions.IrExpression.transform(Lorg/jetbrains/kotlin/ir/visitors/IrTransformer;Ljava/lang/Object;)Lorg/jetbrains/kotlin/ir/IrElement; (10 bytes) @ 0x000002cd5d9794f8 [0x000002cd5d9794a0+0x0000000000000058]
J 163644 c2 org.jetbrains.kotlin.ir.expressions.IrMemberAccessExpression.transformChildren(Lorg/jetbrains/kotlin/ir/visitors/IrTransformer;Ljava/lang/Object;)V (20 bytes) @ 0x000002cd5c3f8768 [0x000002cd5c3f8660+0x0000000000000108]
J 166080 c1 org.jetbrains.kotlin.backend.jvm.lower.PropertyReferenceLowering.visitCall(Lorg/jetbrains/kotlin/ir/expressions/IrCall;)Lorg/jetbrains/kotlin/ir/expressions/IrExpression; (280 bytes) @ 0x000002cd55f3ed4c [0x000002cd55f3dd20+0x000000000000102c]
J 163479 c2 org.jetbrains.kotlin.ir.visitors.IrElementTransformerVoid.visitCall(Lorg/jetbrains/kotlin/ir/expressions/IrCall;Ljava/lang/Object;)Ljava/lang/Object; (10 bytes) @ 0x000002cd5d21b780 [0x000002cd5d21b720+0x0000000000000060]
J 162693 c2 org.jetbrains.kotlin.ir.expressions.IrCall.accept(Lorg/jetbrains/kotlin/ir/visitors/IrVisitor;Ljava/lang/Object;)Ljava/lang/Object; (13 bytes) @ 0x000002cd5cd5ea7c [0x000002cd5cd5ea20+0x000000000000005c]
J 163261 c2 org.jetbrains.kotlin.ir.expressions.IrExpression.transform(Lorg/jetbrains/kotlin/ir/visitors/IrTransformer;Ljava/lang/Object;)Lorg/jetbrains/kotlin/ir/IrElement; (10 bytes) @ 0x000002cd5d9794f8 [0x000002cd5d9794a0+0x0000000000000058]
J 163644 c2 org.jetbrains.kotlin.ir.expressions.IrMemberAccessExpression.transformChildren(Lorg/jetbrains/kotlin/ir/visitors/IrTransformer;Ljava/lang/Object;)V (20 bytes) @ 0x000002cd5c3f8768 [0x000002cd5c3f8660+0x0000000000000108]
J 166080 c1 org.jetbrains.kotlin.backend.jvm.lower.PropertyReferenceLowering.visitCall(Lorg/jetbrains/kotlin/ir/expressions/IrCall;)Lorg/jetbrains/kotlin/ir/expressions/IrExpression; (280 bytes) @ 0x000002cd55f3ed4c [0x000002cd55f3dd20+0x000000000000102c]
J 163479 c2 org.jetbrains.kotlin.ir.visitors.IrElementTransformerVoid.visitCall(Lorg/jetbrains/kotlin/ir/expressions/IrCall;Ljava/lang/Object;)Ljava/lang/Object; (10 bytes) @ 0x000002cd5d21b780 [0x000002cd5d21b720+0x0000000000000060]
J 162693 c2 org.jetbrains.kotlin.ir.expressions.IrCall.accept(Lorg/jetbrains/kotlin/ir/visitors/IrVisitor;Ljava/lang/Object;)Ljava/lang/Object; (13 bytes) @ 0x000002cd5cd5ea7c [0x000002cd5cd5ea20+0x000000000000005c]
J 163261 c2 org.jetbrains.kotlin.ir.expressions.IrExpression.transform(Lorg/jetbrains/kotlin/ir/visitors/IrTransformer;Ljava/lang/Object;)Lorg/jetbrains/kotlin/ir/IrElement; (10 bytes) @ 0x000002cd5d9794f8 [0x000002cd5d9794a0+0x0000000000000058]
J 163394 c2 org.jetbrains.kotlin.ir.util.TransformKt.transformInPlace(Ljava/util/List;Lorg/jetbrains/kotlin/ir/visitors/IrTransformer;Ljava/lang/Object;)V (70 bytes) @ 0x000002cd5ced9d80 [0x000002cd5ced9c60+0x0000000000000120]
J 166196 c2 org.jetbrains.kotlin.ir.visitors.IrElementTransformerVoid.visitBody(Lorg/jetbrains/kotlin/ir/expressions/IrBody;)Lorg/jetbrains/kotlin/ir/expressions/IrBody; (17 bytes) @ 0x000002cd5d00a338 [0x000002cd5d00a2c0+0x0000000000000078]
J 166134 c1 org.jetbrains.kotlin.ir.visitors.IrElementTransformerVoid.visitBlockBody(Lorg/jetbrains/kotlin/ir/expressions/IrBlockBody;)Lorg/jetbrains/kotlin/ir/expressions/IrBody; (15 bytes) @ 0x000002cd59aaa5cc [0x000002cd59aaa480+0x000000000000014c]
J 163771 c2 org.jetbrains.kotlin.ir.visitors.IrElementTransformerVoid.visitBlockBody(Lorg/jetbrains/kotlin/ir/expressions/IrBlockBody;Ljava/lang/Object;)Ljava/lang/Object; (10 bytes) @ 0x000002cd5c835a80 [0x000002cd5c835a20+0x0000000000000060]
J 166369 c2 org.jetbrains.kotlin.ir.declarations.IrFunction.transformChildren(Lorg/jetbrains/kotlin/ir/visitors/IrTransformer;Ljava/lang/Object;)V (52 bytes) @ 0x000002cd5c4afb14 [0x000002cd5c4af960+0x00000000000001b4]
J 163593 c2 org.jetbrains.kotlin.ir.visitors.IrElementTransformerVoid.visitDeclaration(Lorg/jetbrains/kotlin/ir/declarations/IrDeclarationBase;)Lorg/jetbrains/kotlin/ir/IrStatement; (21 bytes) @ 0x000002cd5d47ef80 [0x000002cd5d47ef20+0x0000000000000060]
J 166074 c2 org.jetbrains.kotlin.backend.common.IrElementTransformerVoidWithContext.visitFunctionNew(Lorg/jetbrains/kotlin/ir/declarations/IrFunction;)Lorg/jetbrains/kotlin/ir/IrStatement; (12 bytes) @ 0x000002cd5d3f6670 [0x000002cd5d3f6620+0x0000000000000050]
J 165675 c1 org.jetbrains.kotlin.backend.common.IrElementTransformerVoidWithContext.visitFunction(Lorg/jetbrains/kotlin/ir/declarations/IrFunction;)Lorg/jetbrains/kotlin/ir/IrStatement; (38 bytes) @ 0x000002cd5516e97c [0x000002cd5516e180+0x00000000000007fc]
J 163637 c2 org.jetbrains.kotlin.ir.visitors.IrElementTransformerVoid.visitSimpleFunction(Lorg/jetbrains/kotlin/ir/declarations/IrSimpleFunction;)Lorg/jetbrains/kotlin/ir/IrStatement; (16 bytes) @ 0x000002cd5c454d70 [0x000002cd5c454d20+0x0000000000000050]
J 163642 c2 org.jetbrains.kotlin.ir.visitors.IrElementTransformerVoid.visitSimpleFunction(Lorg/jetbrains/kotlin/ir/declarations/IrSimpleFunction;Ljava/lang/Object;)Ljava/lang/Object; (10 bytes) @ 0x000002cd5c55a980 [0x000002cd5c55a920+0x0000000000000060]
J 163287 c2 org.jetbrains.kotlin.ir.declarations.IrSimpleFunction.accept(Lorg/jetbrains/kotlin/ir/visitors/IrVisitor;Ljava/lang/Object;)Ljava/lang/Object; (13 bytes) @ 0x000002cd5d978a7c [0x000002cd5d978a20+0x000000000000005c]
J 163449 c2 org.jetbrains.kotlin.ir.IrElementBase.transform(Lorg/jetbrains/kotlin/ir/visitors/IrTransformer;Ljava/lang/Object;)Lorg/jetbrains/kotlin/ir/IrElement; (19 bytes) @ 0x000002cd5d224d78 [0x000002cd5d224d20+0x0000000000000058]
J 163394 c2 org.jetbrains.kotlin.ir.util.TransformKt.transformInPlace(Ljava/util/List;Lorg/jetbrains/kotlin/ir/visitors/IrTransformer;Ljava/lang/Object;)V (70 bytes) @ 0x000002cd5ced9d80 [0x000002cd5ced9c60+0x0000000000000120]
J 166453 c1 org.jetbrains.kotlin.ir.declarations.IrClass.transformChildren(Lorg/jetbrains/kotlin/ir/visitors/IrTransformer;Ljava/lang/Object;)V (51 bytes) @ 0x000002cd551c4934 [0x000002cd551c43a0+0x0000000000000594]
J 166212 c1 org.jetbrains.kotlin.ir.visitors.IrElementTransformerVoid.transformChildrenVoid(Lorg/jetbrains/kotlin/ir/IrElement;)V (12 bytes) @ 0x000002cd58ddf004 [0x000002cd58dde940+0x00000000000006c4]
j  org.jetbrains.kotlin.backend.jvm.lower.PropertyReferenceLowering.visitClassNew(Lorg/jetbrains/kotlin/ir/declarations/IrClass;)Lorg/jetbrains/kotlin/ir/IrStatement;+31
J 166096 c1 org.jetbrains.kotlin.backend.common.IrElementTransformerVoidWithContext.visitClass(Lorg/jetbrains/kotlin/ir/declarations/IrClass;)Lorg/jetbrains/kotlin/ir/IrStatement; (38 bytes) @ 0x000002cd5976a1bc [0x000002cd59769f40+0x000000000000027c]
J 163623 c1 org.jetbrains.kotlin.ir.visitors.IrElementTransformerVoid.visitClass(Lorg/jetbrains/kotlin/ir/declarations/IrClass;Ljava/lang/Object;)Ljava/lang/Object; (10 bytes) @ 0x000002cd57dd09b4 [0x000002cd57dd04e0+0x00000000000004d4]
J 165421 c1 org.jetbrains.kotlin.ir.declarations.IrClass.accept(Lorg/jetbrains/kotlin/ir/visitors/IrVisitor;Ljava/lang/Object;)Ljava/lang/Object; (13 bytes) @ 0x000002cd58e6a3ec [0x000002cd58e6a040+0x00000000000003ac]
J 163449 c2 org.jetbrains.kotlin.ir.IrElementBase.transform(Lorg/jetbrains/kotlin/ir/visitors/IrTransformer;Ljava/lang/Object;)Lorg/jetbrains/kotlin/ir/IrElement; (19 bytes) @ 0x000002cd5d224d78 [0x000002cd5d224d20+0x0000000000000058]
J 163394 c2 org.jetbrains.kotlin.ir.util.TransformKt.transformInPlace(Ljava/util/List;Lorg/jetbrains/kotlin/ir/visitors/IrTransformer;Ljava/lang/Object;)V (70 bytes) @ 0x000002cd5ced9d80 [0x000002cd5ced9c60+0x0000000000000120]
J 164692 c1 org.jetbrains.kotlin.ir.declarations.IrPackageFragment.transformChildren(Lorg/jetbrains/kotlin/ir/visitors/IrTransformer;Ljava/lang/Object;)V (16 bytes) @ 0x000002cd57a26694 [0x000002cd57a26520+0x0000000000000174]
J 166212 c1 org.jetbrains.kotlin.ir.visitors.IrElementTransformerVoid.transformChildrenVoid(Lorg/jetbrains/kotlin/ir/IrElement;)V (12 bytes) @ 0x000002cd58ddf004 [0x000002cd58dde940+0x00000000000006c4]
j  org.jetbrains.kotlin.backend.jvm.lower.PropertyReferenceLowering.lower(Lorg/jetbrains/kotlin/ir/declarations/IrFile;)V+12
j  org.jetbrains.kotlin.backend.common.phaser.PhaseFactoriesKt.createFilePhase$lambda$4(Lkotlin/jvm/functions/Function1;Lorg/jetbrains/kotlin/backend/common/LoweringContext;Lorg/jetbrains/kotlin/ir/declarations/IrFile;)Lorg/jetbrains/kotlin/ir/declarations/IrFile;+25
j  org.jetbrains.kotlin.backend.common.phaser.PhaseFactoriesKt$$Lambda+0x00000008021d2c70.invoke(Ljava/lang/Object;Ljava/lang/Object;)Ljava/lang/Object;+12
j  org.jetbrains.kotlin.backend.common.phaser.PhaseBuildersKt$createSimpleNamedCompilerPhase$1.phaseBody(Lorg/jetbrains/kotlin/config/LoggingContext;Ljava/lang/Object;)Ljava/lang/Object;+12
j  org.jetbrains.kotlin.config.phaser.NamedCompilerPhase.invoke(Lorg/jetbrains/kotlin/config/phaser/PhaseConfig;Lorg/jetbrains/kotlin/config/phaser/PhaserState;Lorg/jetbrains/kotlin/config/LoggingContext;Ljava/lang/Object;)Ljava/lang/Object;+304
j  org.jetbrains.kotlin.backend.common.phaser.PerformByIrFilePhase.invoke(Lorg/jetbrains/kotlin/config/phaser/PhaseConfig;Lorg/jetbrains/kotlin/config/phaser/PhaserState;Lorg/jetbrains/kotlin/backend/common/LoweringContext;Lorg/jetbrains/kotlin/ir/declarations/IrModuleFragment;)Lorg/jetbrains/kotlin/ir/declarations/IrModuleFragment;+103
j  org.jetbrains.kotlin.backend.common.phaser.PerformByIrFilePhase.invoke(Lorg/jetbrains/kotlin/config/phaser/PhaseConfig;Lorg/jetbrains/kotlin/config/phaser/PhaserState;Lorg/jetbrains/kotlin/config/LoggingContext;Ljava/lang/Object;)Ljava/lang/Object;+12
j  org.jetbrains.kotlin.backend.common.phaser.PhaseEngine.runPhase(Lorg/jetbrains/kotlin/config/phaser/NamedCompilerPhase;Ljava/lang/Object;Z)Ljava/lang/Object;+42
j  org.jetbrains.kotlin.backend.common.phaser.PhaseEngine.runPhase$default(Lorg/jetbrains/kotlin/backend/common/phaser/PhaseEngine;Lorg/jetbrains/kotlin/config/phaser/NamedCompilerPhase;Ljava/lang/Object;ZILjava/lang/Object;)Ljava/lang/Object;+13
j  org.jetbrains.kotlin.backend.jvm.JvmIrCodegenFactory.invokeLowerings(Lorg/jetbrains/kotlin/codegen/state/GenerationState;Lorg/jetbrains/kotlin/backend/jvm/JvmIrCodegenFactory$BackendInput;)Lorg/jetbrains/kotlin/backend/jvm/JvmIrCodegenFactory$CodegenInput;+717
j  org.jetbrains.kotlin.cli.jvm.compiler.KotlinToJVMBytecodeCompiler.runLowerings$cli(Lorg/jetbrains/kotlin/com/intellij/openapi/project/Project;Lorg/jetbrains/kotlin/config/CompilerConfiguration;Lorg/jetbrains/kotlin/descriptors/ModuleDescriptor;Lorg/jetbrains/kotlin/modules/Module;Lorg/jetbrains/kotlin/backend/jvm/JvmIrCodegenFactory;Lorg/jetbrains/kotlin/backend/jvm/JvmIrCodegenFactory$BackendInput;Lorg/jetbrains/kotlin/diagnostics/impl/BaseDiagnosticsCollector;Lorg/jetbrains/kotlin/fir/backend/jvm/FirJvmBackendClassResolver;)Lorg/jetbrains/kotlin/backend/jvm/JvmIrCodegenFactory$CodegenInput;+248
j  org.jetbrains.kotlin.cli.pipeline.jvm.JvmBackendPipelinePhase.executePhase(Lorg/jetbrains/kotlin/cli/pipeline/jvm/JvmFir2IrPipelineArtifact;Z)Lorg/jetbrains/kotlin/cli/pipeline/jvm/JvmBinaryPipelineArtifact;+524
j  org.jetbrains.kotlin.cli.pipeline.jvm.JvmBackendPipelinePhase.executePhase(Lorg/jetbrains/kotlin/cli/pipeline/jvm/JvmFir2IrPipelineArtifact;)Lorg/jetbrains/kotlin/cli/pipeline/jvm/JvmBinaryPipelineArtifact;+9
j  org.jetbrains.kotlin.cli.pipeline.jvm.JvmBackendPipelinePhase.executePhase(Lorg/jetbrains/kotlin/cli/pipeline/PipelineArtifact;)Lorg/jetbrains/kotlin/cli/pipeline/PipelineArtifact;+5
j  org.jetbrains.kotlin.cli.pipeline.PipelinePhase.phaseBody(Lorg/jetbrains/kotlin/cli/pipeline/PipelineContext;Lorg/jetbrains/kotlin/cli/pipeline/PipelineArtifact;)Lorg/jetbrains/kotlin/cli/pipeline/PipelineArtifact;+14
j  org.jetbrains.kotlin.cli.pipeline.PipelinePhase.phaseBody(Lorg/jetbrains/kotlin/config/LoggingContext;Ljava/lang/Object;)Ljava/lang/Object;+9
j  org.jetbrains.kotlin.config.phaser.NamedCompilerPhase.invoke(Lorg/jetbrains/kotlin/config/phaser/PhaseConfig;Lorg/jetbrains/kotlin/config/phaser/PhaserState;Lorg/jetbrains/kotlin/config/LoggingContext;Ljava/lang/Object;)Ljava/lang/Object;+304
j  org.jetbrains.kotlin.backend.common.phaser.CompositePhase.invoke(Lorg/jetbrains/kotlin/config/phaser/PhaseConfig;Lorg/jetbrains/kotlin/config/phaser/PhaserState;Lorg/jetbrains/kotlin/config/LoggingContext;Ljava/lang/Object;)Ljava/lang/Object;+87
j  org.jetbrains.kotlin.config.phaser.CompilerPhaseKt.invokeToplevel(Lorg/jetbrains/kotlin/config/phaser/CompilerPhase;Lorg/jetbrains/kotlin/config/phaser/PhaseConfig;Lorg/jetbrains/kotlin/config/LoggingContext;Ljava/lang/Object;)Ljava/lang/Object;+35
j  org.jetbrains.kotlin.cli.pipeline.AbstractCliPipeline.runPhasedPipeline(Lorg/jetbrains/kotlin/cli/pipeline/ArgumentsPipelineArtifact;)Lorg/jetbrains/kotlin/cli/common/ExitCode;+79
j  org.jetbrains.kotlin.cli.pipeline.AbstractCliPipeline.execute(Lorg/jetbrains/kotlin/cli/common/arguments/CommonCompilerArguments;Lorg/jetbrains/kotlin/config/Services;Lorg/jetbrains/kotlin/cli/common/messages/MessageCollector;)Lorg/jetbrains/kotlin/cli/common/ExitCode;+169
j  org.jetbrains.kotlin.cli.jvm.K2JVMCompiler.doExecutePhased(Lorg/jetbrains/kotlin/cli/common/arguments/K2JVMCompilerArguments;Lorg/jetbrains/kotlin/config/Services;Lorg/jetbrains/kotlin/cli/common/messages/MessageCollector;)Lorg/jetbrains/kotlin/cli/common/ExitCode;+35
j  org.jetbrains.kotlin.cli.jvm.K2JVMCompiler.doExecutePhased(Lorg/jetbrains/kotlin/cli/common/arguments/CommonCompilerArguments;Lorg/jetbrains/kotlin/config/Services;Lorg/jetbrains/kotlin/cli/common/messages/MessageCollector;)Lorg/jetbrains/kotlin/cli/common/ExitCode;+7
j  org.jetbrains.kotlin.cli.common.CLICompiler.execImpl(Lorg/jetbrains/kotlin/cli/common/messages/MessageCollector;Lorg/jetbrains/kotlin/config/Services;Lorg/jetbrains/kotlin/cli/common/arguments/CommonCompilerArguments;)Lorg/jetbrains/kotlin/cli/common/ExitCode;+17
j  org.jetbrains.kotlin.cli.common.CLICompiler.exec(Lorg/jetbrains/kotlin/cli/common/messages/MessageCollector;Lorg/jetbrains/kotlin/config/Services;Lorg/jetbrains/kotlin/cli/common/arguments/CommonCompilerArguments;)Lorg/jetbrains/kotlin/cli/common/ExitCode;+88
j  org.jetbrains.kotlin.cli.common.CLICompiler.exec(Ljava/io/PrintStream;Lorg/jetbrains/kotlin/config/Services;Lorg/jetbrains/kotlin/cli/common/messages/MessageRenderer;[Ljava/lang/String;)Lorg/jetbrains/kotlin/cli/common/ExitCode;+259
j  org.jetbrains.kotlin.cli.common.CLICompiler.execAndOutputXml(Ljava/io/PrintStream;Lorg/jetbrains/kotlin/config/Services;[Ljava/lang/String;)Lorg/jetbrains/kotlin/cli/common/ExitCode;+31
j  java.lang.invoke.DirectMethodHandle$Holder.invokeSpecial(Ljava/lang/Object;Ljava/lang/Object;Ljava/lang/Object;Ljava/lang/Object;Ljava/lang/Object;)Ljava/lang/Object;+16 java.base@21.0.10
j  java.lang.invoke.LambdaForm$MH+0x0000000800368800.invoke(Ljava/lang/Object;Ljava/lang/Object;Ljava/lang/Object;Ljava/lang/Object;Ljava/lang/Object;)Ljava/lang/Object;+93 java.base@21.0.10
J 141315 c2 java.lang.reflect.Method.invoke(Ljava/lang/Object;[Ljava/lang/Object;)Ljava/lang/Object; java.base@21.0.10 (108 bytes) @ 0x000002cd5d590c04 [0x000002cd5d590500+0x0000000000000704]
j  org.jetbrains.kotlin.compilerRunner.GradleKotlinCompilerWork.compileInProcessImpl(Lorg/jetbrains/kotlin/cli/common/messages/MessageCollector;)Lorg/jetbrains/kotlin/cli/common/ExitCode;+324
j  org.jetbrains.kotlin.compilerRunner.GradleKotlinCompilerWork.access$compileInProcessImpl(Lorg/jetbrains/kotlin/compilerRunner/GradleKotlinCompilerWork;Lorg/jetbrains/kotlin/cli/common/messages/MessageCollector;)Lorg/jetbrains/kotlin/cli/common/ExitCode;+2
j  org.jetbrains.kotlin.compilerRunner.GradleKotlinCompilerWork$compileInProcess$future$1.call()Lorg/jetbrains/kotlin/cli/common/ExitCode;+11
j  org.jetbrains.kotlin.compilerRunner.GradleKotlinCompilerWork$compileInProcess$future$1.call()Ljava/lang/Object;+1
J 15052 c1 java.util.concurrent.FutureTask.run()V java.base@21.0.10 (123 bytes) @ 0x000002cd5634f09c [0x000002cd5634e940+0x000000000000075c]
J 58437 c1 java.util.concurrent.ThreadPoolExecutor.runWorker(Ljava/util/concurrent/ThreadPoolExecutor$Worker;)V java.base@21.0.10 (187 bytes) @ 0x000002cd55f1ce54 [0x000002cd55f1c4c0+0x0000000000000994]
j  java.util.concurrent.ThreadPoolExecutor$Worker.run()V+5 java.base@21.0.10
j  java.lang.Thread.runWith(Ljava/lang/Object;Ljava/lang/Runnable;)V+5 java.base@21.0.10
j  java.lang.Thread.run()V+19 java.base@21.0.10
v  ~StubRoutines::call_stub 0x000002cd5be1100d

Compiled method (n/a) 3677844 1065     n 0       java.lang.ClassLoader::defineClass1 (native)
 total in heap  [0x000002cd5c438710,0x000002cd5c438ca8] = 1432
 relocation     [0x000002cd5c438870,0x000002cd5c4388a8] = 56
 main code      [0x000002cd5c4388c0,0x000002cd5c438ca1] = 993
 stub code      [0x000002cd5c438ca1,0x000002cd5c438ca8] = 7

[Constant Pool (empty)]

[MachCode]
[Entry Point]
  # {method} {0x000002cd6c025040} 'defineClass1' '(Ljava/lang/ClassLoader;Ljava/lang/String;[BIILjava/security/ProtectionDomain;Ljava/lang/String;)Ljava/lang/Class;' in 'java/lang/ClassLoader'
  # parm0:    rdx:rdx   = 'java/lang/ClassLoader'
  # parm1:    r8:r8     = 'java/lang/String'
  # parm2:    r9:r9     = '[B'
  # parm3:    rdi       = int
  # parm4:    rsi       = int
  # parm5:    rcx:rcx   = 'java/security/ProtectionDomain'
  # parm6:    [sp+0xa0]   = 'java/lang/String'  (sp of caller)
  0x000002cd5c4388c0: 448b 5208 | 49bb 0000 | 0000 0800 | 0000 4d03 | d349 3bc2 | 0f84 0600 

  0x000002cd5c4388d8: ;   {runtime_call ic_miss_stub}
  0x000002cd5c4388d8: 0000 e9a1 | 5ea2 ff90 
[Verified Entry Point]
  0x000002cd5c4388e0: 8984 2400 | 80ff ff55 | 488b ec48 | 81ec 9000 | 0000 6690 | 4181 7f20 | 5900 0000 

  0x000002cd5c4388fc: ;   {runtime_call StubRoutines (final stubs)}
  0x000002cd5c4388fc: 7405 e8dd | 29a1 ff48 | 837d 1000 | 488d 4510 | 480f 4445 | 1048 8944 | 2440 4889 | 4c24 7048 
  0x000002cd5c43891c: 83f9 0048 | 8d44 2470 | 480f 4444 | 2470 4889 | 4424 3848 | 8974 2430 | 4889 7c24 | 284c 894c 
  0x000002cd5c43893c: 2458 4983 | f900 488d | 4424 5848 | 0f44 4424 | 5848 8944 | 2420 4c89 | 4424 5049 | 83f8 004c 
  0x000002cd5c43895c: 8d4c 2450 | 4c0f 444c | 2450 4889 | 5424 4848 | 83fa 004c | 8d44 2448 | 4c0f 4444 

  0x000002cd5c438978: ;   {oop(a 'java/lang/Class'{0x0000000700591d70} = 'java/lang/ClassLoader')}
  0x000002cd5c438978: 2448 49be | 701d 5900 | 0700 0000 | 4c89 7424 | 784c 8d74 | 2478 498b | d6c5 f877 

  0x000002cd5c438994: ;   {internal_word}
  0x000002cd5c438994: 49ba 9189 | 435c cd02 | 0000 4d89 | 97a8 0300 | 0049 89a7 | a003 0000 

  0x000002cd5c4389ac: ;   {external_word}
  0x000002cd5c4389ac: 49ba a8fa | a724 fc7f | 0000 4180 | 3a00 0f84 | 4e00 0000 | 5241 5041 

  0x000002cd5c4389c4: ;   {metadata({method} {0x000002cd6c025040} 'defineClass1' '(Ljava/lang/ClassLoader;Ljava/lang/String;[BIILjava/security/ProtectionDomain;Ljava/lang/String;)Ljava/lang/Class;' in 'java/lang/ClassLoader')}
  0x000002cd5c4389c4: 5148 ba38 | 5002 6ccd | 0200 0049 | 8bcf 4883 | ec20 40f6 | c40f 0f84 | 1900 0000 | 4883 ec08 
  0x000002cd5c4389e4: ;   {runtime_call}
  0x000002cd5c4389e4: 48b8 30e9 | 6124 fc7f | 0000 ffd0 | 4883 c408 | e90c 0000 

  0x000002cd5c4389f8: ;   {runtime_call}
  0x000002cd5c4389f8: 0048 b830 | e961 24fc | 7f00 00ff | d048 83c4 | 2041 5941 | 585a 498d | 8fc0 0300 | 0041 c787 
  0x000002cd5c438a18: 4c04 0000 | 0400 0000 

  0x000002cd5c438a20: ;   {runtime_call}
  0x000002cd5c438a20: 48b8 ac16 | 8770 fc7f | 0000 ffd0 | c5f8 7741 | c787 4c04 | 0000 0500 | 0000 f083 | 4424 c000 
  0x000002cd5c438a40: 493b af50 | 0400 000f | 870e 0000 | 0041 83bf | 4804 0000 | 000f 842b | 0000 00c5 | f877 4889 
  0x000002cd5c438a60: 45f8 498b | cf4c 8be4 | 4883 ec20 | 4883 e4f0 

  0x000002cd5c438a70: ;   {runtime_call}
  0x000002cd5c438a70: 48b8 e01e | 2d24 fc7f | 0000 ffd0 | 498b e44d | 33e4 488b | 45f8 41c7 | 874c 0400 | 0008 0000 
  0x000002cd5c438a90: 0041 83bf | c804 0000 | 020f 84d5 

  0x000002cd5c438a9c: ;   {external_word}
  0x000002cd5c438a9c: 0100 0049 | baa8 faa7 | 24fc 7f00 | 0041 803a | 000f 844c | 0000 0048 

  0x000002cd5c438ab4: ;   {metadata({method} {0x000002cd6c025040} 'defineClass1' '(Ljava/lang/ClassLoader;Ljava/lang/String;[BIILjava/security/ProtectionDomain;Ljava/lang/String;)Ljava/lang/Class;' in 'java/lang/ClassLoader')}
  0x000002cd5c438ab4: 8945 f848 | ba38 5002 | 6ccd 0200 | 0049 8bcf | 4883 ec20 | 40f6 c40f | 0f84 1900 | 0000 4883 
  0x000002cd5c438ad4: ;   {runtime_call}
  0x000002cd5c438ad4: ec08 48b8 | 30e9 6124 | fc7f 0000 | ffd0 4883 | c408 e90c 

  0x000002cd5c438ae8: ;   {runtime_call}
  0x000002cd5c438ae8: 0000 0048 | b830 e961 | 24fc 7f00 | 00ff d048 | 83c4 2048 | 8b45 f849 | c787 a003 | 0000 0000 
  0x000002cd5c438b08: 0000 49c7 | 87a8 0300 | 0000 0000 | 00c5 f877 | 4885 c00f | 8430 0100 | 00a8 030f | 8508 0000 
  0x000002cd5c438b28: 0048 8b00 | e920 0100 | 00a8 010f | 8509 0000 | 0048 8b40 | fee9 0f01 | 0000 488b | 40ff 4180 
  0x000002cd5c438b48: 7f40 000f | 8400 0100 | 0048 83f8 | 000f 84f6 | 0000 0049 | 8b4f 2848 | 83f9 000f | 8414 0000 
  0x000002cd5c438b68: 0048 83e9 | 0849 894f | 2849 034f | 3848 8901 | e9d4 0000 | 0048 83ec | 7048 8904 | 2448 894c 
  0x000002cd5c438b88: 2408 4889 | 5424 104c | 8944 2418 | 4c89 4c24 | 204c 8954 | 2428 4c89 | 5c24 30c5 | fb11 4424 
  0x000002cd5c438ba8: 40c5 fb11 | 4c24 48c5 | fb11 5424 | 50c5 fb11 | 5c24 58c5 | fb11 6424 | 60c5 fb11 | 6c24 6849 
  0x000002cd5c438bc8: 8bd7 488b | c848 83ec | 2040 f6c4 | 0f0f 8419 | 0000 0048 

  0x000002cd5c438bdc: ;   {runtime_call}
  0x000002cd5c438bdc: 83ec 0848 | b800 2a20 | 24fc 7f00 | 00ff d048 | 83c4 08e9 | 0c00 0000 

  0x000002cd5c438bf4: ;   {runtime_call}
  0x000002cd5c438bf4: 48b8 002a | 2024 fc7f | 0000 ffd0 | 4883 c420 | c5fb 106c | 2468 c5fb | 1064 2460 | c5fb 105c 
  0x000002cd5c438c14: 2458 c5fb | 1054 2450 | c5fb 104c | 2448 c5fb | 1044 2440 | 4c8b 5c24 | 304c 8b54 | 2428 4c8b 
  0x000002cd5c438c34: 4c24 204c | 8b44 2418 | 488b 5424 | 1048 8b4c | 2408 488b | 0424 4883 | c470 c5f8 | 7749 8b8f 
  0x000002cd5c438c54: 3004 0000 | c781 0001 | 0000 0000 | 0000 c949 | 837f 0800 | 0f85 0100 

  0x000002cd5c438c6c: ;   {runtime_call StubRoutines (initial stubs)}
  0x000002cd5c438c6c: 0000 c3e9 | 8c82 9dff | c5f8 7748 | 8945 f84c | 8be4 4883 | ec20 4883 

  0x000002cd5c438c84: ;   {runtime_call}
  0x000002cd5c438c84: e4f0 48b8 | 8020 6224 | fc7f 0000 | ffd0 498b | e44d 33e4 | 488b 45f8 | e9fe fdff | fff4 f4f4 
  0x000002cd5c438ca4: f4f4 f4f4 
[/MachCode]


Compiled method (c2) 3677850 64086       4       java.security.SecureClassLoader::defineClass (16 bytes)
 total in heap  [0x000002cd5d8c3790,0x000002cd5d8c95c0] = 24112
 relocation     [0x000002cd5d8c38f0,0x000002cd5d8c3c98] = 936
 main code      [0x000002cd5d8c3ca0,0x000002cd5d8c72e0] = 13888
 stub code      [0x000002cd5d8c72e0,0x000002cd5d8c7408] = 296
 oops           [0x000002cd5d8c7408,0x000002cd5d8c7418] = 16
 metadata       [0x000002cd5d8c7418,0x000002cd5d8c76f8] = 736
 scopes data    [0x000002cd5d8c76f8,0x000002cd5d8c88f0] = 4600
 scopes pcs     [0x000002cd5d8c88f0,0x000002cd5d8c90b0] = 1984
 dependencies   [0x000002cd5d8c90b0,0x000002cd5d8c9168] = 184
 handler table  [0x000002cd5d8c9168,0x000002cd5d8c94f8] = 912
 nul chk table  [0x000002cd5d8c94f8,0x000002cd5d8c95c0] = 200

[Constant Pool (empty)]

[MachCode]
[Entry Point]
  # {method} {0x000002cd6c03d7b0} 'defineClass' '(Ljava/lang/String;[BIILjava/security/CodeSource;)Ljava/lang/Class;' in 'java/security/SecureClassLoader'
  # this:     rdx:rdx   = 'java/security/SecureClassLoader'
  # parm0:    r8:r8     = 'java/lang/String'
  # parm1:    r9:r9     = '[B'
  # parm2:    rdi       = int
  # parm3:    rsi       = int
  # parm4:    rcx:rcx   = 'java/security/CodeSource'
  #           [sp+0xd0]  (sp of caller)
  0x000002cd5d8c3ca0: 448b 5208 | 49bb 0000 | 0000 0800 | 0000 4d03 | d349 3bc2 

  0x000002cd5d8c3cb4: ;   {runtime_call ic_miss_stub}
  0x000002cd5d8c3cb4: 0f85 c6aa | 59fe 6690 | 0f1f 4000 
[Verified Entry Point]
  0x000002cd5d8c3cc0: 8984 2400 | 80ff ff55 | 4881 ecc0 | 0000 0090 | 4181 7f20 | 5900 0000 | 0f85 f235 | 0000 8974 
  0x000002cd5d8c3ce0: 243c 897c | 2438 4c89 | 4c24 304c | 8944 2420 | 4889 5424 | 2848 8be9 | 0f1f 8400 | 0000 0000 
  0x000002cd5d8c3d00: 4885 c90f | 841f 2500 | 004d 8b87 | b801 0000 | 4d8b d049 | 83c2 1066 | 0f1f 8400 | 0000 0000 
  0x000002cd5d8c3d20: 4d3b 97c8 | 0100 000f | 83f8 1e00 | 004d 8997 | b801 0000 | 410f 0d8a | c000 0000 | 49c7 0001 
  0x000002cd5d8c3d40: ;   {metadata('java/security/SecureClassLoader$CodeSourceKey')}
  0x000002cd5d8c3d40: 0000 0041 | c740 08a8 | a809 004c | 8bdd 49c1 | eb03 4589 | 580c 4d8b | 8fb8 0100 | 004c 8b54 
  0x000002cd5d8c3d60: 2428 418b | 6a50 4d8b | d149 83c2 | 104d 3b97 | c801 0000 | 0f83 7e1e | 0000 4d89 | 97b8 0100 
  0x000002cd5d8c3d80: 0041 0f0d | 8ac0 0000 | 0049 c701 | 0100 0000 

  0x000002cd5d8c3d90: ;   {metadata('java/security/SecureClassLoader$1')}
  0x000002cd5d8c3d90: 41c7 4108 | e8aa 0900 | 4c8b 5424 | 284d 8bda | 49c1 eb03 | 4589 590c 

  0x000002cd5d8c3da8: ; implicit exception: dispatches to 0x000002cd5d8c6e2a
  0x000002cd5d8c3da8: 458b 5cec 

  0x000002cd5d8c3dac: ;   {metadata('java/util/concurrent/ConcurrentHashMap')}
  0x000002cd5d8c3dac: 0841 81fb | 7063 0500 | 0f85 8e23 | 0000 498d | 14ec 6690 

  0x000002cd5d8c3dc0: ;   {optimized virtual_call}
  0x000002cd5d8c3dc0: c5f8 77e8 

  0x000002cd5d8c3dc4: ; ImmutableOopMap {[32]=Oop [40]=Oop [48]=Oop }
                      ;*invokeinterface computeIfAbsent {reexecute=0 rethrow=0 return_oop=1}
                      ; - java.security.SecureClassLoader::getProtectionDomain@28
                      ; - java.security.SecureClassLoader::defineClass@9
  0x000002cd5d8c3dc4: f86d ecfe 

  0x000002cd5d8c3dc8: ;   {other}
  0x000002cd5d8c3dc8: 0f1f 8400 | 3806 0000 

  0x000002cd5d8c3dd0: ; implicit exception: dispatches to 0x000002cd5d8c6e48
  0x000002cd5d8c3dd0: 448b 5008 | 0f1f 8400 | 0000 0000 | 6666 6690 

  0x000002cd5d8c3de0: ;   {metadata('java/security/ProtectionDomain')}
  0x000002cd5d8c3de0: 4181 fa78 | 4604 000f | 850f 2f00 | 0048 8944 | 2448 4c8b | 7424 2045 | 8b56 14c4 | c179 6ec2 
  0x000002cd5d8c3e00: ; implicit exception: dispatches to 0x000002cd5d8c6e6c
  0x000002cd5d8c3e00: 478b 44d4 | 0c45 85c0 | 0f86 5a23 | 0000 450f | be5e 1045 | 85db 0f85 | c423 0000 | c442 22f7 
  0x000002cd5d8c3e20: d844 895c | 2444 453b | d845 8bd3 | 450f 4fd0 | c4c1 797e | c14f 8d1c | cc4f 8d4c | cc10 4c89 
  0x000002cd5d8c3e40: 4c24 5845 | 85d2 0f8e | d000 0000 | 453b c20f | 822f 2300 | 00b8 2f00 | 0000 498b | f941 8bd2 
  0x000002cd5d8c3e60: 488b df83 | fa10 0f8c | 7900 0000 | 83fa 200f | 8c36 0000 | 00c5 f96e | d0c4 e27d | 78d2 c5e5 
  0x000002cd5d8c3e80: efdb 8bca | 83e1 e083 | e21f c5fe | 6f0b c5f5 | 74ca c4e2 | 7d17 d90f | 8369 0000 | 0048 83c3 
  0x000002cd5d8c3ea0: 2083 e920 | 75e4 e90d | 0000 00c5 | f96e d0c5 | e1ef dbc4 | e269 00d3 | 83fa 100f | 8c24 0000 
  0x000002cd5d8c3ec0: 008b ca83 | e1f0 83e2 | 0fc5 fa6f | 0bc5 f174 | cac4 e279 | 17d9 0f83 | 2a00 0000 

  0x000002cd5d8c3edc: ;   {no_reloc}
  0x000002cd5d8c3edc: 4883 c310 | 83e9 1075 | e485 d20f | 8412 0000 | 000f b60b | 3bc1 741c | 4883 c301 | 83ea 0174 
  0x000002cd5d8c3efc: 02eb eebb | ffff ffff | eb0d c5fd | d7c9 0fbc | c148 03d8 | 482b df83 | fbff 0f85 | ec22 0000 
  0x000002cd5d8c3f1c: 410f b629 | 83fd 5b0f | 8417 2300 | 0044 8b54 | 2444 4183 | c2fb 4585 | d27c 1345 | 0fbe 090f 
  0x000002cd5d8c3f3c: 1f44 0000 | 4183 f96a | 0f84 a10d | 0000 4c8b | 6c24 284c | 8b54 2448 | 458b 4a10 | 4489 4c24 
  0x000002cd5d8c3f5c: 4041 8bc8 | ffc9 448b | 5424 4441 | ffca 443b | d144 0f4f | d145 85d2 | 0f8c 6a0e | 0000 be01 
  0x000002cd5d8c3f7c: 0000 0090 | 453b d00f | 83f6 1f00 | 0043 807c | 1310 2e74 | 1a49 8b8f | 5804 0000 | 41ff ca4d 
  0x000002cd5d8c3f9c: ; ImmutableOopMap {r11=Oop [88]=Derived_oop_r11 r9=Oop r13=Oop r14=Oop xmm0=NarrowOop [40]=Oop [48]=Oop [64]=NarrowOop [72]=Oop }
                      ;*goto {reexecute=1 rethrow=0 return_oop=0}
                      ; - (reexecute) java.lang.StringLatin1::lastIndexOf@35
                      ; - java.lang.String::lastIndexOf@13
                      ; - java.lang.String::lastIndexOf@8
                      ; - java.lang.ClassLoader::checkCerts@3
                      ; - java.lang.ClassLoader::preDefineClass@113
                      ; - java.lang.ClassLoader::defineClass@4
                      ; - java.security.SecureClassLoader::defineClass@12
                      ;   {poll}
  0x000002cd5d8c3f9c: 8bce 8501 | 4585 d27d | db41 baff | ffff ff41 | 83fa ff0f | 84a7 2200 | 0045 85d2 | 0f8c 5f20 
  0x000002cd5d8c3fbc: 0000 6690 | 443b 5424 | 440f 8fbd | 2200 0044 | 3b54 2444 | 0f84 c20d | 0000 4585 | d20f 8416 
  0x000002cd5d8c3fdc: 0e00 0049 | 8b9f b801 | 0000 4c8b | cb49 83c1 | 184d 3b8f | c801 0000 | 0f83 951c | 0000 4d89 
  0x000002cd5d8c3ffc: 8fb8 0100 | 0041 0f0d | 89c0 0000 | 0048 c703 | 0100 0000 

  0x000002cd5d8c4010: ;   {metadata('java/lang/String')}
  0x000002cd5d8c4010: c743 0890 | 2004 0044 | 8963 0c4c | 8963 1090 | 453b d00f | 84e8 0000 | 0041 81fa | 0000 1000 
  0x000002cd5d8c4030: 0f87 8a23 | 0000 4d63 | ca45 3bc2 | 418b e841 | 0f4f ea44 | 3bc5 0f82 | e823 0000 | 443b d50f 
  0x000002cd5d8c4050: 82df 2300 | 0049 83c1 | 174d 8bc1 | 4983 e0f8 | 4181 fa00 | 0010 000f | 8725 1e00 | 0049 8b97 
  0x000002cd5d8c4070: b801 0000 | 488b ca49 | 03c8 660f | 1f44 0000 | 493b 8fc8 | 0100 000f | 8305 1e00 | 0049 898f 
  0x000002cd5d8c4090: b801 0000 | 0f0d 89c0 | 0000 0048 | c702 0100 | 0000 0f0d | 8900 0100 

  0x000002cd5d8c40a8: ;   {metadata({type array byte})}
  0x000002cd5d8c40a8: 00c7 4208 | c80a 0400 | 4489 520c | 0f0d 8940 | 0100 000f | 0d89 8001 | 0000 4c8b | da49 83c3 
  0x000002cd5d8c40c8: 1049 c1e9 | 0385 ed0f | 84f3 2200 | 0041 3bea | 0f8c 0714 | 0000 488b | fa49 83c0 | f049 c1e8 
  0x000002cd5d8c40e8: 0348 8b4c | 2458 498b | d3c5 f877 | 49ba 6099 | e45b cd02 | 0000 41ff 

  0x000002cd5d8c4100: ;   {other}
  0x000002cd5d8c4100: d20f 1f84 | 0000 0000 | 0048 8bd7 | e9ce 0000 | 004d 63d0 | 0f1f 8400 | 0000 0000 | 6666 6690 
  0x000002cd5d8c4120: 4181 f800 | 0010 000f | 8752 1c00 | 0049 8bbf | b801 0000 | 4d8d 4a17 | 4983 e1f8 | 488b cf49 
  0x000002cd5d8c4140: 03c9 493b | 8fc8 0100 | 000f 8330 | 1c00 0049 | 898f b801 | 0000 0f0d | 89c0 0000 | 0048 c707 
  0x000002cd5d8c4160: 0100 0000 | 0f0d 8900 

  0x000002cd5d8c4168: ;   {metadata({type array byte})}
  0x000002cd5d8c4168: 0100 00c7 | 4708 c80a | 0400 4489 | 470c 0f0d | 8940 0100 | 000f 0d89 | 8001 0000 | 498b ee89 
  0x000002cd5d8c4188: 7424 244c | 896c 2460 | 4889 5c24 | 684c 8954 | 2470 488b | d748 83c2 | 104c 8b44 | 2470 4983 
  0x000002cd5d8c41a8: c007 49c1 | e803 488b | 4c24 58c5 | f877 49ba | 6099 e45b | cd02 0000 

  0x000002cd5d8c41c0: ;   {other}
  0x000002cd5d8c41c0: 41ff d20f | 1f84 0000 | 0000 004c | 8bf5 8b74 | 2424 4c8b | 6c24 6048 | 8b5c 2468 | 488b d790 
  0x000002cd5d8c41e0: 4180 7f40 | 000f 851a | 0c00 004c | 8bd3 4c8b | da49 c1eb | 0344 895b | 144c 8bda | 4d33 da49 
  0x000002cd5d8c4200: c1eb 154d | 85db 7421 | 49c1 ea09 | 48b9 0000 | c160 cd02 | 0000 4903 | ca0f 1f80 | 0000 0000 
  0x000002cd5d8c4220: 8039 020f | 8516 0c00 | 0044 8863 | 1044 8b5c | 2440 478b | 54dc 1466 | 0f1f 8400 | 0000 0000 
  0x000002cd5d8c4240: 4585 d20f | 858f 0d00 | 0047 8b44 | dc10 4585 | c00f 8535 | 0e00 0049 | b800 00c1 | 60cd 0200 
  0x000002cd5d8c4260: ;   {oop(a 'java/security/cert/Certificate'[0] {0x0000000700498230})}
  0x000002cd5d8c4260: 0049 ba30 | 8249 0007 | 0000 0045 | 8b5d 2c45 | 85db 0f84 | 811e 0000 | 4c89 5424 | 584c 8944 
  0x000002cd5d8c4280: 2450 4c89 | 6c24 404c | 8974 2420 | 4b8d 14dc | 4c8b c34d | 8bca 8bfe | 498b ee90 

  0x000002cd5d8c429c: ;   {optimized virtual_call}
  0x000002cd5d8c429c: c5f8 77e8 

  0x000002cd5d8c42a0: ; ImmutableOopMap {rbp=Oop [32]=Oop [40]=Oop [48]=Oop [64]=Oop [72]=Oop [88]=Oop }
                      ;*invokevirtual putVal {reexecute=0 rethrow=0 return_oop=1}
                      ; - java.util.concurrent.ConcurrentHashMap::putIfAbsent@4
                      ; - java.lang.ClassLoader::checkCerts@62
                      ; - java.lang.ClassLoader::preDefineClass@113
                      ; - java.lang.ClassLoader::defineClass@4
                      ; - java.security.SecureClassLoader::defineClass@12
  0x000002cd5d8c42a0: 1c28 1cff 

  0x000002cd5d8c42a4: ;   {other}
  0x000002cd5d8c42a4: 0f1f 8400 | 140b 0002 | 4885 c074 | 4144 8b50 | 0866 6666 | 0f1f 8400 | 0000 0000 

  0x000002cd5d8c42c0: ;   {metadata('java/security/cert/Certificate'[])}
  0x000002cd5d8c42c0: 4181 fa18 | 2e03 000f | 856f 2a00 | 004c 8bc8 | 488b 4c24 | 5844 8b41 | 0c45 8b59 | 0c66 6690 
  0x000002cd5d8c42e0: 4585 c00f | 87e8 1600 | 0045 85db | 0f87 c61f | 0000 4c8b | 5c24 4845 | 8b43 100f | 1f44 0000 
  0x000002cd5d8c4300: ; implicit exception: dispatches to 0x000002cd5d8c6f68
  0x000002cd5d8c4300: 438b 6cc4 | 0c45 8b54 | ec38 4585 | d20f 8405 | 1e00 0048 | ff74 2448 | 488f 4424 | 404b 8d14 
  0x000002cd5d8c4320: d44d 8d04 | ec66 6690 

  0x000002cd5d8c4328: ;   {optimized virtual_call}
  0x000002cd5d8c4328: c5f8 77e8 

  0x000002cd5d8c432c: ; ImmutableOopMap {[32]=Oop [40]=Oop [48]=Oop [64]=Oop [72]=Oop }
                      ;*invokevirtual toExternalForm {reexecute=0 rethrow=0 return_oop=1}
                      ; - java.net.URL::toExternalForm@5
                      ; - java.net.URL::toString@1
                      ; - java.lang.ClassLoader::defineClassSourceLocation@22
                      ; - java.lang.ClassLoader::defineClass@12
                      ; - java.security.SecureClassLoader::defineClass@12
  0x000002cd5d8c432c: f07c bafe 

  0x000002cd5d8c4330: ;   {other}
  0x000002cd5d8c4330: 0f1f 8400 | a00b 0003 | 488b 5424 | 284c 8b44 | 2420 4c8b | 4c24 308b | 7c24 388b | 7424 3c48 
  0x000002cd5d8c4350: 8b4c 2448 | 4889 0424 

  0x000002cd5d8c4358: ;   {static_call}
  0x000002cd5d8c4358: c5f8 77e8 

  0x000002cd5d8c435c: ; ImmutableOopMap {[40]=Oop [64]=Oop [72]=Oop }
                      ;*invokestatic defineClass1 {reexecute=0 rethrow=0 return_oop=1}
                      ; - java.lang.ClassLoader::defineClass@27
                      ; - java.security.SecureClassLoader::defineClass@12
  0x000002cd5d8c435c: 8045 b7fe 

  0x000002cd5d8c4360: ;   {other}
  0x000002cd5d8c4360: 0f1f 8400 | d00b 0004 | 4889 4424 | 2044 8b50 | 3c45 85d2 | 7409 4b8d | 1cd4 e939 | 0300 004c 
  0x000002cd5d8c4380: 8b50 1045 | 8b5a 0845 | 85db 0f8c | 1c1e 0000 | 448b 502c | 4585 d20f | 8410 0a00 | 004b 8d0c 
  0x000002cd5d8c43a0: d444 8b59 | 1447 8b44 | dc0c 440f | be51 10c4 | c22a f7d8 | 448b cb41 | ffc9 660f | 1f44 0000 
  0x000002cd5d8c43c0: 4585 d20f | 85bb 2000 | 004b 8d2c | dc45 8bd0 | 41ff ca45 | 3bd1 450f | 4fd1 4585 | d27c 2690 
  0x000002cd5d8c43e0: 453b d00f | 8310 1c00 | 0042 807c | 1510 2e74 | 1a4d 8b8f | 5804 0000 

  0x000002cd5d8c43f8: ; ImmutableOopMap {r11=NarrowOop rcx=Oop rbp=Oop [32]=Oop [40]=Oop [64]=Oop }
                      ;*goto {reexecute=1 rethrow=0 return_oop=0}
                      ; - (reexecute) java.lang.StringLatin1::lastIndexOf@35
                      ; - java.lang.String::lastIndexOf@13
                      ; - java.lang.String::lastIndexOf@8
                      ; - java.lang.Class::getPackageName@47
                      ; - java.lang.ClassLoader::postDefineClass@2
                      ; - java.lang.ClassLoader::defineClass@37
                      ; - java.security.SecureClassLoader::defineClass@12
                      ;   {poll}
  0x000002cd5d8c43f8: 41ff ca41 | 8501 6690 | 4585 d27d | db41 baff | ffff ff41 | 83fa ff0f | 84c3 2000 | 0045 85d2 
  0x000002cd5d8c4418: 0f8c 5e1c | 0000 6690 | 443b d30f | 8fdb 2000 | 0044 3bd3 | 0f84 7309 | 0000 4585 | d20f 8455 
  0x000002cd5d8c4438: 0a00 0049 | 8b9f b801 | 0000 4c8b | cb49 83c1 | 184d 3b8f | c801 0000 | 0f83 e618 | 0000 4d89 
  0x000002cd5d8c4458: 8fb8 0100 | 0041 0f0d | 89c0 0000 | 0048 c703 | 0100 0000 

  0x000002cd5d8c446c: ;   {metadata('java/lang/String')}
  0x000002cd5d8c446c: c743 0890 | 2004 0044 | 8963 0c4c | 8963 104f | 8d4c dc10 | 453b d00f | 84eb 0000 | 0041 81fa 
  0x000002cd5d8c448c: 0000 1000 | 0f87 cf20 | 0000 4963 | ca45 3bc2 | 418b d041 | 0f4f d289 | 5424 3444 | 3bc2 0f82 
  0x000002cd5d8c44ac: 2621 0000 | 443b d20f | 821d 2100 | 0048 83c1 | 174c 8bc1 | 4983 e0f8 | 4181 fa00 | 0010 000f 
  0x000002cd5d8c44cc: 87cf 1a00 | 0049 8bb7 | b801 0000 | 4c8b de4d | 03d8 6690 | 4d3b 9fc8 | 0100 000f | 83b3 1a00 
  0x000002cd5d8c44ec: 004d 899f | b801 0000 | 410f 0d8b | c000 0000 | 48c7 0601 | 0000 0041 | 0f0d 8b00 

  0x000002cd5d8c4508: ;   {metadata({type array byte})}
  0x000002cd5d8c4508: 0100 00c7 | 4608 c80a | 0400 4489 | 560c 410f | 0d8b 4001 | 0000 410f | 0d8b 8001 | 0000 4c8b 
  0x000002cd5d8c4528: de49 83c3 | 1048 c1e9 | 038b 6c24 | 3485 ed0f | 8430 2000 | 0066 6690 | 413b ea0f | 8ce0 1300 
  0x000002cd5d8c4548: 0049 83c0 | f049 c1e8 | 0349 8bc9 | 498b d3c5 | f877 49ba | 6099 e45b | cd02 0000 

  0x000002cd5d8c4564: ;   {other}
  0x000002cd5d8c4564: 41ff d20f | 1f84 0000 | 0000 00e9 | 9d00 0000 | 4963 f866 | 0f1f 8400 | 0000 0000 | 4181 f800 
  0x000002cd5d8c4584: 0010 000f | 87ab 1900 | 0049 8bb7 | b801 0000 | 4c8d 5717 | 4983 e2f8 | 488b ce49 | 03ca 493b 
  0x000002cd5d8c45a4: 8fc8 0100 | 000f 8389 | 1900 0049 | 898f b801 | 0000 0f0d | 89c0 0000 | 0048 c706 | 0100 0000 
  0x000002cd5d8c45c4: 0f0d 8900 

  0x000002cd5d8c45c8: ;   {metadata({type array byte})}
  0x000002cd5d8c45c8: 0100 00c7 | 4608 c80a | 0400 4489 | 460c 0f0d | 8940 0100 | 000f 0d89 | 8001 0000 | 488b d648 
  0x000002cd5d8c45e8: 83c2 1048 | 83c7 0748 | c1ef 0349 | 8bc9 4c8b | c7c5 f877 | 49ba 6099 | e45b cd02 | 0000 41ff 
  0x000002cd5d8c4608: ;   {other}
  0x000002cd5d8c4608: d20f 1f84 | 0000 0000 | 0041 807f | 4000 0f85 | 3409 0000 | 4c8b de49 | c1eb 0344 | 895b 144c 
  0x000002cd5d8c4628: 8bd3 4c8b | de4d 33da | 49c1 eb15 | 4d85 db74 | 1a49 c1ea | 0948 b900 | 00c1 60cd | 0200 0049 
  0x000002cd5d8c4648: 03ca 8039 | 020f 8534 | 0900 0044 | 8863 1048 | 8bd3 6690 

  0x000002cd5d8c465c: ;   {optimized virtual_call}
  0x000002cd5d8c465c: c5f8 77e8 

  0x000002cd5d8c4660: ; ImmutableOopMap {[32]=Oop [40]=Oop [64]=Oop }
                      ;*invokevirtual intern {reexecute=0 rethrow=0 return_oop=1}
                      ; - java.lang.Class::getPackageName@65
                      ; - java.lang.ClassLoader::postDefineClass@2
                      ; - java.lang.ClassLoader::defineClass@37
                      ; - java.security.SecureClassLoader::defineClass@12
  0x000002cd5d8c4660: 7c12 b1fe 

  0x000002cd5d8c4664: ;   {other}
  0x000002cd5d8c4664: 0f1f 8400 | d40e 0006 | 488b d841 | 807f 4000 | 0f85 2508 | 0000 4c8b | db49 c1eb | 034c 8b54 
  0x000002cd5d8c4684: 2420 4589 | 5a3c 4c8b | db4d 33da | 49c1 eb15 | 4d85 db74 | 1f48 85db | 741a 49c1 | ea09 48b9 
  0x000002cd5d8c46a4: 0000 c160 | cd02 0000 | 4903 ca80 | 3902 0f85 | 2708 0000 | 4c8b 4c24 | 2841 8b71 | 3885 f60f 
  0x000002cd5d8c46c4: 8467 1a00 | 004c 8bf3 

  0x000002cd5d8c46cc: ; implicit exception: dispatches to 0x000002cd5d8c6e9c
  0x000002cd5d8c46cc: 8b5b 0c4c | 8b54 2420 | 418b 4a30 | 4c8b e949 | c1e5 0390 | 85db 0f85 | 2402 0000 | 450f b65e 
  0x000002cd5d8c46ec: 1145 85db | 0f85 f806 | 0000 418b | 6e14 660f | 1f44 0000 | 4180 7e10 | 000f 858d | 1400 0041 
  0x000002cd5d8c470c: 8b54 ec0c | 4d8d 14ec | 498d 7cec | 100f 1f80 | 0000 0000 | 83fa 020f | 8c07 0800 | 0033 db83 
  0x000002cd5d8c472c: fa20 0f8c | 7501 0000 | 4533 dbc5 | d5ef edc5 | cdef f6c5 | c5ef ffc4 | 413d efc0 

  0x000002cd5d8c4748: ;   {external_word}
  0x000002cd5d8c4748: 49ba e056 | 8c24 fc7f | 0000 458b | 02c4 c179 | 6ec0 c4e2 | 7d58 c044 | 8bd2 4183 | e2e0 410f 
  0x000002cd5d8c4768: afd8 c421 | 7a7e 0c1f | c421 7a7e | 541f 08c4 | 217a 7e5c | 1f10 c421 | 7a7e 641f | 18c4 e255 
  0x000002cd5d8c4788: 40e8 c442 | 7d31 c9c4 | c155 fee9 | c4e2 4d40 | f0c4 427d | 31d2 c4c1 | 4dfe f2c4 | e245 40f8 
  0x000002cd5d8c47a8: c442 7d31 | dbc4 c145 | fefb c462 | 3d40 c0c4 | 427d 31e4 | c441 3dfe | c441 83c3 | 2045 3bda 
  0x000002cd5d8c47c8: 7c9c 4a8d | 3c17 412b 

  0x000002cd5d8c47d0: ;   {external_word}
  0x000002cd5d8c47d0: d249 bae4 | 568c 24fc | 7f00 00c4 | c17e 6f0a | c4e2 5540 

  0x000002cd5d8c47e4: ;   {external_word}
  0x000002cd5d8c47e4: e949 ba04 | 578c 24fc | 7f00 00c4 | c17e 6f12 | c4e2 4d40 

  0x000002cd5d8c47f8: ;   {external_word}
  0x000002cd5d8c47f8: f249 ba24 | 578c 24fc | 7f00 00c4 | c17e 6f1a | c4e2 4540 

  0x000002cd5d8c480c: ;   {external_word}
  0x000002cd5d8c480c: fb49 ba44 | 578c 24fc | 7f00 00c4 | c17e 6f22 | c462 3d40 | c4c4 6255 | 02cd c443 | 7d39 ca01 
  0x000002cd5d8c482c: c441 31fe | cac4 4231 | 02c9 c579 | 6ed3 c441 | 31fe cac5 | 797e cbc4 | 624d 02de | c443 7d39 
  0x000002cd5d8c484c: dc01 c441 | 21fe dcc4 | 4221 02db | c579 6ee3 | c441 21fe | dcc5 797e | dbc4 6245 | 02cf c443 
  0x000002cd5d8c486c: 7d39 ca01 | c441 31fe | cac4 4231 | 02c9 c579 | 6ed3 c441 | 31fe cac5 | 797e cbc4 | 423d 02d8 
  0x000002cd5d8c488c: c443 7d39 | dc01 c441 | 21fe dcc4 | 4221 02db | c579 6ee3 | c441 21fe | dcc5 797e | db41 bb01 
  0x000002cd5d8c48ac: 0000 0044 | 3bda 0f8d | 2e00 0000 | 41b8 c103 | 0000 410f | afd8 460f | b654 1fff | 458b c241 
  0x000002cd5d8c48cc: c1e0 0545 | 2bc2 4103 | d846 0fb6 | 041f 4103 | d841 83c3 | 0244 3bda | 7cd2 7f12 | 448b d3c1 
  0x000002cd5d8c48ec: e305 412b | da46 0fb6 | 441f ff41 | 03d8 660f | 1f44 0000 | 85db 0f84 | bd10 0000 | 4189 5e0c 
  0x000002cd5d8c490c: ;   {no_reloc}
  0x000002cd5d8c490c: 458b 44f4 | 2845 85c0 | 0f84 3701 | 0000 438b | 6cc4 0c90 | 85ed 0f86 | bc19 0000 | 448b d341 
  0x000002cd5d8c492c: c1ea 1044 | 33d3 4f8d | 1cc4 4181 | e2ff ffff | 7fff cd41 | 23ea 4c63 | c547 8b44 | 8310 4585 
  0x000002cd5d8c494c: c00f 84fe | 0000 0047 | 8b5c c40c | 4b8d 3cc4 | 0f1f 4000 | 453b da0f | 848f 0200 | 0045 85db 
  0x000002cd5d8c496c: 0f8c 5314 | 0000 448b | 4718 4585 | c00f 84d2 | 0000 0049 | c1e0 0341 | 8b58 0c49 | 8b97 5804 
  0x000002cd5d8c498c: ; ImmutableOopMap {r8=Oop r9=Oop rcx=NarrowOop r13=Oop r14=Oop [32]=Oop [64]=Oop }
                      ;*if_icmpne {reexecute=1 rethrow=0 return_oop=0}
                      ; - (reexecute) java.util.concurrent.ConcurrentHashMap::get@127
                      ; - java.lang.ClassLoader::getNamedPackage@5
                      ; - java.lang.ClassLoader::postDefineClass@9
                      ; - java.lang.ClassLoader::defineClass@37
                      ; - java.security.SecureClassLoader::defineClass@12
                      ;   {poll}
  0x000002cd5d8c498c: 0000 8502 | 413b da74 | 1a45 8b58 | 180f 1f80 | 0000 0000 | 4585 db0f | 84a8 0000 | 004f 8d04 
  0x000002cd5d8c49ac: dceb d441 | 8b68 104c | 8bdd 49c1 | e303 660f | 1f44 0000 | 4d3b de0f | 847c 0000 | 0085 ed0f 
  0x000002cd5d8c49cc: 84eb 1e00 | 004c 8944 | 2458 4489 | 5424 3c4c | 896c 2448 | 894c 2438 | 4c89 7424 | 304c 8b54 
  0x000002cd5d8c49ec: 2420 4c89 | 4c24 204d | 8d04 ec49 | 8bd6 498b | ea66 6690 

  0x000002cd5d8c4a00: ;   {optimized virtual_call}
  0x000002cd5d8c4a00: c5f8 77e8 

  0x000002cd5d8c4a04: ; ImmutableOopMap {rbp=Oop [32]=Oop [48]=Oop [56]=NarrowOop [64]=Oop [72]=Oop [88]=Oop }
                      ;*invokevirtual equals {reexecute=0 rethrow=0 return_oop=0}
                      ; - java.util.concurrent.ConcurrentHashMap::get@149
                      ; - java.lang.ClassLoader::getNamedPackage@5
                      ; - java.lang.ClassLoader::postDefineClass@9
                      ; - java.lang.ClassLoader::defineClass@37
                      ; - java.security.SecureClassLoader::defineClass@12
  0x000002cd5d8c4a04: b8dd f2fe 

  0x000002cd5d8c4a08: ;   {other}
  0x000002cd5d8c4a08: 0f1f 8400 | 7812 0008 | 4d8b 9758 

  0x000002cd5d8c4a14: ; ImmutableOopMap {rbp=Oop [32]=Oop [48]=Oop [56]=NarrowOop [64]=Oop [72]=Oop [88]=Oop }
                      ;*ifeq {reexecute=1 rethrow=0 return_oop=0}
                      ; - (reexecute) java.util.concurrent.ConcurrentHashMap::get@152
                      ; - java.lang.ClassLoader::getNamedPackage@5
                      ; - java.lang.ClassLoader::postDefineClass@9
                      ; - java.lang.ClassLoader::defineClass@37
                      ; - java.security.SecureClassLoader::defineClass@12
                      ;   {poll}
  0x000002cd5d8c4a14: 0400 0041 | 8502 660f | 1f44 0000 | 85c0 0f84 | 4012 0000 | 4c8b 4c24 | 2048 896c | 2420 4c8b 
  0x000002cd5d8c4a34: 7424 308b | 4c24 384c | 8b6c 2448 | 4c8b 4424 | 5841 8b68 | 1485 ed0f | 8526 0200 | 0049 8b87 
  0x000002cd5d8c4a54: b801 0000 | 4c8b d049 | 83c2 1890 | 4d3b 97c8 | 0100 000f | 83e3 1300 | 004d 8997 | b801 0000 
  0x000002cd5d8c4a74: 410f 0d8a | c000 0000 | 48c7 0001 

  0x000002cd5d8c4a80: ;   {metadata('java/lang/NamedPackage')}
  0x000002cd5d8c4a80: 0000 00c7 | 4008 a897 | 0900 4489 | 600c 4c89 | 6010 458b | 5614 478b | 5cd4 0c0f | 1f44 0000 
  0x000002cd5d8c4aa0: 4585 db0f | 86e3 1800 | 0048 8be8 | 4c89 6c24 | 4889 4c24 | 384c 8974 | 2430 4c89 | 4c24 2849 
  0x000002cd5d8c4ac0: 8bd6 6690 

  0x000002cd5d8c4ac4: ;   {optimized virtual_call}
  0x000002cd5d8c4ac4: c5f8 77e8 

  0x000002cd5d8c4ac8: ; ImmutableOopMap {rbp=Oop [32]=Oop [40]=Oop [48]=Oop [56]=NarrowOop [64]=Oop [72]=Oop }
                      ;*invokevirtual intern {reexecute=0 rethrow=0 return_oop=1}
                      ; - java.lang.NamedPackage::<init>@47
                      ; - java.lang.ClassLoader::getNamedPackage@22
                      ; - java.lang.ClassLoader::postDefineClass@9
                      ; - java.lang.ClassLoader::defineClass@37
                      ; - java.security.SecureClassLoader::defineClass@12
  0x000002cd5d8c4ac8: b49f 59fe 

  0x000002cd5d8c4acc: ;   {other}
  0x000002cd5d8c4acc: 0f1f 8400 | 3c13 000a | 488b d866 | 0f1f 8400 | 0000 0000 | 4180 7f40 | 000f 8508 | 0900 0048 
  0x000002cd5d8c4aec: 8bfd 4c8b | db49 c1eb | 0344 895f | 0c4c 8bd7 | 4c8b db4d | 33da 49c1 | eb15 4d85 | db74 1f48 
  0x000002cd5d8c4b0c: 85db 741a | 49c1 ea09 | 48b9 0000 | c160 cd02 | 0000 4903 | ca80 3902 | 0f85 1309 | 0000 4180 
  0x000002cd5d8c4b2c: 7f40 000f | 857f 0800 | 008b 5c24 | 3889 5f10 | 488b 6c24 | 484c 8bd5 | 4c8b df4d | 33d3 49c1 
  0x000002cd5d8c4b4c: ea15 4d85 | d274 1e85 | db74 1a49 | c1eb 0948 | b900 00c1 | 60cd 0200 | 0049 03cb | 8039 020f 
  0x000002cd5d8c4b6c: 851d 0900 | 004c 8b5c | 2428 458b | 5338 660f | 1f44 0000 | 4585 d20f | 84cb 1700 | 0048 897c 
  0x000002cd5d8c4b8c: 2448 4b8d | 14d4 4c8b | 4424 304c | 8bcf 6690 

  0x000002cd5d8c4b9c: ;   {optimized virtual_call}
  0x000002cd5d8c4b9c: c5f8 77e8 

  0x000002cd5d8c4ba0: ; ImmutableOopMap {rbp=Oop [32]=Oop [40]=Oop [56]=NarrowOop [64]=Oop [72]=Oop }
                      ;*invokevirtual putIfAbsent {reexecute=0 rethrow=0 return_oop=1}
                      ; - java.lang.ClassLoader::getNamedPackage@32
                      ; - java.lang.ClassLoader::postDefineClass@9
                      ; - java.lang.ClassLoader::defineClass@37
                      ; - java.security.SecureClassLoader::defineClass@12
  0x000002cd5d8c4ba0: dc9e 59fe 

  0x000002cd5d8c4ba4: ;   {other}
  0x000002cd5d8c4ba4: 0f1f 8400 | 1414 000b | 4885 c00f | 847e 0800 | 0044 8b50 | 0849 bb00 | 0000 0008 | 0000 004d 
  0x000002cd5d8c4bc4: 03da 4d8b 

  0x000002cd5d8c4bc8: ;   {metadata('java/lang/NamedPackage')}
  0x000002cd5d8c4bc8: 5338 49bb | a897 0900 | 0800 0000 | 4d3b d30f | 8497 1700 | 00ba deff | ffff 488b | e866 6690 
  0x000002cd5d8c4be8: ;   {runtime_call UncommonTrapBlob}
  0x000002cd5d8c4be8: c5f8 77e8 

  0x000002cd5d8c4bec: ; ImmutableOopMap {rbp=Oop }
                      ;*checkcast {reexecute=0 rethrow=0 return_oop=0}
                      ; - java.lang.ClassLoader::getNamedPackage@35
                      ; - java.lang.ClassLoader::postDefineClass@9
                      ; - java.lang.ClassLoader::defineClass@37
                      ; - java.security.SecureClassLoader::defineClass@12
  0x000002cd5d8c4bec: 90f7 59fe 

  0x000002cd5d8c4bf0: ;   {other}
  0x000002cd5d8c4bf0: 0f1f 8400 | 6014 000c | 438b 6cc4 | 104c 8bdd | 49c1 e303 | 4d3b de0f | 845d 0000 | 0085 ed0f 
  0x000002cd5d8c4c10: 84ab 1b00 | 0048 897c | 2460 4489 | 4424 5844 | 8954 243c | 4c89 6c24 | 4889 4c24 | 384c 894c 
  0x000002cd5d8c4c30: 2428 4d8d | 04ec 498b | d649 8bee 

  0x000002cd5d8c4c3c: ;   {optimized virtual_call}
  0x000002cd5d8c4c3c: c5f8 77e8 

  0x000002cd5d8c4c40: ; ImmutableOopMap {rbp=Oop [32]=Oop [40]=Oop [56]=NarrowOop [64]=Oop [72]=Oop [88]=NarrowOop [96]=Oop }
                      ;*invokevirtual equals {reexecute=0 rethrow=0 return_oop=0}
                      ; - java.util.concurrent.ConcurrentHashMap::get@73
                      ; - java.lang.ClassLoader::getNamedPackage@5
                      ; - java.lang.ClassLoader::postDefineClass@9
                      ; - java.lang.ClassLoader::defineClass@37
                      ; - java.security.SecureClassLoader::defineClass@12
  0x000002cd5d8c4c40: 7cdb f2fe 

  0x000002cd5d8c4c44: ;   {other}
  0x000002cd5d8c4c44: 0f1f 8400 | b414 000d | 85c0 0f84 | f40f 0000 | 4c8b 4c24 | 284c 8bf5 | 8b4c 2438 | 4c8b 6c24 
  0x000002cd5d8c4c64: 4844 8b44 | 2458 438b | 6cc4 1485 | ed0f 84da | fdff ff45 | 8b5c ec08 | 49ba 0000 | 0000 0800 
  0x000002cd5d8c4c84: 0000 4d03 | d34d 8b52 

  0x000002cd5d8c4c8c: ;   {metadata('java/lang/NamedPackage')}
  0x000002cd5d8c4c8c: 3849 bba8 | 9709 0008 | 0000 0066 | 0f1f 8400 | 0000 0000 | 4d3b d30f | 851f 1500 | 004c 8b54 
  0x000002cd5d8c4cac: 2440 458b | 5a10 438b | 5cdc 1485 | db0f 8506 | 0900 0047 | 8b54 dc10 | 4585 d20f | 85a6 0900 
  0x000002cd5d8c4ccc: 0048 8b44 | 2420 c5f8 | 7748 81c4 | c000 0000 

  0x000002cd5d8c4cdc: ;   {poll_return}
  0x000002cd5d8c4cdc: 5d49 3ba7 | 5004 0000 | 0f87 d025 | 0000 c341 | 83f8 010f | 86a5 1a00 | 00c4 c179 | 7ec2 660f 
  0x000002cd5d8c4cfc: 1f44 0000 | 4380 7cd4 | 1161 0f85 | 3ef2 ffff | 4183 f802 | 0f86 101d | 0000 6666 | 0f1f 8400 
  0x000002cd5d8c4d1c: 0000 0000 | 4380 7cd4 | 1276 0f85 | 1ef2 ffff | 4183 f803 | 0f86 2a1e | 0000 6666 | 0f1f 8400 
  0x000002cd5d8c4d3c: 0000 0000 | 4380 7cd4 | 1361 0f85 | fef1 ffff | 4183 f804 | 0f86 9a1e | 0000 6666 | 0f1f 8400 
  0x000002cd5d8c4d5c: 0000 0000 | 4380 7cd4 | 142e 0f85 | def1 ffff 

  0x000002cd5d8c4d6c: ;   {oop(a 'jdk/internal/loader/ClassLoaders$PlatformClassLoader'{0x0000000700402160})}
  0x000002cd5d8c4d6c: 49ba 6021 | 4000 0700 | 0000 4c8b | 4c24 280f | 1f44 0000 | 4d3b ca0f | 85f3 1e00 

  0x000002cd5d8c4d88: ;   {oop(a 'jdk/internal/loader/ClassLoaders$PlatformClassLoader'{0x0000000700402160})}
  0x000002cd5d8c4d88: 0049 bd60 | 2140 0007 | 0000 00e9 | b7f1 ffff | 498b de0f | 1f44 0000 | e988 f4ff | ff48 8bd9 
  0x000002cd5d8c4da8: e9aa f8ff | ff48 8bd0 

  0x000002cd5d8c4db0: ;   {optimized virtual_call}
  0x000002cd5d8c4db0: c5f8 77e8 

  0x000002cd5d8c4db4: ; ImmutableOopMap {[32]=Oop [40]=Oop [64]=Oop [72]=Oop }
                      ;*invokevirtual initClassName {reexecute=0 rethrow=0 return_oop=1}
                      ; - java.lang.Class::getName@14
                      ; - java.lang.Class::getPackageName@40
                      ; - java.lang.ClassLoader::postDefineClass@2
                      ; - java.lang.ClassLoader::defineClass@37
                      ; - java.security.SecureClassLoader::defineClass@12
  0x000002cd5d8c4db4: 285c b1fe 

  0x000002cd5d8c4db8: ;   {other}
  0x000002cd5d8c4db8: 0f1f 8400 | 2816 000e | 488b c848 | 85c0 0f85 | d5f5 ffff | baf6 ffff | ff66 6690 

  0x000002cd5d8c4dd4: ;   {runtime_call UncommonTrapBlob}
  0x000002cd5d8c4dd4: c5f8 77e8 

  0x000002cd5d8c4dd8: ; ImmutableOopMap {}
                      ;*invokevirtual lastIndexOf {reexecute=0 rethrow=0 return_oop=0}
                      ; - java.lang.Class::getPackageName@47
                      ; - java.lang.ClassLoader::postDefineClass@2
                      ; - java.lang.ClassLoader::defineClass@37
                      ; - java.security.SecureClassLoader::defineClass@12
  0x000002cd5d8c4dd8: a4f5 59fe 

  0x000002cd5d8c4ddc: ;   {other}
  0x000002cd5d8c4ddc: 0f1f 8400 | 4c16 000f | be01 0000 | 00e9 b7f1 | ffff 33db | e917 fbff 

  0x000002cd5d8c4df4: ;   {oop(""{0x0000000700429c68})}
  0x000002cd5d8c4df4: ff48 bb68 | 9c42 0007 | 0000 0090 | e928 f4ff | ff44 8b5b | 1445 85db | 0f84 d9f3 | ffff 4d8b 
  0x000002cd5d8c4e14: 5728 498b | cb48 c1e1 | 0366 6690 | 4d85 d20f | 84eb 1400 | 004d 8b5f | 384b 894c | 13f8 4983 
  0x000002cd5d8c4e34: c2f8 4d89 | 5728 e9ac | f3ff ff4d | 8b57 484d | 8b5f 58f0 | 8344 24c0 | 0080 3900 | 0f84 d3f3 
  0x000002cd5d8c4e54: ffff 4488 | 214d 85d2 | 7520 498b | d7c5 f877 | 49ba e029 | 2024 fc7f | 0000 41ff 

  0x000002cd5d8c4e70: ;   {other}
  0x000002cd5d8c4e70: d20f 1f84 | 0000 0000 | 00e9 abf3 | ffff 4b89 | 4c13 f849 | 83c2 f84d | 8957 48e9 | 99f3 ffff 
  0x000002cd5d8c4e90: ;   {oop(""{0x0000000700429c68})}
  0x000002cd5d8c4e90: 48bb 689c | 4200 0700 | 0000 e9b8 | f7ff ff4c | 8b54 2420 | 458b 523c | 4585 d20f | 84c9 f7ff 
  0x000002cd5d8c4eb0: ff4d 8b5f | 2849 8bca | 48c1 e103 | 0f1f 4000 | 4d85 db0f | 84ef 1500 | 004d 8b57 | 384b 894c 
  0x000002cd5d8c4ed0: 1af8 4983 | c3f8 4d89 | 5f28 e99b | f7ff ff4d | 8b57 584d | 8b5f 48f0 | 8344 24c0 | 0080 3900 
  0x000002cd5d8c4ef0: 0f84 c2f7 | ffff 4488 | 214d 85db | 7520 498b | d7c5 f877 | 49ba e029 | 2024 fc7f | 0000 41ff 
  0x000002cd5d8c4f10: ;   {other}
  0x000002cd5d8c4f10: d20f 1f84 | 0000 0000 | 00e9 9af7 | ffff 4b89 | 4c1a f849 | 83c3 f84d | 895f 48e9 | 88f7 ffff 
  0x000002cd5d8c4f30: 83fa 0174 | 0733 dbe9 | bef9 ffff | 0f1f 4000 | 85d2 0f86 | 601c 0000 | 0fb6 1fe9 | aaf9 ffff 
  0x000002cd5d8c4f50: 448b 5314 | 4585 d20f | 84bf f6ff | ff4d 8b5f | 2849 8bca | 48c1 e103 | 4d85 db0f | 84cf 1500 
  0x000002cd5d8c4f70: 004d 8b57 | 384b 894c | 1af8 4983 | c3f8 4d89 | 5f28 e995 | f6ff ff4d | 8b57 584d | 8b5f 48f0 
  0x000002cd5d8c4f90: 8344 24c0 | 0080 3900 | 0f84 b5f6 | ffff 4488 | 214d 85db | 7520 498b | d7c5 f877 | 49ba e029 
  0x000002cd5d8c4fb0: 2024 fc7f | 0000 41ff 

  0x000002cd5d8c4fb8: ;   {other}
  0x000002cd5d8c4fb8: d20f 1f84 | 0000 0000 | 00e9 8df6 | ffff 4b89 | 4c1a f849 | 83c3 f84d | 895f 48e9 | 7bf6 ffff 
  0x000002cd5d8c4fd8: 478b 44d4 | 0c47 8b4c | d408 4d63 | d84b 8d2c | d449 c1e3 | 0241 81f8 | 0000 0400 | 0f87 fe17 
  0x000002cd5d8c4ff8: 0000 498b | bfb8 0100 | 0049 8d4b | 1748 83e1 | f848 8bd7 | 4803 d149 | 3b97 c801 | 0000 0f83 
  0x000002cd5d8c5018: dc17 0000 | 4989 97b8 | 0100 000f | 0d8a c000 | 0000 48c7 | 0701 0000 | 0044 894f | 0844 8947 
  0x000002cd5d8c5038: 0c0f 0d8a | 0001 0000 | 0f0d 8a40 | 0100 000f | 0d8a 8001 | 0000 4b8d | 4cd4 1048 | 8bd7 4883 
  0x000002cd5d8c5058: c210 4983 | c307 49c1 | eb03 4d8b | c3c5 f877 | 49ba 6099 | e45b cd02 | 0000 41ff 

  0x000002cd5d8c5074: ;   {other}
  0x000002cd5d8c5074: d20f 1f84 | 0000 0000 | 0049 b800 | 00c1 60cd | 0200 00e9 | 2003 0000 | 498b 87b8 | 0100 004c 
  0x000002cd5d8c5094: 8bd0 4983 | c218 4b8d | 0cdc 6690 | 4d3b 97c8 | 0100 000f | 8369 1800 | 004d 8997 | b801 0000 
  0x000002cd5d8c50b4: 410f 0d8a | c000 0000 | 48c7 0001 

  0x000002cd5d8c50c0: ;   {metadata('java/util/ArrayList')}
  0x000002cd5d8c50c0: 0000 00c7 | 4008 107e | 0500 4489 | 600c 4489 

  0x000002cd5d8c50d0: ;   {oop(a 'java/lang/Object'[0] {0x00000007004299f0})}
  0x000002cd5d8c50d0: 6010 c740 | 143e 5308 | e048 8bf8 | 478b 54c4 | 0c45 85d2 | 760f 48ba | 0000 c160 | cd02 0000 
  0x000002cd5d8c50f0: 4533 c9eb | 4249 ba00 | 00c1 60cd | 0200 0090 | e9f0 0000 | 0066 6666 | 0f1f 8400 | 0000 0000 
  0x000002cd5d8c5110: 4889 6c24 | 284c 8b74 | 2420 8b74 | 2444 4c8b | 6c24 5048 | 8b54 2458 | 488b 5c24 | 6048 8b4c 
  0x000002cd5d8c5130: 2468 488b | 7c24 7047 | 8b5c c40c | 0f1f 4000 | 453b cb0f | 8322 1a00 | 004f 8d14 | c447 8b5c 
  0x000002cd5d8c5150: 8a10 478b | 54dc 1047 | 8b5c d410 | 4489 4c24 | 7848 897c | 2470 4889 | 4c24 6848 | 895c 2460 
  0x000002cd5d8c5170: 4889 5424 | 584c 896c | 2450 8974 | 2444 4c89 | 7424 2048 | 8b6c 2428 | 4d8b c349 | c1e0 0348 
  0x000002cd5d8c5190: 8bd7 6690 

  0x000002cd5d8c5194: ;   {optimized virtual_call}
  0x000002cd5d8c5194: c5f8 77e8 

  0x000002cd5d8c5198: ; ImmutableOopMap {rbp=Oop [32]=Oop [48]=Oop [64]=NarrowOop [72]=Oop [80]=Oop [96]=Oop [104]=Oop [112]=Oop }
                      ;*invokevirtual addAll {reexecute=0 rethrow=0 return_oop=0}
                      ; - java.security.CodeSource::getCertificates@57
                      ; - java.lang.ClassLoader::checkCerts@34
                      ; - java.lang.ClassLoader::preDefineClass@113
                      ; - java.lang.ClassLoader::defineClass@4
                      ; - java.security.SecureClassLoader::defineClass@12
  0x000002cd5d8c5198: e498 59fe 

  0x000002cd5d8c519c: ;   {other}
  0x000002cd5d8c519c: 0f1f 8400 | 0c1a 0010 | 4d8b 9758 | 0400 0044 | 8b5c 2440 | 478b 44dc | 1044 8b4c | 2478 41ff 
  0x000002cd5d8c51bc: ; ImmutableOopMap {r8=NarrowOop rbp=Oop [32]=Oop [48]=Oop [64]=NarrowOop [72]=Oop [80]=Oop [96]=Oop [104]=Oop [112]=Oop }
                      ;*goto {reexecute=1 rethrow=0 return_oop=0}
                      ; - (reexecute) java.security.CodeSource::getCertificates@64
                      ; - java.lang.ClassLoader::checkCerts@34
                      ; - java.lang.ClassLoader::preDefineClass@113
                      ; - java.lang.ClassLoader::defineClass@4
                      ; - java.security.SecureClassLoader::defineClass@12
                      ;   {poll}
  0x000002cd5d8c51bc: c141 8502 

  0x000002cd5d8c51c0: ; implicit exception: dispatches to 0x000002cd5d8c7098
  0x000002cd5d8c51c0: 478b 5cc4 | 0c45 3bcb | 0f8c 42ff | ffff 4889 | 6c24 284c | 8b74 2420 | 8b74 2444 | 4c8b 6c24 
  0x000002cd5d8c51e0: 504c 8b54 | 2458 488b | 5c24 6048 | 8b4c 2468 | 488b 7c24 | 7049 8b87 | b801 0000 | 4c8b d849 
  0x000002cd5d8c5200: 83c3 104d | 3b9f c801 | 0000 0f83 | 8f17 0000 | 4d89 9fb8 | 0100 0041 | 0f0d 8bc0 | 0000 0048 
  0x000002cd5d8c5220: c700 0100 | 0000 410f | 0d8b 0001 

  0x000002cd5d8c522c: ;   {metadata('java/security/cert/Certificate'[])}
  0x000002cd5d8c522c: 0000 c740 | 0818 2e03 | 0041 0f0d | 8b40 0100 | 0044 8960 | 0c41 0f0d | 8b80 0100 | 0048 8b6c 
  0x000002cd5d8c524c: 2428 4c89 | 7424 2089 | 7424 444c | 896c 2450 | 4c89 5424 | 5848 895c | 2460 4889 | 4c24 6848 
  0x000002cd5d8c526c: 897c 2470 | 4c8b c048 | 8b54 2470 

  0x000002cd5d8c5278: ;   {optimized virtual_call}
  0x000002cd5d8c5278: c5f8 77e8 

  0x000002cd5d8c527c: ; ImmutableOopMap {rbp=Oop [32]=Oop [48]=Oop [64]=NarrowOop [72]=Oop [80]=Oop [96]=Oop [104]=Oop }
                      ;*invokevirtual toArray {reexecute=0 rethrow=0 return_oop=1}
                      ; - java.security.CodeSource::getCertificates@73
                      ; - java.lang.ClassLoader::checkCerts@34
                      ; - java.lang.ClassLoader::preDefineClass@113
                      ; - java.lang.ClassLoader::defineClass@4
                      ; - java.security.SecureClassLoader::defineClass@12
  0x000002cd5d8c527c: 0098 59fe 

  0x000002cd5d8c5280: ;   {other}
  0x000002cd5d8c5280: 0f1f 8400 | f01a 0012 | 4c8b d044 

  0x000002cd5d8c528c: ;   {metadata('java/security/cert/Certificate'[])}
  0x000002cd5d8c528c: 8b40 0841 | 81f8 182e | 0300 0f85 | f41a 0000 | 0f1f 4000 | 4180 7f40 | 000f 85a1 | 1300 008b 
  0x000002cd5d8c52ac: 7c24 404c | 8b5c 2468 | 4d8b c249 | c1e8 0345 | 8944 fc14 | 4d8b c24d | 33c3 49c1 | e815 4d85 
  0x000002cd5d8c52cc: c074 1a49 | c1eb 0948 | b900 00c1 | 60cd 0200 | 0049 03cb | 8039 020f | 859f 1300 | 0045 8b4a 
  0x000002cd5d8c52ec: 0c45 8b5a | 084d 63c1 | 49c1 e002 | 0f1f 8400 | 0000 0000 | 4181 f900 | 0004 000f | 87dc 1600 
  0x000002cd5d8c530c: 0049 8bbf | b801 0000 | 498d 4817 | 4883 e1f8 | 488b df48 | 03d9 493b | 9fc8 0100 | 000f 83ba 
  0x000002cd5d8c532c: 1600 0049 | 899f b801 | 0000 0f0d | 8bc0 0000 | 0048 c707 | 0100 0000 | 4489 5f08 | 4489 4f0c 
  0x000002cd5d8c534c: 0f0d 8b00 | 0100 000f | 0d8b 4001 | 0000 0f0d | 8b80 0100 | 0049 8bca | 4883 c110 | 488b d748 
  0x000002cd5d8c536c: 83c2 1049 | 83c0 0749 | c1e8 03c5 | f877 49ba | 6099 e45b | cd02 0000 

  0x000002cd5d8c5384: ;   {other}
  0x000002cd5d8c5384: 41ff d20f | 1f84 0000 | 0000 0048 | 896c 2428 | 4c8b 7424 | 208b 7424 | 444c 8b6c | 2450 4c8b 
  0x000002cd5d8c53a4: 4424 5848 | 8b5c 2460 | 4c8b d7e9 | b7ee ffff | 448b 5f10 | 0f1f 8400 | 0000 0000 | 4585 db0f 
  0x000002cd5d8c53c4: 846c f7ff | ff4d 8b57 | 2849 8bcb | 48c1 e103 | 4d85 d20f | 842f 1200 | 004d 8b5f | 384b 894c 
  0x000002cd5d8c53e4: 13f8 4983 | c2f8 4d89 | 5728 e942 | f7ff ff48 | 8bfd 448b | 570c 660f | 1f44 0000 | 4585 d20f 
  0x000002cd5d8c5404: 84e5 f6ff | ff4d 8b5f | 2849 8bca | 48c1 e103 | 4d85 db0f | 840f 1200 | 004d 8b57 | 384b 894c 
  0x000002cd5d8c5424: 1af8 4983 | c3f8 4d89 | 5f28 e9bb | f6ff ff4c | 8b4c 2428 | e96c f8ff | ff4d 8b57 | 584d 8b5f 
  0x000002cd5d8c5444: 48f0 8344 | 24c0 0080 | 3900 0f84 | d6f6 ffff | 4488 214d | 85db 7520 | 498b d7c5 | f877 49ba 
  0x000002cd5d8c5464: e029 2024 | fc7f 0000 

  0x000002cd5d8c546c: ;   {other}
  0x000002cd5d8c546c: 41ff d20f | 1f84 0000 | 0000 00e9 | aef6 ffff | 4b89 4c1a | f849 83c3 | f84d 895f | 48e9 9cf6 
  0x000002cd5d8c548c: ffff 4d8b | 5748 4d8b | 5f58 f083 | 4424 c000 | 0f1f 4000 | 8039 000f | 84c8 f6ff | ff44 8821 
  0x000002cd5d8c54ac: 4d85 d275 | 2049 8bd7 | c5f8 7749 | bae0 2920 | 24fc 7f00 | 0041 ffd2 

  0x000002cd5d8c54c4: ;   {other}
  0x000002cd5d8c54c4: 0f1f 8400 | 0000 0000 | e9a0 f6ff | ff4b 894c | 13f8 4983 | c2f8 4d89 | 5748 6690 | e98c f6ff 
  0x000002cd5d8c54e4: ffc4 c1f9 | 6ec3 4889 | 5c24 5044 | 8b54 2440 | 4489 5424 | 244c 896c | 2440 8974 | 2420 4c63 
  0x000002cd5d8c5504: c54d 8d58 | 1049 8bcb | 4883 e1f8 | 488b fa48 | 03f9 488b | ea49 c1eb | 034d 2bcb | 498b c948 
  0x000002cd5d8c5524: 33c0 4883 | f908 7f10 | 48ff c978 | 4f48 8904 | cf48 ffc9 | 7df7 eb44 | c5f5 efc9 | e90d 0000 
  0x000002cd5d8c5544: 00c5 fe7f | 0fc5 fe7f | 4f20 4883 | c740 4883 | e908 7ded | 4883 c104 | 7c0c c5fe | 7f0f 4883 
  0x000002cd5d8c5564: c720 4883 | e904 4883 | c104 7e10 | 48ff c9c5 | f9d6 0f48 | 83c7 0848 | ffc9 7df3 | 488b 4c24 
  0x000002cd5d8c5584: 58c4 e1f9 | 7ec2 c5f8 | 7749 bac0 | 92e4 5bcd | 0200 0041 

  0x000002cd5d8c5598: ;   {other}
  0x000002cd5d8c5598: ffd2 0f1f | 8400 0000 | 0000 8b74 | 2420 4c8b | 6c24 4044 | 8b5c 2424 | 4489 5c24 | 4048 8b5c 
  0x000002cd5d8c55b8: 2450 488b | d566 6690 | e947 ebff | ff41 8b7c | dc0c 458b | 54dc 0849 | 8d2c dc4c | 63c7 49c1 
  0x000002cd5d8c55d8: e002 660f | 1f44 0000 | 81ff 0000 | 0400 0f87 | 7f12 0000 | 498b 87b8 | 0100 004d | 8d58 1749 
  0x000002cd5d8c55f8: 83e3 f848 | 8bc8 4903 | cb49 3b8f | c801 0000 | 0f83 5d12 | 0000 4989 | 8fb8 0100 | 000f 0d89 
  0x000002cd5d8c5618: c000 0000 | 48c7 0001 | 0000 0044 | 8950 0889 | 780c 0f0d | 8900 0100 | 000f 0d89 | 4001 0000 
  0x000002cd5d8c5638: 0f0d 8980 | 0100 0048 | 8bf8 498d | 4cdc 1048 | 8bd7 4883 | c210 4983 | c007 49c1 | e803 c5f8 
  0x000002cd5d8c5658: 7749 ba60 | 99e4 5bcd | 0200 0041 

  0x000002cd5d8c5664: ;   {other}
  0x000002cd5d8c5664: ffd2 0f1f | 8400 0000 | 0000 e997 | 0200 0049 | 8b87 b801 | 0000 4c8b | c049 83c0 | 184b 8d0c 
  0x000002cd5d8c5684: dc4d 3b87 | c801 0000 | 0f83 9e13 | 0000 4d89 | 87b8 0100 | 0041 0f0d | 88c0 0000 | 0048 c700 
  0x000002cd5d8c56a4: 0100 0000 

  0x000002cd5d8c56a8: ;   {metadata('java/util/ArrayList')}
  0x000002cd5d8c56a8: c740 0810 | 7e05 0044 | 8960 0c44 | 8960 1043 | 8b7c d40c 

  0x000002cd5d8c56bc: ;   {oop(a 'java/lang/Object'[0] {0x00000007004299f0})}
  0x000002cd5d8c56bc: c740 143e | 5308 e048 | 8bd8 85ff | 0f86 a800 | 0000 4533 | c0eb 0d4c | 8bcd 488b | 4c24 3048 
  0x000002cd5d8c56dc: 8b5c 2438 

  0x000002cd5d8c56e0: ; implicit exception: dispatches to 0x000002cd5d8c70fc
  0x000002cd5d8c56e0: 438b 7cd4 | 0c44 3bc7 | 0f83 9a14 | 0000 49c1 | e203 438b | 7c82 1045 | 8b54 fc10 | 0f1f 4000 
  0x000002cd5d8c5700: ; implicit exception: dispatches to 0x000002cd5d8c712c
  0x000002cd5d8c5700: 478b 54d4 | 1044 8944 | 242c 4889 | 5c24 3848 | 894c 2430 | 4489 5c24 | 2849 8be9 | 4d8b c249 
  0x000002cd5d8c5720: c1e0 0348 | 8bd3 6690 

  0x000002cd5d8c5728: ;   {optimized virtual_call}
  0x000002cd5d8c5728: c5f8 77e8 

  0x000002cd5d8c572c: ; ImmutableOopMap {rbp=Oop [32]=Oop [40]=NarrowOop [48]=Oop [56]=Oop }
                      ;*invokevirtual addAll {reexecute=0 rethrow=0 return_oop=0}
                      ; - java.security.CodeSource::getCertificates@57
                      ; - java.lang.ClassLoader::postDefineClass@24
                      ; - java.lang.ClassLoader::defineClass@37
                      ; - java.security.SecureClassLoader::defineClass@12
  0x000002cd5d8c572c: 5093 59fe 

  0x000002cd5d8c5730: ;   {other}
  0x000002cd5d8c5730: 0f1f 8400 | a01f 0013 | 498b 8f58 | 0400 0044 | 8b5c 2428 | 478b 54dc | 1044 8b44 | 242c 41ff 
  0x000002cd5d8c5750: ; ImmutableOopMap {r10=NarrowOop r11=NarrowOop rbp=Oop [32]=Oop [48]=Oop [56]=Oop }
                      ;*goto {reexecute=1 rethrow=0 return_oop=0}
                      ; - (reexecute) java.security.CodeSource::getCertificates@64
                      ; - java.lang.ClassLoader::postDefineClass@24
                      ; - java.lang.ClassLoader::defineClass@37
                      ; - java.security.SecureClassLoader::defineClass@12
                      ;   {poll}
  0x000002cd5d8c5750: c085 0147 | 8b4c d40c | 0f1f 8400 | 0000 0000 | 453b c10f | 8c6a ffff | ff4c 8bcd | 488b 4c24 
  0x000002cd5d8c5770: 3048 8b5c | 2438 498b | 87b8 0100 | 004c 8bd0 | 4983 c210 | 4d3b 97c8 | 0100 000f | 83e2 1200 
  0x000002cd5d8c5790: 004d 8997 | b801 0000 | 410f 0d8a | c000 0000 | 48c7 0001 | 0000 0041 | 0f0d 8a00 

  0x000002cd5d8c57ac: ;   {metadata('java/security/cert/Certificate'[])}
  0x000002cd5d8c57ac: 0100 00c7 | 4008 182e | 0300 410f | 0d8a 4001 | 0000 4489 | 600c 410f | 0d8a 8001 | 0000 4c89 
  0x000002cd5d8c57cc: 4c24 2841 | 8beb 4889 | 4c24 3048 | 895c 2438 | 4c8b c048 | 8b54 2438 

  0x000002cd5d8c57e4: ;   {optimized virtual_call}
  0x000002cd5d8c57e4: c5f8 77e8 

  0x000002cd5d8c57e8: ; ImmutableOopMap {rbp=NarrowOop [32]=Oop [40]=Oop [48]=Oop }
                      ;*invokevirtual toArray {reexecute=0 rethrow=0 return_oop=1}
                      ; - java.security.CodeSource::getCertificates@73
                      ; - java.lang.ClassLoader::postDefineClass@24
                      ; - java.lang.ClassLoader::defineClass@37
                      ; - java.security.SecureClassLoader::defineClass@12
  0x000002cd5d8c57e8: 9492 59fe 

  0x000002cd5d8c57ec: ;   {other}
  0x000002cd5d8c57ec: 0f1f 8400 | 5c20 0015 | 488b d844 | 8b58 080f | 1f44 0000 

  0x000002cd5d8c5800: ;   {metadata('java/security/cert/Certificate'[])}
  0x000002cd5d8c5800: 4181 fb18 | 2e03 000f | 85db 1500 | 0041 807f | 4000 0f85 | ce0e 0000 | 8bfd 4c8b | d34c 8954 
  0x000002cd5d8c5820: 2438 4c8b | 5424 304c | 8b5c 2438 | 4d8b c349 | c1e8 0345 | 8944 fc14 | 4d33 da49 | c1eb 1590 
  0x000002cd5d8c5840: 4d85 db74 | 1649 c1ea | 094c 8b44 | 2450 4d03 | c241 8038 | 020f 85ca | 0e00 004c | 8b54 2438 
  0x000002cd5d8c5860: 458b 420c | 458b 5208 | 4963 e848 | c1e5 0241 | 81f8 0000 | 0400 0f87 | 2d12 0000 | 498b 87b8 
  0x000002cd5d8c5880: 0100 004c | 8d5d 1749 | 83e3 f84c | 8bc8 4d03 | cb4d 3b8f | c801 0000 | 0f83 0b12 | 0000 4d89 
  0x000002cd5d8c58a0: 8fb8 0100 | 0041 0f0d | 89c0 0000 | 0048 c700 | 0100 0000 | 4489 5008 | 4489 400c | 410f 0d89 
  0x000002cd5d8c58c0: 0001 0000 | 410f 0d89 | 4001 0000 | 410f 0d89 | 8001 0000 | 488b f848 | 8b4c 2438 | 4883 c110 
  0x000002cd5d8c58e0: 488b d748 | 83c2 1048 | 83c5 0748 | c1ed 034c | 8bc5 c5f8 | 7749 ba60 | 99e4 5bcd 

  0x000002cd5d8c58fc: ;   {no_reloc}
  0x000002cd5d8c58fc: 0200 0041 

  0x000002cd5d8c5900: ;   {other}
  0x000002cd5d8c5900: ffd2 0f1f | 8400 0000 | 0000 488b | 5424 204c | 8bc7 6690 

  0x000002cd5d8c5914: ;   {optimized virtual_call}
  0x000002cd5d8c5914: c5f8 77e8 

  0x000002cd5d8c5918: ; ImmutableOopMap {[32]=Oop }
                      ;*invokevirtual setSigners {reexecute=0 rethrow=0 return_oop=0}
                      ; - java.lang.ClassLoader::setSigners@2
                      ; - java.lang.ClassLoader::postDefineClass@35
                      ; - java.lang.ClassLoader::defineClass@37
                      ; - java.security.SecureClassLoader::defineClass@12
  0x000002cd5d8c5918: 6491 59fe 

  0x000002cd5d8c591c: ;   {other}
  0x000002cd5d8c591c: 0f1f 8400 | 8c21 0016 | e9a4 f3ff | ff4c 63c5 | 4d8d 5010 | 498b d248 | 83e2 f848 | 8bfe 4803 
  0x000002cd5d8c593c: fa49 c1ea | 0349 2bca | 4833 c048 | 83f9 087f | 1048 ffc9 | 784f 4889 | 04cf 48ff | c97d f7eb 
  0x000002cd5d8c595c: 44c5 fdef | c0e9 0d00 | 0000 c5fe | 7f07 c5fe | 7f47 2048 | 83c7 4048 | 83e9 087d | ed48 83c1 
  0x000002cd5d8c597c: 047c 0cc5 | fe7f 0748 | 83c7 2048 | 83e9 0448 | 83c1 047e | 1048 ffc9 | c5f9 d607 | 4883 c708 
  0x000002cd5d8c599c: 48ff c97d | f349 8bc9 | 498b d3c5 | f877 49ba | c092 e45b | cd02 0000 

  0x000002cd5d8c59b4: ;   {other}
  0x000002cd5d8c59b4: 41ff d20f | 1f84 0000 | 0000 0090 | e9aa ebff | ff41 c646 | 1101 33db | e93b efff | ff45 3bc3 
  0x000002cd5d8c59d4: 0f85 f900 | 0000 418b | d8ff cb90 | 413b d80f | 83d7 1100 | 0045 85db | 0f86 ce11 | 0000 418b 
  0x000002cd5d8c59f4: f3ff ce33 | ffeb 348b | 7c24 74ff | c73b bc24 | 9000 0000 | 0f8d e200 | 0000 488b | 4c24 684c 
  0x000002cd5d8c5a14: 8b4c 2440 | 448b 8424 | 9000 0000 | 448b 9c24 | 9400 0000 | 8bb4 2498 | 0000 008b | 5cb9 1041 
  0x000002cd5d8c5a34: 3bf3 0f83 | 9110 0000 | 0f1f 4000 | 85db 0f84 | 8510 0000 | 4d8d 14dc | 33ed 4889 | 8c24 8800 
  0x000002cd5d8c5a54: 0000 4489 | 8424 9000 | 0000 4489 | 9c24 9400 | 0000 89b4 | 2498 0000 | 0089 7c24 | 7489 5c24 
  0x000002cd5d8c5a74: 784c 8994 | 24a0 0000 | 00eb 0690 | 4c8b 4c24 | 4045 8b5c | a910 4c89 | 4c24 404d | 8bc3 49c1 
  0x000002cd5d8c5a94: e003 488b | 9424 a000 | 0000 4c8b | 9424 8800 | 0000 4c89 | 5424 6890 

  0x000002cd5d8c5aac: ;   {optimized virtual_call}
  0x000002cd5d8c5aac: c5f8 77e8 

  0x000002cd5d8c5ab0: ; ImmutableOopMap {[32]=Oop [40]=Oop [48]=Oop [64]=Oop [72]=Oop [104]=Oop [120]=NarrowOop [136]=Oop [160]=Oop }
                      ;*invokevirtual equals {reexecute=0 rethrow=0 return_oop=0}
                      ; - java.lang.ClassLoader::compareCerts@81
                      ; - java.lang.ClassLoader::checkCerts@80
                      ; - java.lang.ClassLoader::preDefineClass@113
                      ; - java.lang.ClassLoader::defineClass@4
                      ; - java.security.SecureClassLoader::defineClass@12
  0x000002cd5d8c5ab0: cc8f 59fe 

  0x000002cd5d8c5ab4: ;   {other}
  0x000002cd5d8c5ab4: 0f1f 8400 | 2423 0017 | 0f1f 4000 | 85c0 0f85 | 33ff ffff | ffc5 3bac | 2494 0000 | 007c adba 
  0x000002cd5d8c5ad4: 45ff ffff | 488b 6c24 | 2866 6690 

  0x000002cd5d8c5ae0: ;   {runtime_call UncommonTrapBlob}
  0x000002cd5d8c5ae0: c5f8 77e8 

  0x000002cd5d8c5ae4: ; ImmutableOopMap {rbp=Oop [32]=Oop [48]=Oop [72]=Oop }
                      ;*ifne {reexecute=1 rethrow=0 return_oop=0}
                      ; - (reexecute) java.lang.ClassLoader::checkCerts@83
                      ; - java.lang.ClassLoader::preDefineClass@113
                      ; - java.lang.ClassLoader::defineClass@4
                      ; - java.security.SecureClassLoader::defineClass@12
  0x000002cd5d8c5ae4: 98e8 59fe 

  0x000002cd5d8c5ae8: ;   {other}
  0x000002cd5d8c5ae8: 0f1f 8400 | 5823 0018 | 4533 dbeb | 1944 8b5c | 246c 41ff | c366 6690 | 443b 9c24 | 9400 0000 
  0x000002cd5d8c5b08: 0f8d e4e7 | ffff 4c8b | 5424 4047 | 8b4c 9a10 | 0f1f 8400 | 0000 0000 | 4585 c90f | 84e7 0f00 
  0x000002cd5d8c5b28: 004f 8d04 | cc33 ed44 | 895c 246c | 4489 4c24 | 704c 8984 | 2480 0000 | 004c 8b94 | 2488 0000 
  0x000002cd5d8c5b48: 0045 8b54 | aa10 4d8b | c249 c1e0 | 0348 8b94 | 2480 0000 | 004c 8b94 | 2488 0000 | 004c 8954 
  0x000002cd5d8c5b68: 2478 6690 

  0x000002cd5d8c5b6c: ;   {optimized virtual_call}
  0x000002cd5d8c5b6c: c5f8 77e8 

  0x000002cd5d8c5b70: ; ImmutableOopMap {[32]=Oop [40]=Oop [48]=Oop [64]=Oop [72]=Oop [112]=NarrowOop [120]=Oop [128]=Oop [136]=Oop }
                      ;*invokevirtual equals {reexecute=0 rethrow=0 return_oop=0}
                      ; - java.lang.ClassLoader::compareCerts@166
                      ; - java.lang.ClassLoader::checkCerts@80
                      ; - java.lang.ClassLoader::preDefineClass@113
                      ; - java.lang.ClassLoader::defineClass@4
                      ; - java.security.SecureClassLoader::defineClass@12
  0x000002cd5d8c5b70: 0c8f 59fe 

  0x000002cd5d8c5b74: ;   {other}
  0x000002cd5d8c5b74: 0f1f 8400 | e423 0019 | 0f1f 4000 | 85c0 0f85 | 6dff ffff | ffc5 3bac | 2490 0000 | 007c aee9 
  0x000002cd5d8c5b94: 3bff ffff | 4c89 6c24 | 4889 4c24 | 3c4c 8974 | 2430 4c89 | 5424 284c | 894c 2420 | 488b d548 
  0x000002cd5d8c5bb4: c1e2 0349 | 8d2c f489 | 7424 3890 

  0x000002cd5d8c5bc0: ;   {static_call}
  0x000002cd5d8c5bc0: c5f8 77e8 

  0x000002cd5d8c5bc4: ; ImmutableOopMap {rbp=Oop [32]=Oop [40]=Oop [48]=Oop [56]=NarrowOop [60]=NarrowOop [64]=Oop [72]=Oop }
                      ;*invokestatic hashCode {reexecute=0 rethrow=0 return_oop=0}
                      ; - java.lang.String::hashCode@37
                      ; - java.util.concurrent.ConcurrentHashMap::get@1
                      ; - java.lang.ClassLoader::getNamedPackage@5
                      ; - java.lang.ClassLoader::postDefineClass@9
                      ; - java.lang.ClassLoader::defineClass@37
                      ; - java.security.SecureClassLoader::defineClass@12
  0x000002cd5d8c5bc4: b894 59fe 

  0x000002cd5d8c5bc8: ;   {other}
  0x000002cd5d8c5bc8: 0f1f 8400 | 3824 001a | 8bd8 4c8b | 4c24 204c | 8b54 2428 | 4c89 5424 | 204c 8b74 | 2430 8b74 
  0x000002cd5d8c5be8: 2438 8b4c | 243c 4c8b | 6c24 48e9 | 02ed ffff 

  0x000002cd5d8c5bf8: ;   {metadata('java/security/SecureClassLoader$1')}
  0x000002cd5d8c5bf8: 48ba e8aa | 0900 0800 | 0000 4c89 | 4424 5090 

  0x000002cd5d8c5c08: ;   {runtime_call _new_instance_Java}
  0x000002cd5d8c5c08: c5f8 77e8 

  0x000002cd5d8c5c0c: ; ImmutableOopMap {rbp=NarrowOop [32]=Oop [40]=Oop [48]=Oop [80]=Oop }
                      ;*new {reexecute=0 rethrow=0 return_oop=1}
                      ; - java.security.SecureClassLoader::getProtectionDomain@20
                      ; - java.security.SecureClassLoader::defineClass@9
  0x000002cd5d8c5c0c: f074 65fe 

  0x000002cd5d8c5c10: ;   {other}
  0x000002cd5d8c5c10: 0f1f 8400 | 8024 001b | 4c8b c84c | 8b44 2450 | e973 e1ff 

  0x000002cd5d8c5c24: ;   {metadata('java/security/SecureClassLoader$CodeSourceKey')}
  0x000002cd5d8c5c24: ff48 baa8 | a809 0008 | 0000 0090 

  0x000002cd5d8c5c30: ;   {runtime_call _new_instance_Java}
  0x000002cd5d8c5c30: c5f8 77e8 

  0x000002cd5d8c5c34: ; ImmutableOopMap {rbp=Oop [32]=Oop [40]=Oop [48]=Oop }
                      ;*new {reexecute=0 rethrow=0 return_oop=1}
                      ; - java.security.SecureClassLoader::getProtectionDomain@6
                      ; - java.security.SecureClassLoader::defineClass@9
  0x000002cd5d8c5c34: c874 65fe 

  0x000002cd5d8c5c38: ;   {other}
  0x000002cd5d8c5c38: 0f1f 8400 | a824 001c | 4c8b c0e9 | 03e1 ffff | 4c8b 4c24 | 284c 8bf5 | 8b4c 2438 | 4c8b 6c24 
  0x000002cd5d8c5c58: 4844 8b54 | 243c 488b | 7c24 60e9 | 0aed ffff | 4c8b 4c24 | 2048 896c | 2420 4c8b | 7424 308b 
  0x000002cd5d8c5c78: 4c24 384c | 8b6c 2448 | 448b 5424 | 3c48 8b7c | 2458 e9e3 | ecff ff44 | 8954 2478 | 448b 5424 
  0x000002cd5d8c5c98: 4044 8954 | 246c 4c89 | 6c24 7089 | 7424 684c | 8b54 2458 | 4c89 5424 | 604c 895c | 2458 4489 
  0x000002cd5d8c5cb8: 4424 54c5 | fa11 4424 | 504c 8b54 | 2448 4c89 | 5424 404c | 8974 2420 | 488b 6c24 

  0x000002cd5d8c5cd4: ;   {metadata('java/lang/String')}
  0x000002cd5d8c5cd4: 2848 ba90 | 2004 0008 | 0000 0090 

  0x000002cd5d8c5ce0: ;   {runtime_call _new_instance_Java}
  0x000002cd5d8c5ce0: c5f8 77e8 

  0x000002cd5d8c5ce4: ; ImmutableOopMap {rbp=Oop [32]=Oop [48]=Oop [64]=Oop [80]=NarrowOop [88]=Oop [96]=Derived_oop_[88] [108]=NarrowOop [112]=Oop }
                      ;*new {reexecute=0 rethrow=0 return_oop=1}
                      ; - java.lang.StringLatin1::newString@7
                      ; - java.lang.String::substring@41
                      ; - java.lang.ClassLoader::checkCerts@21
                      ; - java.lang.ClassLoader::preDefineClass@113
                      ; - java.lang.ClassLoader::defineClass@4
                      ; - java.security.SecureClassLoader::defineClass@12
  0x000002cd5d8c5ce4: 1874 65fe 

  0x000002cd5d8c5ce8: ;   {other}
  0x000002cd5d8c5ce8: 0f1f 8400 | 5825 001d | 4889 6c24 | 284c 8b74 | 2420 4c8b | 5424 404c | 8954 2448 | c5fa 1044 
  0x000002cd5d8c5d08: 2450 448b | 4424 544c | 8b5c 2458 | 488b 7c24 | 608b 7424 | 684c 8b6c | 2470 8b4c | 246c 894c 
  0x000002cd5d8c5d28: 2440 448b | 5424 7848 | 8bd8 4889 | 7c24 58e9 | e3e2 ffff | 4489 5424 | 3844 8944 | 2434 4489 
  0x000002cd5d8c5d48: ;   {metadata('java/lang/String')}
  0x000002cd5d8c5d48: 5c24 3048 | ba90 2004 | 0008 0000 | 0066 6690 

  0x000002cd5d8c5d58: ;   {runtime_call _new_instance_Java}
  0x000002cd5d8c5d58: c5f8 77e8 

  0x000002cd5d8c5d5c: ; ImmutableOopMap {rbp=Oop [32]=Oop [40]=Oop [48]=NarrowOop [64]=Oop }
                      ;*new {reexecute=0 rethrow=0 return_oop=1}
                      ; - java.lang.StringLatin1::newString@7
                      ; - java.lang.String::substring@41
                      ; - java.lang.Class::getPackageName@62
                      ; - java.lang.ClassLoader::postDefineClass@2
                      ; - java.lang.ClassLoader::defineClass@37
                      ; - java.security.SecureClassLoader::defineClass@12
  0x000002cd5d8c5d5c: a073 65fe 

  0x000002cd5d8c5d60: ;   {other}
  0x000002cd5d8c5d60: 0f1f 8400 | d025 001e | 448b 5c24 | 3044 8b44 | 2434 448b | 5424 3848 | 8bd8 e9fc | e6ff ff4c 
  0x000002cd5d8c5d80: 8954 2470 | 4889 5c24 | 684c 896c | 2460 8974 | 2424 4c89 | 5c24 50c5 | fa11 4424 | 2049 8bee 
  0x000002cd5d8c5da0: ;   {metadata({type array byte})}
  0x000002cd5d8c5da0: 48ba c80a | 0400 0800 | 0000 6690 

  0x000002cd5d8c5dac: ;   {runtime_call _new_array_nozero_Java}
  0x000002cd5d8c5dac: c5f8 77e8 

  0x000002cd5d8c5db0: ; ImmutableOopMap {rbp=Oop [32]=NarrowOop [40]=Oop [48]=Oop [64]=NarrowOop [72]=Oop [80]=Oop [88]=Derived_oop_[80] [96]=Oop [104]=Oop }
                      ;*invokevirtual clone {reexecute=1 rethrow=0 return_oop=1}
                      ; - (reexecute) java.util.Arrays::copyOfRange@18
                      ; - java.lang.StringLatin1::newString@16
                      ; - java.lang.String::substring@41
                      ; - java.lang.ClassLoader::checkCerts@21
                      ; - java.lang.ClassLoader::preDefineClass@113
                      ; - java.lang.ClassLoader::defineClass@4
                      ; - java.security.SecureClassLoader::defineClass@12
  0x000002cd5d8c5db0: cc82 65fe 

  0x000002cd5d8c5db4: ;   {other}
  0x000002cd5d8c5db4: 0f1f 8400 | 2426 001f | 488b f890 | e9d5 e3ff | ff43 8b5c 

  0x000002cd5d8c5dc8: ;   {metadata('java/util/concurrent/ConcurrentHashMap$ReservationNode')}
  0x000002cd5d8c5dc8: c408 81fb | 9815 0700 | 0f84 7bec | ffff 6666 | 0f1f 8400 | 0000 0000 

  0x000002cd5d8c5de0: ;   {metadata('java/util/concurrent/ConcurrentHashMap$ForwardingNode')}
  0x000002cd5d8c5de0: 81fb 50e7 | 0900 0f85 | 590e 0000 | 4c89 6c24 | 4889 4c24 | 384c 8974 | 2430 4c8b | 5c24 204c 
  0x000002cd5d8c5e00: 895c 2428 | 4c89 4c24 | 2048 8bd7 | 458b c24d | 8bce 498b | eb66 6690 

  0x000002cd5d8c5e18: ;   {optimized virtual_call}
  0x000002cd5d8c5e18: c5f8 77e8 

  0x000002cd5d8c5e1c: ; ImmutableOopMap {rbp=Oop [32]=Oop [40]=Oop [48]=Oop [56]=NarrowOop [64]=Oop [72]=Oop }
                      ;*invokevirtual find {reexecute=0 rethrow=0 return_oop=1}
                      ; - java.util.concurrent.ConcurrentHashMap::get@93
                      ; - java.lang.ClassLoader::getNamedPackage@5
                      ; - java.lang.ClassLoader::postDefineClass@9
                      ; - java.lang.ClassLoader::defineClass@37
                      ; - java.security.SecureClassLoader::defineClass@12
  0x000002cd5d8c5e1c: 608c 59fe 

  0x000002cd5d8c5e20: ;   {other}
  0x000002cd5d8c5e20: 0f1f 8400 | 9026 0020 | 4885 c00f | 84ab 0200 | 008b 6814 | 85ed 0f84 | b80a 0000 | 4c8b 4c24 
  0x000002cd5d8c5e40: 204c 8b54 | 2428 4c89 | 5424 20e9 | 27ee ffff | 4c89 6c24 | 3889 4c24 | 304c 8974 | 2428 498b 
  0x000002cd5d8c5e60: ;   {metadata('java/lang/NamedPackage')}
  0x000002cd5d8c5e60: e948 baa8 | 9709 0008 | 0000 0090 

  0x000002cd5d8c5e6c: ;   {runtime_call _new_instance_Java}
  0x000002cd5d8c5e6c: c5f8 77e8 

  0x000002cd5d8c5e70: ; ImmutableOopMap {rbp=Oop [32]=Oop [40]=Oop [48]=NarrowOop [56]=Oop [64]=Oop }
                      ;*new {reexecute=0 rethrow=0 return_oop=1}
                      ; - java.lang.ClassLoader::getNamedPackage@16
                      ; - java.lang.ClassLoader::postDefineClass@9
                      ; - java.lang.ClassLoader::defineClass@37
                      ; - java.security.SecureClassLoader::defineClass@12
  0x000002cd5d8c5e70: 8c72 65fe 

  0x000002cd5d8c5e74: ;   {other}
  0x000002cd5d8c5e74: 0f1f 8400 | e426 0021 | 4c8b cd4c | 8b74 2428 | 8b4c 2430 | 4c8b 6c24 | 38e9 00ec | ffff 4c89 
  0x000002cd5d8c5e94: 8424 8800 | 0000 4c89 | 8c24 8000 | 0000 4889 | 5c24 7844 | 8954 2470 | 448b 5424 | 4044 8954 
  0x000002cd5d8c5eb4: 2464 4c89 | 6c24 6889 | 7424 604c | 895c 2450 | 4c89 7424 | 404c 8b54 | 2428 4c89 

  0x000002cd5d8c5ed0: ;   {metadata({type array byte})}
  0x000002cd5d8c5ed0: 5424 2048 | bac8 0a04 | 0008 0000 | 0044 8b44 | 2470 6690 

  0x000002cd5d8c5ee4: ;   {runtime_call _new_array_nozero_Java}
  0x000002cd5d8c5ee4: c5f8 77e8 

  0x000002cd5d8c5ee8: ; ImmutableOopMap {[32]=Oop [48]=Oop [64]=Oop [72]=Oop [80]=Oop [88]=Derived_oop_[80] [100]=NarrowOop [104]=Oop [120]=Oop }
                      ;*newarray {reexecute=0 rethrow=0 return_oop=1}
                      ; - java.util.Arrays::copyOfRangeByte@10
                      ; - java.util.Arrays::copyOfRange@13
                      ; - java.lang.StringLatin1::newString@16
                      ; - java.lang.String::substring@41
                      ; - java.lang.ClassLoader::checkCerts@21
                      ; - java.lang.ClassLoader::preDefineClass@113
                      ; - java.lang.ClassLoader::defineClass@4
                      ; - java.security.SecureClassLoader::defineClass@12
  0x000002cd5d8c5ee8: 9481 65fe 

  0x000002cd5d8c5eec: ;   {other}
  0x000002cd5d8c5eec: 0f1f 8400 | 5c27 0022 | 4c8b 5424 | 204c 8954 | 2428 4c8b | 7424 408b | 7424 604c | 8b6c 2468 
  0x000002cd5d8c5f0c: 448b 5c24 | 6444 895c | 2440 448b | 5424 7048 | 8b5c 2478 | 488b d04c | 8b8c 2480 | 0000 004c 
  0x000002cd5d8c5f2c: 8b84 2488 | 0000 00e9 | 8ae1 ffff | 4889 7c24 | 584c 894c | 2448 4889 | 5c24 3844 | 895c 2430 
  0x000002cd5d8c5f4c: ;   {metadata({type array byte})}
  0x000002cd5d8c5f4c: 48ba c80a | 0400 0800 | 0000 6690 

  0x000002cd5d8c5f58: ;   {runtime_call _new_array_nozero_Java}
  0x000002cd5d8c5f58: c5f8 77e8 

  0x000002cd5d8c5f5c: ; ImmutableOopMap {rbp=Oop [72]=Derived_oop_rbp [32]=Oop [40]=Oop [48]=NarrowOop [56]=Oop [64]=Oop }
                      ;*invokevirtual clone {reexecute=1 rethrow=0 return_oop=1}
                      ; - (reexecute) java.util.Arrays::copyOfRange@18
                      ; - java.lang.StringLatin1::newString@16
                      ; - java.lang.String::substring@41
                      ; - java.lang.Class::getPackageName@62
                      ; - java.lang.ClassLoader::postDefineClass@2
                      ; - java.lang.ClassLoader::defineClass@37
                      ; - java.security.SecureClassLoader::defineClass@12
  0x000002cd5d8c5f5c: 2081 65fe 

  0x000002cd5d8c5f60: ;   {other}
  0x000002cd5d8c5f60: 0f1f 8400 | d027 0023 | 488b 5c24 | 384c 8b4c | 2448 488b | 7c24 5848 | 8bf0 e965 | e6ff ffba 
  0x000002cd5d8c5f80: e6ff ffff | 418b eac5 | fa11 4424 | 2066 6690 

  0x000002cd5d8c5f90: ;   {runtime_call UncommonTrapBlob}
  0x000002cd5d8c5f90: c5f8 77e8 

  0x000002cd5d8c5f94: ; ImmutableOopMap {[32]=NarrowOop }
                      ;*baload {reexecute=0 rethrow=0 return_oop=0}
                      ; - java.lang.StringLatin1::lastIndexOf@24
                      ; - java.lang.String::lastIndexOf@13
                      ; - java.lang.String::lastIndexOf@8
                      ; - java.lang.ClassLoader::checkCerts@3
                      ; - java.lang.ClassLoader::preDefineClass@113
                      ; - java.lang.ClassLoader::defineClass@4
                      ; - java.security.SecureClassLoader::defineClass@12
  0x000002cd5d8c5f94: e8e3 59fe 

  0x000002cd5d8c5f98: ;   {other}
  0x000002cd5d8c5f98: 0f1f 8400 | 0828 0024 | 4c89 4424 | 6048 894c | 2458 4c89 | 4c24 4848 | 895c 2438 | 4489 5424 
  0x000002cd5d8c5fb8: ;   {metadata({type array byte})}
  0x000002cd5d8c5fb8: 3048 bac8 | 0a04 0008 | 0000 0045 | 8bc2 6690 

  0x000002cd5d8c5fc8: ;   {runtime_call _new_array_nozero_Java}
  0x000002cd5d8c5fc8: c5f8 77e8 

  0x000002cd5d8c5fcc: ; ImmutableOopMap {rbp=Oop [72]=Derived_oop_rbp [32]=Oop [40]=Oop [56]=Oop [64]=Oop }
                      ;*newarray {reexecute=0 rethrow=0 return_oop=1}
                      ; - java.util.Arrays::copyOfRangeByte@10
                      ; - java.util.Arrays::copyOfRange@13
                      ; - java.lang.StringLatin1::newString@16
                      ; - java.lang.String::substring@41
                      ; - java.lang.Class::getPackageName@62
                      ; - java.lang.ClassLoader::postDefineClass@2
                      ; - java.lang.ClassLoader::defineClass@37
                      ; - java.security.SecureClassLoader::defineClass@12
  0x000002cd5d8c5fcc: b080 65fe 

  0x000002cd5d8c5fd0: ;   {other}
  0x000002cd5d8c5fd0: 0f1f 8400 | 4028 0025 | 448b 5424 | 3048 8b5c | 2438 4c8b | 4c24 4848 | 8bf0 488b | 4c24 584c 
  0x000002cd5d8c5ff0: 8b44 2460 | e92d e5ff | ffba e6ff | ffff 418b | eb44 8954 | 2420 6690 

  0x000002cd5d8c6008: ;   {runtime_call UncommonTrapBlob}
  0x000002cd5d8c6008: c5f8 77e8 

  0x000002cd5d8c600c: ; ImmutableOopMap {rbp=NarrowOop }
                      ;*baload {reexecute=0 rethrow=0 return_oop=0}
                      ; - java.lang.StringLatin1::lastIndexOf@24
                      ; - java.lang.String::lastIndexOf@13
                      ; - java.lang.String::lastIndexOf@8
                      ; - java.lang.Class::getPackageName@47
                      ; - java.lang.ClassLoader::postDefineClass@2
                      ; - java.lang.ClassLoader::defineClass@37
                      ; - java.security.SecureClassLoader::defineClass@12
  0x000002cd5d8c600c: 70e3 59fe 

  0x000002cd5d8c6010: ;   {other}
  0x000002cd5d8c6010: 0f1f 8400 | 8028 0026 | 488b d0eb | 4f41 8bea 

  0x000002cd5d8c6020: ;   {oop(a 'jdk/internal/util/Preconditions$4'{0x000000070070e7a0})}
  0x000002cd5d8c6020: 48ba a0e7 | 7000 0700 | 0000 4533 | c045 8bca | 8b7c 2444 | 4c8b 5424 | 284c 8954 | 2420 4c89 
  0x000002cd5d8c6040: 6c24 504c | 8974 2458 | 4c89 7424 | 6066 6690 

  0x000002cd5d8c6050: ;   {static_call}
  0x000002cd5d8c6050: c5f8 77e8 

  0x000002cd5d8c6054: ; ImmutableOopMap {[32]=Oop [48]=Oop [64]=NarrowOop [72]=Oop [80]=Oop [88]=Oop [96]=Oop }
                      ;*invokestatic outOfBoundsCheckFromToIndex {reexecute=0 rethrow=0 return_oop=1}
                      ; - jdk.internal.util.Preconditions::checkFromToIndex@18
                      ; - java.lang.String::checkBoundsBeginEnd@6
                      ; - java.lang.String::substring@8
                      ; - java.lang.ClassLoader::checkCerts@21
                      ; - java.lang.ClassLoader::preDefineClass@113
                      ; - java.lang.ClassLoader::defineClass@4
                      ; - java.security.SecureClassLoader::defineClass@12
  0x000002cd5d8c6054: 2890 59fe 

  0x000002cd5d8c6058: ;   {other}
  0x000002cd5d8c6058: 0f1f 8400 | c828 0027 | 4885 c00f | 844b 0c00 | 0048 8bd0 | c5f8 7748 | 81c4 c000 

  0x000002cd5d8c6074: ;   {runtime_call _rethrow_Java}
  0x000002cd5d8c6074: 0000 5de9 | 0405 66fe 

  0x000002cd5d8c607c: ;   {oop(a 'jdk/internal/util/Preconditions$4'{0x000000070070e7a0})}
  0x000002cd5d8c607c: 48ba a0e7 | 7000 0700 | 0000 4533 | c045 8bca | 8bfb 488b | 6c24 204c | 8b5c 2440 | 4c89 5c24 
  0x000002cd5d8c609c: 3048 894c | 2448 4489 | 5424 5089 | 5c24 5490 

  0x000002cd5d8c60ac: ;   {static_call}
  0x000002cd5d8c60ac: c5f8 77e8 

  0x000002cd5d8c60b0: ; ImmutableOopMap {rbp=Oop [40]=Oop [48]=Oop [72]=Oop }
                      ;*invokestatic outOfBoundsCheckFromToIndex {reexecute=0 rethrow=0 return_oop=1}
                      ; - jdk.internal.util.Preconditions::checkFromToIndex@18
                      ; - java.lang.String::checkBoundsBeginEnd@6
                      ; - java.lang.String::substring@8
                      ; - java.lang.Class::getPackageName@62
                      ; - java.lang.ClassLoader::postDefineClass@2
                      ; - java.lang.ClassLoader::defineClass@37
                      ; - java.security.SecureClassLoader::defineClass@12
  0x000002cd5d8c60b0: cc8f 59fe 

  0x000002cd5d8c60b4: ;   {other}
  0x000002cd5d8c60b4: 0f1f 8400 | 2429 0028 | 0f1f 4000 | 4885 c075 | a4ba f6ff | ffff 6690 

  0x000002cd5d8c60cc: ;   {runtime_call UncommonTrapBlob}
  0x000002cd5d8c60cc: c5f8 77e8 

  0x000002cd5d8c60d0: ; ImmutableOopMap {}
                      ;*athrow {reexecute=1 rethrow=0 return_oop=0}
                      ; - (reexecute) jdk.internal.util.Preconditions::checkFromToIndex@21
                      ; - java.lang.String::checkBoundsBeginEnd@6
                      ; - java.lang.String::substring@8
                      ; - java.lang.Class::getPackageName@62
                      ; - java.lang.ClassLoader::postDefineClass@2
                      ; - java.lang.ClassLoader::defineClass@37
                      ; - java.security.SecureClassLoader::defineClass@12
  0x000002cd5d8c60d0: ace2 59fe 

  0x000002cd5d8c60d4: ;   {other}
  0x000002cd5d8c60d4: 0f1f 8400 | 4429 0029 | 4c8b 4c24 | 2048 896c | 2420 4c8b | 7424 308b | 4c24 384c | 8b6c 2448 
  0x000002cd5d8c60f4: e958 e9ff | ffba f6ff | ffff 488b | eb4c 8954 | 2420 6690 

  0x000002cd5d8c6108: ;   {runtime_call UncommonTrapBlob}
  0x000002cd5d8c6108: c5f8 77e8 

  0x000002cd5d8c610c: ; ImmutableOopMap {rbp=Oop [32]=Oop }
                      ;*invokevirtual putIfAbsent {reexecute=0 rethrow=0 return_oop=0}
                      ; - java.lang.ClassLoader::checkCerts@62
                      ; - java.lang.ClassLoader::preDefineClass@113
                      ; - java.lang.ClassLoader::defineClass@4
                      ; - java.security.SecureClassLoader::defineClass@12
  0x000002cd5d8c610c: 70e2 59fe 

  0x000002cd5d8c6110: ;   {other}
  0x000002cd5d8c6110: 0f1f 8400 | 8029 002a | baf6 ffff | ff66 6690 

  0x000002cd5d8c6120: ;   {runtime_call UncommonTrapBlob}
  0x000002cd5d8c6120: c5f8 77e8 

  0x000002cd5d8c6124: ; ImmutableOopMap {rbp=NarrowOop }
                      ;*invokevirtual toExternalForm {reexecute=0 rethrow=0 return_oop=0}
                      ; - java.net.URL::toExternalForm@5
                      ; - java.net.URL::toString@1
                      ; - java.lang.ClassLoader::defineClassSourceLocation@22
                      ; - java.lang.ClassLoader::defineClass@12
                      ; - java.security.SecureClassLoader::defineClass@12
  0x000002cd5d8c6124: 58e2 59fe 

  0x000002cd5d8c6128: ;   {other}
  0x000002cd5d8c6128: 0f1f 8400 | 9829 002b | baf6 ffff | ff48 8beb 

  0x000002cd5d8c6138: ;   {runtime_call UncommonTrapBlob}
  0x000002cd5d8c6138: c5f8 77e8 

  0x000002cd5d8c613c: ; ImmutableOopMap {rbp=Oop }
                      ;*invokevirtual get {reexecute=0 rethrow=0 return_oop=0}
                      ; - java.lang.ClassLoader::getNamedPackage@5
                      ; - java.lang.ClassLoader::postDefineClass@9
                      ; - java.lang.ClassLoader::defineClass@37
                      ; - java.security.SecureClassLoader::defineClass@12
  0x000002cd5d8c613c: 40e2 59fe 

  0x000002cd5d8c6140: ;   {other}
  0x000002cd5d8c6140: 0f1f 8400 | b029 002c | bade ffff | ff4c 8944 | 2440 4c89 | 4c24 4890 

  0x000002cd5d8c6158: ;   {runtime_call UncommonTrapBlob}
  0x000002cd5d8c6158: c5f8 77e8 

  0x000002cd5d8c615c: ; ImmutableOopMap {rbp=NarrowOop [32]=Oop [40]=Oop [48]=Oop [64]=Oop [72]=Oop }
                      ;*invokeinterface computeIfAbsent {reexecute=0 rethrow=0 return_oop=0}
                      ; - java.security.SecureClassLoader::getProtectionDomain@28
                      ; - java.security.SecureClassLoader::defineClass@9
  0x000002cd5d8c615c: 20e2 59fe 

  0x000002cd5d8c6160: ;   {other}
  0x000002cd5d8c6160: 0f1f 8400 | d029 002d | ba45 ffff | ff48 8b6c | 2428 6690 

  0x000002cd5d8c6174: ;   {runtime_call UncommonTrapBlob}
  0x000002cd5d8c6174: c5f8 77e8 

  0x000002cd5d8c6178: ; ImmutableOopMap {rbp=Oop [32]=Oop [48]=Oop [72]=Oop }
                      ;*ifeq {reexecute=1 rethrow=0 return_oop=0}
                      ; - (reexecute) java.lang.ClassLoader::checkName@8
                      ; - java.lang.ClassLoader::preDefineClass@1
                      ; - java.lang.ClassLoader::defineClass@4
                      ; - java.security.SecureClassLoader::defineClass@12
  0x000002cd5d8c6178: 04e2 59fe 

  0x000002cd5d8c617c: ;   {other}
  0x000002cd5d8c617c: 0f1f 8400 | ec29 002e | bace ffff | ff48 8b6c | 2428 c5fa | 1144 2458 | 4489 5424 | 5c66 6690 
  0x000002cd5d8c619c: ;   {runtime_call UncommonTrapBlob}
  0x000002cd5d8c619c: c5f8 77e8 

  0x000002cd5d8c61a0: ; ImmutableOopMap {rbp=Oop [32]=Oop [48]=Oop [72]=Oop [88]=NarrowOop }
                      ;*invokestatic indexOfChar {reexecute=0 rethrow=0 return_oop=0}
                      ; - java.lang.StringLatin1::indexOf@33
                      ; - java.lang.String::indexOf@17
                      ; - java.lang.String::indexOf@3
                      ; - java.lang.ClassLoader::checkName@16
                      ; - java.lang.ClassLoader::preDefineClass@1
                      ; - java.lang.ClassLoader::defineClass@4
                      ; - java.security.SecureClassLoader::defineClass@12
  0x000002cd5d8c61a0: dce1 59fe 

  0x000002cd5d8c61a4: ;   {other}
  0x000002cd5d8c61a4: 0f1f 8400 | 142a 002f | ba45 ffff | ff48 8944 | 2440 6690 

  0x000002cd5d8c61b8: ;   {runtime_call UncommonTrapBlob}
  0x000002cd5d8c61b8: c5f8 77e8 

  0x000002cd5d8c61bc: ; ImmutableOopMap {[32]=Oop [40]=Oop [64]=Oop [72]=Oop }
                      ;*ifeq {reexecute=1 rethrow=0 return_oop=0}
                      ; - (reexecute) java.lang.Class::getPackageName@13
                      ; - java.lang.ClassLoader::postDefineClass@2
                      ; - java.lang.ClassLoader::defineClass@37
                      ; - java.security.SecureClassLoader::defineClass@12
  0x000002cd5d8c61bc: c0e1 59fe 

  0x000002cd5d8c61c0: ;   {other}
  0x000002cd5d8c61c0: 0f1f 8400 | 302a 0030 | bade ffff | ff66 6690 

  0x000002cd5d8c61d0: ;   {runtime_call UncommonTrapBlob}
  0x000002cd5d8c61d0: c5f8 77e8 

  0x000002cd5d8c61d4: ; ImmutableOopMap {rbp=NarrowOop }
                      ;*checkcast {reexecute=0 rethrow=0 return_oop=0}
                      ; - java.lang.ClassLoader::getNamedPackage@8
                      ; - java.lang.ClassLoader::postDefineClass@9
                      ; - java.lang.ClassLoader::defineClass@37
                      ; - java.security.SecureClassLoader::defineClass@12
  0x000002cd5d8c61d4: a8e1 59fe 

  0x000002cd5d8c61d8: ;   {other}
  0x000002cd5d8c61d8: 0f1f 8400 | 482a 0031 | 33ed 4585 | db40 0f94 | c5ba 45ff | ffff 4c89 | 7424 504c | 8974 2458 
  0x000002cd5d8c61f8: ;   {runtime_call UncommonTrapBlob}
  0x000002cd5d8c61f8: c5f8 77e8 

  0x000002cd5d8c61fc: ; ImmutableOopMap {[40]=Oop [48]=Oop [72]=Oop [80]=Oop [88]=Oop }
                      ;*ifeq {reexecute=1 rethrow=0 return_oop=0}
                      ; - (reexecute) java.lang.String::indexOf@4
                      ; - java.lang.String::indexOf@3
                      ; - java.lang.ClassLoader::checkName@16
                      ; - java.lang.ClassLoader::preDefineClass@1
                      ; - java.lang.ClassLoader::defineClass@4
                      ; - java.security.SecureClassLoader::defineClass@12
  0x000002cd5d8c61fc: 80e1 59fe 

  0x000002cd5d8c6200: ;   {other}
  0x000002cd5d8c6200: 0f1f 8400 | 702a 0032 | ba45 ffff | ff48 8b6c | 2428 895c | 2450 6690 

  0x000002cd5d8c6218: ;   {runtime_call UncommonTrapBlob}
  0x000002cd5d8c6218: c5f8 77e8 

  0x000002cd5d8c621c: ; ImmutableOopMap {rbp=Oop [32]=Oop [48]=Oop [72]=Oop }
                      ;*if_icmpne {reexecute=1 rethrow=0 return_oop=0}
                      ; - (reexecute) java.lang.ClassLoader::checkName@20
                      ; - java.lang.ClassLoader::preDefineClass@1
                      ; - java.lang.ClassLoader::defineClass@4
                      ; - java.security.SecureClassLoader::defineClass@12
  0x000002cd5d8c621c: 60e1 59fe 

  0x000002cd5d8c6220: ;   {other}
  0x000002cd5d8c6220: 0f1f 8400 | 902a 0033 | ba45 ffff | ff66 6690 

  0x000002cd5d8c6230: ;   {runtime_call UncommonTrapBlob}
  0x000002cd5d8c6230: c5f8 77e8 

  0x000002cd5d8c6234: ; ImmutableOopMap {rbp=Oop [32]=Oop [40]=Oop [48]=Oop }
                      ;*ifnonnull {reexecute=1 rethrow=0 return_oop=0}
                      ; - (reexecute) java.security.SecureClassLoader::getProtectionDomain@1
                      ; - java.security.SecureClassLoader::defineClass@9
  0x000002cd5d8c6234: 48e1 59fe 

  0x000002cd5d8c6238: ;   {other}
  0x000002cd5d8c6238: 0f1f 8400 | a82a 0034 | ba45 ffff | ff4c 8974 | 2450 6690 

  0x000002cd5d8c624c: ;   {runtime_call UncommonTrapBlob}
  0x000002cd5d8c624c: c5f8 77e8 

  0x000002cd5d8c6250: ; ImmutableOopMap {[40]=Oop [48]=Oop [72]=Oop [80]=Oop }
                      ;*if_icmpne {reexecute=1 rethrow=0 return_oop=0}
                      ; - (reexecute) java.lang.ClassLoader::checkName@30
                      ; - java.lang.ClassLoader::preDefineClass@1
                      ; - java.lang.ClassLoader::defineClass@4
                      ; - java.security.SecureClassLoader::defineClass@12
  0x000002cd5d8c6250: 2ce1 59fe 

  0x000002cd5d8c6254: ;   {other}
  0x000002cd5d8c6254: 0f1f 8400 | c42a 0035 | ba45 ffff | ff41 8bea | 4c8b 5424 | 284c 8954 | 2420 4c89 | 6c24 504c 
  0x000002cd5d8c6274: 8974 2458 

  0x000002cd5d8c6278: ;   {runtime_call UncommonTrapBlob}
  0x000002cd5d8c6278: c5f8 77e8 

  0x000002cd5d8c627c: ; ImmutableOopMap {[32]=Oop [48]=Oop [64]=NarrowOop [72]=Oop [80]=Oop [88]=Oop }
                      ;*if_icmpne {reexecute=1 rethrow=0 return_oop=0}
                      ; - (reexecute) java.lang.ClassLoader::checkCerts@9
                      ; - java.lang.ClassLoader::preDefineClass@113
                      ; - java.lang.ClassLoader::defineClass@4
                      ; - java.security.SecureClassLoader::defineClass@12
  0x000002cd5d8c627c: 00e1 59fe 

  0x000002cd5d8c6280: ;   {other}
  0x000002cd5d8c6280: 0f1f 8400 | f02a 0036 | ba45 ffff | ff44 8954 | 2420 4489 | 5424 244c | 896c 2458 | 4c89 7424 
  0x000002cd5d8c62a0: 604c 8974 | 2468 6690 

  0x000002cd5d8c62a8: ;   {runtime_call UncommonTrapBlob}
  0x000002cd5d8c62a8: c5f8 77e8 

  0x000002cd5d8c62ac: ; ImmutableOopMap {[40]=Oop [48]=Oop [64]=NarrowOop [72]=Oop [88]=Oop [96]=Oop [104]=Oop }
                      ;*if_icmple {reexecute=1 rethrow=0 return_oop=0}
                      ; - (reexecute) jdk.internal.util.Preconditions::checkFromToIndex@11
                      ; - java.lang.String::checkBoundsBeginEnd@6
                      ; - java.lang.String::substring@8
                      ; - java.lang.ClassLoader::checkCerts@21
                      ; - java.lang.ClassLoader::preDefineClass@113
                      ; - java.lang.ClassLoader::defineClass@4
                      ; - java.security.SecureClassLoader::defineClass@12
  0x000002cd5d8c62ac: d0e0 59fe 

  0x000002cd5d8c62b0: ;   {other}
  0x000002cd5d8c62b0: 0f1f 8400 | 202b 0037 | ba45 ffff | ff48 8b6c | 2428 4c8b | 5424 484c | 8954 2440 | 4489 5c24 
  0x000002cd5d8c62d0: 4866 6690 

  0x000002cd5d8c62d4: ;   {runtime_call UncommonTrapBlob}
  0x000002cd5d8c62d4: c5f8 77e8 

  0x000002cd5d8c62d8: ; ImmutableOopMap {rbp=Oop [32]=Oop [48]=Oop [64]=Oop }
                      ;*ifne {reexecute=1 rethrow=0 return_oop=0}
                      ; - (reexecute) java.lang.ClassLoader::compareCerts@7
                      ; - java.lang.ClassLoader::checkCerts@80
                      ; - java.lang.ClassLoader::preDefineClass@113
                      ; - java.lang.ClassLoader::defineClass@4
                      ; - java.security.SecureClassLoader::defineClass@12
  0x000002cd5d8c62d8: a4e0 59fe 

  0x000002cd5d8c62dc: ;   {other}
  0x000002cd5d8c62dc: 0f1f 8400 | 4c2b 0038 | ba45 ffff | ff4c 8b54 | 2440 4c89 | 5424 384c | 894c 2440 | 4c89 7424 
  0x000002cd5d8c62fc: 4889 4c24 | 5066 6690 

  0x000002cd5d8c6304: ;   {runtime_call UncommonTrapBlob}
  0x000002cd5d8c6304: c5f8 77e8 

  0x000002cd5d8c6308: ; ImmutableOopMap {[32]=Oop [56]=Oop [64]=Oop [72]=Oop [80]=NarrowOop }
                      ;*ifle {reexecute=1 rethrow=0 return_oop=0}
                      ; - (reexecute) java.util.concurrent.ConcurrentHashMap::get@23
                      ; - java.lang.ClassLoader::getNamedPackage@5
                      ; - java.lang.ClassLoader::postDefineClass@9
                      ; - java.lang.ClassLoader::defineClass@37
                      ; - java.security.SecureClassLoader::defineClass@12
  0x000002cd5d8c6308: 74e0 59fe 

  0x000002cd5d8c630c: ;   {other}
  0x000002cd5d8c630c: 0f1f 8400 | 7c2b 0039 | 4889 5424 | 5848 895c | 2450 498b | ed44 8bee | 498b d7c5 | f877 49ba 
  0x000002cd5d8c632c: 002a 2024 | fc7f 0000 

  0x000002cd5d8c6334: ;   {other}
  0x000002cd5d8c6334: 41ff d20f | 1f84 0000 | 0000 0041 | 8bf5 4c8b | ed48 8b5c | 2450 488b | 5424 58e9 | 97de ffff 
  0x000002cd5d8c6354: baf6 ffff | ff48 8b6c | 2430 4889 | 7c24 2090 

  0x000002cd5d8c6364: ;   {runtime_call UncommonTrapBlob}
  0x000002cd5d8c6364: c5f8 77e8 

  0x000002cd5d8c6368: ; ImmutableOopMap {rbp=Oop [32]=Oop }
                      ;*invokevirtual putIfAbsent {reexecute=0 rethrow=0 return_oop=0}
                      ; - java.lang.ClassLoader::getNamedPackage@32
                      ; - java.lang.ClassLoader::postDefineClass@9
                      ; - java.lang.ClassLoader::defineClass@37
                      ; - java.security.SecureClassLoader::defineClass@12
  0x000002cd5d8c6368: 14e0 59fe 

  0x000002cd5d8c636c: ;   {other}
  0x000002cd5d8c636c: 0f1f 8400 | dc2b 003a | 488b e8ba | 54ff ffff 

  0x000002cd5d8c637c: ;   {runtime_call UncommonTrapBlob}
  0x000002cd5d8c637c: c5f8 77e8 

  0x000002cd5d8c6380: ; ImmutableOopMap {rbp=Oop [32]=Oop [40]=Oop [56]=NarrowOop [64]=Oop [72]=Oop }
                      ;*ifnull {reexecute=1 rethrow=0 return_oop=0}
                      ; - (reexecute) java.lang.ClassLoader::getNamedPackage@42
                      ; - java.lang.ClassLoader::postDefineClass@9
                      ; - java.lang.ClassLoader::defineClass@37
                      ; - java.security.SecureClassLoader::defineClass@12
  0x000002cd5d8c6380: fcdf 59fe 

  0x000002cd5d8c6384: ;   {other}
  0x000002cd5d8c6384: 0f1f 8400 | f42b 003b | ba45 ffff | ff4c 8b54 | 2440 4c89 | 5424 304c | 894c 2438 | 4889 4424 
  0x000002cd5d8c63a4: 584c 8974 | 2460 894c | 244c 6690 

  0x000002cd5d8c63b0: ;   {runtime_call UncommonTrapBlob}
  0x000002cd5d8c63b0: c5f8 77e8 

  0x000002cd5d8c63b4: ; ImmutableOopMap {[32]=Oop [48]=Oop [56]=Oop [76]=NarrowOop [88]=Oop [96]=Oop }
                      ;*ifeq {reexecute=1 rethrow=0 return_oop=0}
                      ; - (reexecute) java.lang.NamedPackage::<init>@8
                      ; - java.lang.ClassLoader::getNamedPackage@22
                      ; - java.lang.ClassLoader::postDefineClass@9
                      ; - java.lang.ClassLoader::defineClass@37
                      ; - java.security.SecureClassLoader::defineClass@12
  0x000002cd5d8c63b4: c8df 59fe 

  0x000002cd5d8c63b8: ;   {other}
  0x000002cd5d8c63b8: 0f1f 8400 | 282c 003c | 4d63 cae9 | 71dc ffff | 4983 c1fe | 498b c949 | 8bfb 4833 | c048 83f9 
  0x000002cd5d8c63d8: 087f 1048 | ffc9 784f | 4889 04cf | 48ff c97d | f7eb 44c5 | fdef c0e9 | 0d00 0000 | c5fe 7f07 
  0x000002cd5d8c63f8: c5fe 7f47 | 2048 83c7 | 4048 83e9 | 087d ed48 | 83c1 047c | 0cc5 fe7f | 0748 83c7 | 2048 83e9 
  0x000002cd5d8c6418: 0448 83c1 | 047e 1048 | ffc9 c5f9 | d607 4883 | c708 48ff | c97d f3e9 | d8dc ffff | bacc ffff 
  0x000002cd5d8c6438: ff44 8954 | 2420 448b | 5c24 3844 | 895c 2424 | 448b 5424 | 3c44 8954 | 2438 4c89 | 6c24 584c 
  0x000002cd5d8c6458: 8974 2460 | 448b 5424 | 4044 8954 | 243c 4889 | 5c24 68c5 | fa11 4424 | 7066 6690 

  0x000002cd5d8c6474: ;   {runtime_call UncommonTrapBlob}
  0x000002cd5d8c6474: c5f8 77e8 

  0x000002cd5d8c6478: ; ImmutableOopMap {[40]=Oop [48]=Oop [60]=NarrowOop [72]=Oop [88]=Oop [96]=Oop [104]=Oop [112]=NarrowOop }
                      ;*newarray {reexecute=1 rethrow=0 return_oop=0}
                      ; - (reexecute) java.util.Arrays::copyOfRangeByte@10
                      ; - java.util.Arrays::copyOfRange@13
                      ; - java.lang.StringLatin1::newString@16
                      ; - java.lang.String::substring@41
                      ; - java.lang.ClassLoader::checkCerts@21
                      ; - java.lang.ClassLoader::preDefineClass@113
                      ; - java.lang.ClassLoader::defineClass@4
                      ; - java.security.SecureClassLoader::defineClass@12
  0x000002cd5d8c6478: 04df 59fe 

  0x000002cd5d8c647c: ;   {other}
  0x000002cd5d8c647c: 0f1f 8400 | ec2c 003d | 33ed 4585 | d240 0f94 | c5ba 45ff | ffff 4c8b | 5424 484c | 8954 2438 
  0x000002cd5d8c649c: 4889 4c24 | 5844 894c | 2460 6690 

  0x000002cd5d8c64a8: ;   {runtime_call UncommonTrapBlob}
  0x000002cd5d8c64a8: c5f8 77e8 

  0x000002cd5d8c64ac: ; ImmutableOopMap {[32]=Oop [40]=Oop [56]=Oop [88]=Oop }
                      ;*ifeq {reexecute=1 rethrow=0 return_oop=0}
                      ; - (reexecute) java.lang.String::lastIndexOf@4
                      ; - java.lang.String::lastIndexOf@8
                      ; - java.lang.Class::getPackageName@47
                      ; - java.lang.ClassLoader::postDefineClass@2
                      ; - java.lang.ClassLoader::defineClass@37
                      ; - java.security.SecureClassLoader::defineClass@12
  0x000002cd5d8c64ac: d0de 59fe 

  0x000002cd5d8c64b0: ;   {other}
  0x000002cd5d8c64b0: 0f1f 8400 | 202d 003e | 498b d7c5 | f877 49ba | 002a 2024 | fc7f 0000 

  0x000002cd5d8c64c8: ;   {other}
  0x000002cd5d8c64c8: 41ff d20f | 1f84 0000 | 0000 00e9 | a2e1 ffff | ba45 ffff | ff48 8b6c | 2420 4c8b | 5c24 404c 
  0x000002cd5d8c64e8: 895c 2430 | 4489 5424 | 4866 6690 

  0x000002cd5d8c64f4: ;   {runtime_call UncommonTrapBlob}
  0x000002cd5d8c64f4: c5f8 77e8 

  0x000002cd5d8c64f8: ; ImmutableOopMap {rbp=Oop [40]=Oop [48]=Oop }
                      ;*if_icmpeq {reexecute=1 rethrow=0 return_oop=0}
                      ; - (reexecute) java.lang.Class::getPackageName@55
                      ; - java.lang.ClassLoader::postDefineClass@2
                      ; - java.lang.ClassLoader::defineClass@37
                      ; - java.security.SecureClassLoader::defineClass@12
  0x000002cd5d8c64f8: 84de 59fe 

  0x000002cd5d8c64fc: ;   {other}
  0x000002cd5d8c64fc: 0f1f 8400 | 6c2d 003f | ba45 ffff | ff48 8b6c | 2420 4c8b | 5c24 404c | 895c 2430 | 4889 4c24 
  0x000002cd5d8c651c: 4844 8954 | 2458 895c | 245c 4489 | 5424 6089 | 5c24 6490 

  0x000002cd5d8c6530: ;   {runtime_call UncommonTrapBlob}
  0x000002cd5d8c6530: c5f8 77e8 

  0x000002cd5d8c6534: ; ImmutableOopMap {rbp=Oop [40]=Oop [48]=Oop [72]=Oop }
                      ;*if_icmple {reexecute=1 rethrow=0 return_oop=0}
                      ; - (reexecute) jdk.internal.util.Preconditions::checkFromToIndex@11
                      ; - java.lang.String::checkBoundsBeginEnd@6
                      ; - java.lang.String::substring@8
                      ; - java.lang.Class::getPackageName@62
                      ; - java.lang.ClassLoader::postDefineClass@2
                      ; - java.lang.ClassLoader::defineClass@37
                      ; - java.security.SecureClassLoader::defineClass@12
  0x000002cd5d8c6534: 48de 59fe 

  0x000002cd5d8c6538: ;   {other}
  0x000002cd5d8c6538: 0f1f 8400 | a82d 0040 | 498b d7c5 | f877 49ba | 002a 2024 | fc7f 0000 

  0x000002cd5d8c6550: ;   {other}
  0x000002cd5d8c6550: 41ff d20f | 1f84 0000 | 0000 000f | 1f44 0000 | e9b7 e0ff | ff49 63ca | e92c dfff | ff48 83c1 
  0x000002cd5d8c6570: fe49 8bfb | 4833 c048 | 83f9 087f | 1048 ffc9 | 784f 4889 | 04cf 48ff | c97d f7eb | 44c5 fdef 
  0x000002cd5d8c6590: c0e9 0d00 | 0000 c5fe | 7f07 c5fe | 7f47 2048 | 83c7 4048 | 83e9 087d | ed48 83c1 | 047c 0cc5 
  0x000002cd5d8c65b0: fe7f 0748 | 83c7 2048 | 83e9 0448 | 83c1 047e | 1048 ffc9 | c5f9 d607 | 4883 c708 | 48ff c97d 
  0x000002cd5d8c65d0: f3e9 99df | ffff bacc | ffff ff48 | 8b6c 2420 | 4c8b 4424 | 404c 8944 | 2430 4889 | 5c24 5044 
  0x000002cd5d8c65f0: 895c 2458 | 4489 5424 | 6066 6690 

  0x000002cd5d8c65fc: ;   {runtime_call UncommonTrapBlob}
  0x000002cd5d8c65fc: c5f8 77e8 

  0x000002cd5d8c6600: ; ImmutableOopMap {rbp=Oop [40]=Oop [48]=Oop [80]=Oop [88]=NarrowOop }
                      ;*newarray {reexecute=1 rethrow=0 return_oop=0}
                      ; - (reexecute) java.util.Arrays::copyOfRangeByte@10
                      ; - java.util.Arrays::copyOfRange@13
                      ; - java.lang.StringLatin1::newString@16
                      ; - java.lang.String::substring@41
                      ; - java.lang.Class::getPackageName@62
                      ; - java.lang.ClassLoader::postDefineClass@2
                      ; - java.lang.ClassLoader::defineClass@37
                      ; - java.security.SecureClassLoader::defineClass@12
  0x000002cd5d8c6600: 7cdd 59fe 

  0x000002cd5d8c6604: ;   {other}
  0x000002cd5d8c6604: 0f1f 8400 | 742e 0041 | 498b d7c5 | f877 49ba | 002a 2024 | fc7f 0000 

  0x000002cd5d8c661c: ;   {other}
  0x000002cd5d8c661c: 41ff d20f | 1f84 0000 | 0000 00e9 | 09e5 ffff | 498b d7c5 | f877 49ba | 002a 2024 | fc7f 0000 
  0x000002cd5d8c663c: ;   {other}
  0x000002cd5d8c663c: 41ff d20f | 1f84 0000 | 0000 00e9 | a2e4 ffff | 8b7c 2440 | 458b 5cfc | 1445 85db | 0f84 51ec 
  0x000002cd5d8c665c: ffff 4d8b | 4728 498b | cb48 c1e1 | 034d 85c0 | 0f84 8805 | 0000 4d8b | 5f38 4b89 | 4c03 f849 
  0x000002cd5d8c667c: 83c0 f84d | 8947 28e9 | 27ec ffff | 4d8b 5748 | 4d8b 5f58 | f083 4424 | c000 8039 | 0074 3444 
  0x000002cd5d8c669c: 8821 6690 | 4d85 d274 | 0f4b 894c | 13f8 4983 | c2f8 4d89 | 5748 eb1b | 498b d7c5 | f877 49ba 
  0x000002cd5d8c66bc: e029 2024 | fc7f 0000 

  0x000002cd5d8c66c4: ;   {other}
  0x000002cd5d8c66c4: 41ff d20f | 1f84 0000 | 0000 0045 | 8b54 fc14 | 4585 d20f | 84ef 0500 | 0049 c1e2 | 03e9 03ec 
  0x000002cd5d8c66e4: ffff 8bfd | 458b 54ec | 1445 85d2 | 0f84 24f1 | ffff 4d8b | 5f28 498b | ca48 c1e1 | 034d 85db 
  0x000002cd5d8c6704: 0f84 1b05 | 0000 4d8b | 5738 4b89 | 4c1a f849 | 83c3 f84d | 895f 280f | 1f44 0000 | e9f5 f0ff 
  0x000002cd5d8c6724: ff4d 8b57 | 484d 8b5f | 58f0 8344 | 24c0 0041 | 8038 0074 | 3945 8820 | 0f1f 4000 | 4d85 d274 
  0x000002cd5d8c6744: 0f4f 8944 | 13f8 4983 | c2f8 4d89 | 5748 eb1e | 498b c849 | 8bd7 c5f8 | 7749 bae0 | 2920 24fc 
  0x000002cd5d8c6764: 7f00 0041 

  0x000002cd5d8c6768: ;   {other}
  0x000002cd5d8c6768: ffd2 0f1f | 8400 0000 | 0000 458b | 5cfc 1466 | 0f1f 8400 | 0000 0000 | 4585 db0f | 845b 0500 
  0x000002cd5d8c6788: 004d 8bd3 | 49c1 e203 | 4c89 5424 | 38e9 c1f0 | ffff 41bb | 0100 0000 | 418b ebba | e6ff ffff 
  0x000002cd5d8c67a8: c5fa 1144 | 2420 6690 

  0x000002cd5d8c67b0: ;   {runtime_call UncommonTrapBlob}
  0x000002cd5d8c67b0: c5f8 77e8 

  0x000002cd5d8c67b4: ; ImmutableOopMap {[32]=NarrowOop }
                      ;*baload {reexecute=0 rethrow=0 return_oop=0}
                      ; - jdk.internal.util.ArraysSupport::mismatch@82
                      ; - java.lang.String::startsWith@70
                      ; - java.lang.String::startsWith@3
                      ; - java.lang.ClassLoader::preDefineClass@43
                      ; - java.lang.ClassLoader::defineClass@4
                      ; - java.security.SecureClassLoader::defineClass@12
  0x000002cd5d8c67b4: c8db 59fe 

  0x000002cd5d8c67b8: ;   {other}
  0x000002cd5d8c67b8: 0f1f 8400 | 2830 0042 | ba45 ffff | ff4c 8b5c | 2440 4c89 | 5c24 384c | 894c 2440 | 894c 2450 
  0x000002cd5d8c67d8: 4c89 7424 | 5844 8944 | 2454 4489 | 5424 6090 

  0x000002cd5d8c67e8: ;   {runtime_call UncommonTrapBlob}
  0x000002cd5d8c67e8: c5f8 77e8 

  0x000002cd5d8c67ec: ; ImmutableOopMap {rbp=NarrowOop [32]=Oop [56]=Oop [64]=Oop [80]=NarrowOop [84]=NarrowOop [88]=Oop }
                      ;*ifnull {reexecute=1 rethrow=0 return_oop=0}
                      ; - (reexecute) java.util.concurrent.ConcurrentHashMap::get@67
                      ; - java.lang.ClassLoader::getNamedPackage@5
                      ; - java.lang.ClassLoader::postDefineClass@9
                      ; - java.lang.ClassLoader::defineClass@37
                      ; - java.security.SecureClassLoader::defineClass@12
  0x000002cd5d8c67ec: 90db 59fe 

  0x000002cd5d8c67f0: ;   {other}
  0x000002cd5d8c67f0: 0f1f 8400 | 6030 0043 | 4c89 5c24 | 6844 8954 | 2454 4889 | 5c24 604c | 896c 2458 | 8974 2450 
  0x000002cd5d8c6810: 4c89 7424 | 404c 8b54 | 2428 4c89 | 5424 2048 | ba00 0000 | 0008 0000 | 0049 03d1 

  0x000002cd5d8c682c: ;   {runtime_call _new_array_Java}
  0x000002cd5d8c682c: c5f8 77e8 

  0x000002cd5d8c6830: ; ImmutableOopMap {rbp=Oop [32]=Oop [48]=Oop [64]=Oop [72]=Oop [84]=NarrowOop [88]=Oop [96]=Oop }
                      ;*invokevirtual clone {reexecute=1 rethrow=0 return_oop=1}
                      ; - (reexecute) java.security.CodeSource::getCertificates@11
                      ; - java.lang.ClassLoader::checkCerts@34
                      ; - java.lang.ClassLoader::preDefineClass@113
                      ; - java.lang.ClassLoader::defineClass@4
                      ; - java.security.SecureClassLoader::defineClass@12
  0x000002cd5d8c6830: 4c7f 65fe 

  0x000002cd5d8c6834: ;   {other}
  0x000002cd5d8c6834: 0f1f 8400 | a430 0044 | 4c8b 5424 | 204c 8954 | 2428 4c8b | 7424 408b | 7424 504c | 8b6c 2458 
  0x000002cd5d8c6854: 488b 5c24 | 6044 8b54 | 2454 4c8b | 5c24 6848 | 8bf8 e9e3 | e7ff ff4c | 8944 2438 | 895c 2430 
  0x000002cd5d8c6874: 4c8b 5c24 | 204c 895c | 2428 4c89 | 4c24 2048 | ba00 0000 | 0008 0000 | 0049 03d2 | 448b c790 
  0x000002cd5d8c6894: ;   {runtime_call _new_array_Java}
  0x000002cd5d8c6894: c5f8 77e8 

  0x000002cd5d8c6898: ; ImmutableOopMap {rbp=Oop [32]=Oop [40]=Oop [48]=NarrowOop }
                      ;*invokevirtual clone {reexecute=1 rethrow=0 return_oop=1}
                      ; - (reexecute) java.security.CodeSource::getCertificates@11
                      ; - java.lang.ClassLoader::postDefineClass@24
                      ; - java.lang.ClassLoader::defineClass@37
                      ; - java.security.SecureClassLoader::defineClass@12
  0x000002cd5d8c6898: e47e 65fe 

  0x000002cd5d8c689c: ;   {other}
  0x000002cd5d8c689c: 0f1f 8400 | 0c31 0045 | 4c8b 5424 | 284c 8954 | 2420 8b5c | 2430 4c8b | 4424 38e9 | 83ed ffff 
  0x000002cd5d8c68bc: ba45 ffff | ff4c 8b5c | 2440 4c89 | 5c24 384c | 894c 2440 | 894c 2450 | 4c89 7424 | 584c 8944 
  0x000002cd5d8c68dc: 2460 4489 | 5424 5490 

  0x000002cd5d8c68e4: ;   {runtime_call UncommonTrapBlob}
  0x000002cd5d8c68e4: c5f8 77e8 

  0x000002cd5d8c68e8: ; ImmutableOopMap {rbp=NarrowOop [32]=Oop [56]=Oop [64]=Oop [80]=NarrowOop [88]=Oop [96]=Oop }
                      ;*ifnull {reexecute=1 rethrow=0 return_oop=0}
                      ; - (reexecute) java.util.concurrent.ConcurrentHashMap::get@143
                      ; - java.lang.ClassLoader::getNamedPackage@5
                      ; - java.lang.ClassLoader::postDefineClass@9
                      ; - java.lang.ClassLoader::defineClass@37
                      ; - java.security.SecureClassLoader::defineClass@12
  0x000002cd5d8c68e8: 94da 59fe 

  0x000002cd5d8c68ec: ;   {other}
  0x000002cd5d8c68ec: 0f1f 8400 | 5c31 0046 | 4c8b 4c24 | 204c 8b54 | 2428 4c89 | 5424 204c | 8b74 2430 | 8b4c 2438 
  0x000002cd5d8c690c: 4c8b 6c24 | 48e9 3be1 | ffff 4889 | 4c24 7044 | 8944 2468 | 4889 5c24 | 6044 895c | 2454 4c89 
  0x000002cd5d8c692c: 6c24 5889 | 7424 504c | 8b54 2448 | 4c89 5424 | 404c 8974 | 2420 488b 

  0x000002cd5d8c6944: ;   {metadata('java/util/ArrayList')}
  0x000002cd5d8c6944: 6c24 2848 | ba10 7e05 | 0008 0000 | 0066 6690 

  0x000002cd5d8c6954: ;   {runtime_call _new_instance_Java}
  0x000002cd5d8c6954: c5f8 77e8 

  0x000002cd5d8c6958: ; ImmutableOopMap {rbp=Oop [32]=Oop [48]=Oop [64]=Oop [84]=NarrowOop [88]=Oop [96]=Oop [104]=NarrowOop [112]=Oop }
                      ;*new {reexecute=0 rethrow=0 return_oop=1}
                      ; - java.security.CodeSource::getCertificates@25
                      ; - java.lang.ClassLoader::checkCerts@34
                      ; - java.lang.ClassLoader::preDefineClass@113
                      ; - java.lang.ClassLoader::defineClass@4
                      ; - java.security.SecureClassLoader::defineClass@12
  0x000002cd5d8c6958: a467 65fe 

  0x000002cd5d8c695c: ;   {other}
  0x000002cd5d8c695c: 0f1f 8400 | cc31 0047 | 4889 6c24 | 284c 8b74 | 2420 4c8b | 5424 404c | 8954 2448 | 8b74 2450 
  0x000002cd5d8c697c: 4c8b 6c24 | 5844 8b5c | 2454 4489 | 5c24 4048 | 8b5c 2460 | 448b 4424 | 6848 8b4c | 2470 e933 
  0x000002cd5d8c699c: e7ff ff48 | 897c 2470 | 4889 4c24 | 6848 895c | 2460 4c89 | 5424 584c | 896c 2450 | 8974 2444 
  0x000002cd5d8c69bc: 4c89 7424 | 2048 8b6c 

  0x000002cd5d8c69c4: ;   {metadata('java/security/cert/Certificate'[])}
  0x000002cd5d8c69c4: 2428 48ba | 182e 0300 | 0800 0000 | 4533 c090 

  0x000002cd5d8c69d4: ;   {runtime_call _new_array_Java}
  0x000002cd5d8c69d4: c5f8 77e8 

  0x000002cd5d8c69d8: ; ImmutableOopMap {rbp=Oop [32]=Oop [48]=Oop [64]=NarrowOop [72]=Oop [80]=Oop [96]=Oop [104]=Oop [112]=Oop }
                      ;*anewarray {reexecute=0 rethrow=0 return_oop=1}
                      ; - java.security.CodeSource::getCertificates@70
                      ; - java.lang.ClassLoader::checkCerts@34
                      ; - java.lang.ClassLoader::preDefineClass@113
                      ; - java.lang.ClassLoader::defineClass@4
                      ; - java.security.SecureClassLoader::defineClass@12
  0x000002cd5d8c69d8: a47d 65fe 

  0x000002cd5d8c69dc: ;   {other}
  0x000002cd5d8c69dc: 0f1f 8400 | 4c32 0048 | e987 e8ff | ff4c 8944 | 2468 4c89 | 5424 2848 | ba00 0000 | 0008 0000 
  0x000002cd5d8c69fc: 0049 03d3 | 458b c190 

  0x000002cd5d8c6a04: ;   {runtime_call _new_array_Java}
  0x000002cd5d8c6a04: c5f8 77e8 

  0x000002cd5d8c6a08: ; ImmutableOopMap {rbp=Oop [32]=Oop [40]=Oop [48]=Oop [72]=Oop [80]=Oop [96]=Oop }
                      ;*invokevirtual clone {reexecute=1 rethrow=0 return_oop=1}
                      ; - (reexecute) java.security.CodeSource::getCertificates@86
                      ; - java.lang.ClassLoader::checkCerts@34
                      ; - java.lang.ClassLoader::preDefineClass@113
                      ; - java.lang.ClassLoader::defineClass@4
                      ; - java.security.SecureClassLoader::defineClass@12
  0x000002cd5d8c6a08: 747d 65fe 

  0x000002cd5d8c6a0c: ;   {other}
  0x000002cd5d8c6a0c: 0f1f 8400 | 7c32 0049 | 4c8b 5424 | 284c 8b44 | 2468 488b | f8e9 3be9 | ffff bd02 | 0000 00e9 
  0x000002cd5d8c6a2c: 73fd ffff | 4889 4c24 | 3044 8954 | 242c 4489 | 5c24 2849 

  0x000002cd5d8c6a40: ;   {metadata('java/util/ArrayList')}
  0x000002cd5d8c6a40: 8be9 48ba | 107e 0500 | 0800 0000 

  0x000002cd5d8c6a4c: ;   {runtime_call _new_instance_Java}
  0x000002cd5d8c6a4c: c5f8 77e8 

  0x000002cd5d8c6a50: ; ImmutableOopMap {rbp=Oop [32]=Oop [40]=NarrowOop [44]=NarrowOop [48]=Oop }
                      ;*new {reexecute=0 rethrow=0 return_oop=1}
                      ; - java.security.CodeSource::getCertificates@25
                      ; - java.lang.ClassLoader::postDefineClass@24
                      ; - java.lang.ClassLoader::defineClass@37
                      ; - java.security.SecureClassLoader::defineClass@12
  0x000002cd5d8c6a50: ac66 65fe 

  0x000002cd5d8c6a54: ;   {other}
  0x000002cd5d8c6a54: 0f1f 8400 | c432 004a | 4c8b cd44 | 8b5c 2428 | 448b 5424 | 2c48 8b4c | 2430 e944 | ecff ff48 
  0x000002cd5d8c6a74: 895c 2438 | 4889 4c24 | 3041 8beb | 4c89 4c24 

  0x000002cd5d8c6a84: ;   {metadata('java/security/cert/Certificate'[])}
  0x000002cd5d8c6a84: 2848 ba18 | 2e03 0008 | 0000 0045 | 33c0 6690 

  0x000002cd5d8c6a94: ;   {runtime_call _new_array_Java}
  0x000002cd5d8c6a94: c5f8 77e8 

  0x000002cd5d8c6a98: ; ImmutableOopMap {rbp=NarrowOop [32]=Oop [40]=Oop [48]=Oop [56]=Oop }
                      ;*anewarray {reexecute=0 rethrow=0 return_oop=1}
                      ; - java.security.CodeSource::getCertificates@70
                      ; - java.lang.ClassLoader::postDefineClass@24
                      ; - java.lang.ClassLoader::defineClass@37
                      ; - java.security.SecureClassLoader::defineClass@12
  0x000002cd5d8c6a98: e47c 65fe 

  0x000002cd5d8c6a9c: ;   {other}
  0x000002cd5d8c6a9c: 0f1f 8400 | 0c33 004b | e933 edff | ff48 ba00 | 0000 0008 | 0000 0049 | 03d2 6690 

  0x000002cd5d8c6ab8: ;   {runtime_call _new_array_Java}
  0x000002cd5d8c6ab8: c5f8 77e8 

  0x000002cd5d8c6abc: ; ImmutableOopMap {[32]=Oop [40]=Oop [56]=Oop }
                      ;*invokevirtual clone {reexecute=1 rethrow=0 return_oop=1}
                      ; - (reexecute) java.security.CodeSource::getCertificates@86
                      ; - java.lang.ClassLoader::postDefineClass@24
                      ; - java.lang.ClassLoader::defineClass@37
                      ; - java.security.SecureClassLoader::defineClass@12
  0x000002cd5d8c6abc: c07c 65fe 

  0x000002cd5d8c6ac0: ;   {other}
  0x000002cd5d8c6ac0: 0f1f 8400 | 3033 004c | e907 eeff | ffba 76ff | ffff 488b | 6c24 284c | 8b54 2448 | 4c89 5424 
  0x000002cd5d8c6ae0: 4048 894c | 2458 4489 | 4424 6089 | 7c24 6489 | 5c24 684c | 894c 2470 | 4489 5c24 | 7866 6690 
  0x000002cd5d8c6b00: ;   {runtime_call UncommonTrapBlob}
  0x000002cd5d8c6b00: c5f8 77e8 

  0x000002cd5d8c6b04: ; ImmutableOopMap {rbp=Oop [32]=Oop [48]=Oop [64]=Oop [88]=Oop [104]=NarrowOop [112]=Oop }
                      ;*if_icmpge {reexecute=1 rethrow=0 return_oop=0}
                      ; - (reexecute) java.lang.ClassLoader::compareCerts@67
                      ; - java.lang.ClassLoader::checkCerts@80
                      ; - java.lang.ClassLoader::preDefineClass@113
                      ; - java.lang.ClassLoader::defineClass@4
                      ; - java.security.SecureClassLoader::defineClass@12
  0x000002cd5d8c6b04: 78d8 59fe 

  0x000002cd5d8c6b08: ;   {other}
  0x000002cd5d8c6b08: 0f1f 8400 | 7833 004d | ba76 ffff | ff48 8b6c | 2428 4c8b | 4424 484c | 8944 2440 | 4c8b 8424 
  0x000002cd5d8c6b28: 8800 0000 | 4c89 5424 | 5044 895c | 245c 4489 | 4c24 604c | 8944 2468 | 448b 9c24 | 9000 0000 
  0x000002cd5d8c6b48: 4489 5c24 | 7066 6690 

  0x000002cd5d8c6b50: ;   {runtime_call UncommonTrapBlob}
  0x000002cd5d8c6b50: c5f8 77e8 

  0x000002cd5d8c6b54: ; ImmutableOopMap {rbp=Oop [32]=Oop [48]=Oop [64]=Oop [80]=Oop [96]=NarrowOop [104]=Oop [136]=Oop }
                      ;*if_icmpge {reexecute=1 rethrow=0 return_oop=0}
                      ; - (reexecute) java.lang.ClassLoader::compareCerts@152
                      ; - java.lang.ClassLoader::checkCerts@80
                      ; - java.lang.ClassLoader::preDefineClass@113
                      ; - java.lang.ClassLoader::defineClass@4
                      ; - java.security.SecureClassLoader::defineClass@12
  0x000002cd5d8c6b54: 28d8 59fe 

  0x000002cd5d8c6b58: ;   {other}
  0x000002cd5d8c6b58: 0f1f 8400 | c833 004e | 41bb 0300 | 0000 e935 | fcff ffba | e6ff ffff | 418b e844 | 894c 2420 
  0x000002cd5d8c6b78: ;   {runtime_call UncommonTrapBlob}
  0x000002cd5d8c6b78: c5f8 77e8 

  0x000002cd5d8c6b7c: ; ImmutableOopMap {rbp=NarrowOop }
                      ;*aaload {reexecute=0 rethrow=0 return_oop=0}
                      ; - java.security.CodeSource::getCertificates@50
                      ; - java.lang.ClassLoader::checkCerts@34
                      ; - java.lang.ClassLoader::preDefineClass@113
                      ; - java.lang.ClassLoader::defineClass@4
                      ; - java.security.SecureClassLoader::defineClass@12
  0x000002cd5d8c6b7c: 00d8 59fe 

  0x000002cd5d8c6b80: ;   {other}
  0x000002cd5d8c6b80: 0f1f 8400 | f033 004f | bae6 ffff | ff41 8bea | 4489 4424 | 2066 6690 

  0x000002cd5d8c6b98: ;   {runtime_call UncommonTrapBlob}
  0x000002cd5d8c6b98: c5f8 77e8 

  0x000002cd5d8c6b9c: ; ImmutableOopMap {rbp=NarrowOop }
                      ;*aaload {reexecute=0 rethrow=0 return_oop=0}
                      ; - java.security.CodeSource::getCertificates@50
                      ; - java.lang.ClassLoader::postDefineClass@24
                      ; - java.lang.ClassLoader::defineClass@37
                      ; - java.security.SecureClassLoader::defineClass@12
  0x000002cd5d8c6b9c: e0d7 59fe 

  0x000002cd5d8c6ba0: ;   {other}
  0x000002cd5d8c6ba0: 0f1f 8400 | 1034 0050 | bae6 ffff | ff66 6690 

  0x000002cd5d8c6bb0: ;   {runtime_call UncommonTrapBlob}
  0x000002cd5d8c6bb0: c5f8 77e8 

  0x000002cd5d8c6bb4: ; ImmutableOopMap {rbp=NarrowOop }
                      ;*baload {reexecute=0 rethrow=0 return_oop=0}
                      ; - java.lang.StringLatin1::hashCode@34
                      ; - java.lang.String::hashCode@27
                      ; - java.util.concurrent.ConcurrentHashMap::get@1
                      ; - java.lang.ClassLoader::getNamedPackage@5
                      ; - java.lang.ClassLoader::postDefineClass@9
                      ; - java.lang.ClassLoader::defineClass@37
                      ; - java.security.SecureClassLoader::defineClass@12
  0x000002cd5d8c6bb4: c8d7 59fe 

  0x000002cd5d8c6bb8: ;   {other}
  0x000002cd5d8c6bb8: 0f1f 8400 | 2834 0051 | ba76 ffff | ff48 8b6c | 2428 4c8b | 5424 484c | 8954 2440 | 4c89 4c24 
  0x000002cd5d8c6bd8: 4844 8944 | 2464 6690 

  0x000002cd5d8c6be0: ;   {runtime_call UncommonTrapBlob}
  0x000002cd5d8c6be0: c5f8 77e8 

  0x000002cd5d8c6be4: ; ImmutableOopMap {rbp=Oop [32]=Oop [48]=Oop [64]=Oop [72]=Oop [88]=Oop }
                      ;*if_icmpge {reexecute=1 rethrow=0 return_oop=0}
                      ; - (reexecute) java.lang.ClassLoader::compareCerts@40
                      ; - java.lang.ClassLoader::checkCerts@80
                      ; - java.lang.ClassLoader::preDefineClass@113
                      ; - java.lang.ClassLoader::defineClass@4
                      ; - java.security.SecureClassLoader::defineClass@12
  0x000002cd5d8c6be4: 98d7 59fe 

  0x000002cd5d8c6be8: ;   {other}
  0x000002cd5d8c6be8: 0f1f 8400 | 5834 0052 | bd04 0000 | 00e9 a9fb | ffff 488b | d849 8bd7 | c5f8 7749 | ba00 2a20 
  0x000002cd5d8c6c08: 24fc 7f00 | 0041 ffd2 

  0x000002cd5d8c6c10: ;   {other}
  0x000002cd5d8c6c10: 0f1f 8400 | 0000 0000 | 4c8b d30f | 1f44 0000 | e98a e6ff | ff49 8bd7 | c5f8 7749 | ba00 2a20 
  0x000002cd5d8c6c30: 24fc 7f00 | 0041 ffd2 

  0x000002cd5d8c6c38: ;   {other}
  0x000002cd5d8c6c38: 0f1f 8400 | 0000 0000 | e9d5 ebff | ffba c6ff | ffff 4c8b | 5c24 404c | 895c 2430 | 4c89 4c24 
  0x000002cd5d8c6c58: 3889 4c24 | 4844 8944 | 244c 4489 | 5424 504c | 8974 2458 

  0x000002cd5d8c6c6c: ;   {runtime_call UncommonTrapBlob}
  0x000002cd5d8c6c6c: c5f8 77e8 

  0x000002cd5d8c6c70: ; ImmutableOopMap {[32]=Oop [48]=Oop [56]=Oop [72]=NarrowOop [76]=NarrowOop [88]=Oop }
                      ;*invokevirtual find {reexecute=0 rethrow=0 return_oop=0}
                      ; - java.util.concurrent.ConcurrentHashMap::get@93
                      ; - java.lang.ClassLoader::getNamedPackage@5
                      ; - java.lang.ClassLoader::postDefineClass@9
                      ; - java.lang.ClassLoader::defineClass@37
                      ; - java.security.SecureClassLoader::defineClass@12
  0x000002cd5d8c6c70: 0cd7 59fe 

  0x000002cd5d8c6c74: ;   {other}
  0x000002cd5d8c6c74: 0f1f 8400 | e434 0053 | ba37 0100 | 0049 8be9 | 4c8b 5424 | 304c 8954 | 2428 448b | 5c24 3844 
  0x000002cd5d8c6c94: 895c 2430 | 448b 5424 | 3c44 8954 | 2434 6690 

  0x000002cd5d8c6ca4: ;   {runtime_call UncommonTrapBlob}
  0x000002cd5d8c6ca4: c5f8 77e8 

  0x000002cd5d8c6ca8: ; ImmutableOopMap {rbp=Oop [32]=Oop [40]=Oop }
                      ;*new {reexecute=0 rethrow=0 return_oop=0}
                      ; - java.lang.ClassLoader::preDefineClass@56
                      ; - java.lang.ClassLoader::defineClass@4
                      ; - java.security.SecureClassLoader::defineClass@12
  0x000002cd5d8c6ca8: d4d6 59fe 

  0x000002cd5d8c6cac: ;   {other}
  0x000002cd5d8c6cac: 0f1f 8400 | 1c35 0054 | baf6 ffff | ff66 6690 

  0x000002cd5d8c6cbc: ;   {runtime_call UncommonTrapBlob}
  0x000002cd5d8c6cbc: c5f8 77e8 

  0x000002cd5d8c6cc0: ; ImmutableOopMap {}
                      ;*athrow {reexecute=1 rethrow=0 return_oop=0}
                      ; - (reexecute) jdk.internal.util.Preconditions::checkFromToIndex@21
                      ; - java.lang.String::checkBoundsBeginEnd@6
                      ; - java.lang.String::substring@8
                      ; - java.lang.ClassLoader::checkCerts@21
                      ; - java.lang.ClassLoader::preDefineClass@113
                      ; - java.lang.ClassLoader::defineClass@4
                      ; - java.security.SecureClassLoader::defineClass@12
  0x000002cd5d8c6cc0: bcd6 59fe 

  0x000002cd5d8c6cc4: ;   {other}
  0x000002cd5d8c6cc4: 0f1f 8400 | 3435 0055 | baf6 ffff | ff66 6690 

  0x000002cd5d8c6cd4: ;   {runtime_call UncommonTrapBlob}
  0x000002cd5d8c6cd4: c5f8 77e8 

  0x000002cd5d8c6cd8: ; ImmutableOopMap {}
                      ;*invokevirtual clone {reexecute=1 rethrow=0 return_oop=0}
                      ; - (reexecute) java.security.CodeSource::getCertificates@86
                      ; - java.lang.ClassLoader::checkCerts@34
                      ; - java.lang.ClassLoader::preDefineClass@113
                      ; - java.lang.ClassLoader::defineClass@4
                      ; - java.security.SecureClassLoader::defineClass@12
  0x000002cd5d8c6cd8: a4d6 59fe 

  0x000002cd5d8c6cdc: ;   {other}
  0x000002cd5d8c6cdc: 0f1f 8400 | 4c35 0056 | baf6 ffff | ff66 6690 

  0x000002cd5d8c6cec: ;   {runtime_call UncommonTrapBlob}
  0x000002cd5d8c6cec: c5f8 77e8 

  0x000002cd5d8c6cf0: ; ImmutableOopMap {}
                      ;*invokevirtual clone {reexecute=1 rethrow=0 return_oop=0}
                      ; - (reexecute) java.security.CodeSource::getCertificates@86
                      ; - java.lang.ClassLoader::postDefineClass@24
                      ; - java.lang.ClassLoader::defineClass@37
                      ; - java.security.SecureClassLoader::defineClass@12
  0x000002cd5d8c6cf0: 8cd6 59fe 

  0x000002cd5d8c6cf4: ;   {other}
  0x000002cd5d8c6cf4: 0f1f 8400 | 6435 0057 | bade ffff | ff48 8b6c | 2428 4c8b | 5424 304c | 8954 2428 | 448b 5c24 
  0x000002cd5d8c6d14: 3844 895c | 2430 448b | 5424 3c44 | 8954 2434 | 4889 4424 | 3866 6690 

  0x000002cd5d8c6d2c: ;   {runtime_call UncommonTrapBlob}
  0x000002cd5d8c6d2c: c5f8 77e8 

  0x000002cd5d8c6d30: ; ImmutableOopMap {rbp=Oop [32]=Oop [40]=Oop [56]=Oop }
                      ;*checkcast {reexecute=0 rethrow=0 return_oop=0}
                      ; - java.security.SecureClassLoader::getProtectionDomain@33
                      ; - java.security.SecureClassLoader::defineClass@9
  0x000002cd5d8c6d30: 4cd6 59fe 

  0x000002cd5d8c6d34: ;   {other}
  0x000002cd5d8c6d34: 0f1f 8400 | a435 0058 | bade ffff | ff48 8b6c | 2428 4c8b | 5424 304c | 8954 2428 | 448b 5424 
  0x000002cd5d8c6d54: 3844 8954 | 2430 448b | 5c24 3c44 | 895c 2434 | 4c8b 5424 | 484c 8954 | 2438 4c8b | 5424 584c 
  0x000002cd5d8c6d74: 8954 2450 | 4889 4424 | 5866 6690 

  0x000002cd5d8c6d80: ;   {runtime_call UncommonTrapBlob}
  0x000002cd5d8c6d80: c5f8 77e8 

  0x000002cd5d8c6d84: ; ImmutableOopMap {rbp=Oop [32]=Oop [40]=Oop [56]=Oop [64]=Oop [80]=Oop [88]=Oop }
                      ;*checkcast {reexecute=0 rethrow=0 return_oop=0}
                      ; - java.lang.ClassLoader::checkCerts@65
                      ; - java.lang.ClassLoader::preDefineClass@113
                      ; - java.lang.ClassLoader::defineClass@4
                      ; - java.security.SecureClassLoader::defineClass@12
  0x000002cd5d8c6d84: f8d5 59fe 

  0x000002cd5d8c6d88: ;   {other}
  0x000002cd5d8c6d88: 0f1f 8400 | f835 0059 | bade ffff | ff4c 8b5c | 2430 4c89 | 5c24 2844 | 8b44 2438 | 4489 4424 
  0x000002cd5d8c6da8: 3044 8b5c | 243c 4489 | 5c24 344c | 8b5c 2448 | 4c89 5c24 | 384c 8b5c | 2450 4c89 | 5c24 484c 
  0x000002cd5d8c6dc8: 8b5c 2460 | 4c89 5c24 | 5848 8944 | 2460 6690 

  0x000002cd5d8c6dd8: ;   {runtime_call UncommonTrapBlob}
  0x000002cd5d8c6dd8: c5f8 77e8 

  0x000002cd5d8c6ddc: ; ImmutableOopMap {rbp=Oop [32]=Oop [40]=Oop [56]=Oop [64]=NarrowOop [72]=Oop [88]=Oop [96]=Oop }
                      ;*checkcast {reexecute=0 rethrow=0 return_oop=0}
                      ; - java.security.CodeSource::getCertificates@76
                      ; - java.lang.ClassLoader::checkCerts@34
                      ; - java.lang.ClassLoader::preDefineClass@113
                      ; - java.lang.ClassLoader::defineClass@4
                      ; - java.security.SecureClassLoader::defineClass@12
  0x000002cd5d8c6ddc: a0d5 59fe 

  0x000002cd5d8c6de0: ;   {other}
  0x000002cd5d8c6de0: 0f1f 8400 | 5036 005a | bade ffff | ff48 8944 | 2440 6690 

  0x000002cd5d8c6df4: ;   {runtime_call UncommonTrapBlob}
  0x000002cd5d8c6df4: c5f8 77e8 

  0x000002cd5d8c6df8: ; ImmutableOopMap {rbp=NarrowOop [32]=Oop [40]=Oop [64]=Oop }
                      ;*checkcast {reexecute=0 rethrow=0 return_oop=0}
                      ; - java.security.CodeSource::getCertificates@76
                      ; - java.lang.ClassLoader::postDefineClass@24
                      ; - java.lang.ClassLoader::defineClass@37
                      ; - java.security.SecureClassLoader::defineClass@12
  0x000002cd5d8c6df8: 84d5 59fe 

  0x000002cd5d8c6dfc: ;   {other}
  0x000002cd5d8c6dfc: 0f1f 8400 | 6c36 005b | e90f f2ff | ffe9 0af2 | ffff e905 | f2ff ffe9 | 00f2 ffff | e9fb f1ff 
  0x000002cd5d8c6e1c: ff66 6690 | e9f3 f1ff | ffe9 eef1 | ffff baf6 | ffff ff49 | 8be8 4c89 | 4c24 2090 

  0x000002cd5d8c6e38: ;   {runtime_call UncommonTrapBlob}
  0x000002cd5d8c6e38: c5f8 77e8 

  0x000002cd5d8c6e3c: ; ImmutableOopMap {rbp=Oop [32]=Oop }
                      ;*invokeinterface computeIfAbsent {reexecute=0 rethrow=0 return_oop=0}
                      ; - java.security.SecureClassLoader::getProtectionDomain@28
                      ; - java.security.SecureClassLoader::defineClass@9
  0x000002cd5d8c6e3c: 40d5 59fe 

  0x000002cd5d8c6e40: ;   {other}
  0x000002cd5d8c6e40: 0f1f 8400 | b036 005c | baf4 ffff | ff48 8b6c | 2428 4c8b | 5424 304c | 8954 2428 

  0x000002cd5d8c6e5c: ;   {runtime_call UncommonTrapBlob}
  0x000002cd5d8c6e5c: c5f8 77e8 

  0x000002cd5d8c6e60: ; ImmutableOopMap {rbp=Oop [32]=Oop [40]=Oop }
                      ;*checkcast {reexecute=0 rethrow=0 return_oop=0}
                      ; - java.security.SecureClassLoader::getProtectionDomain@33
                      ; - java.security.SecureClassLoader::defineClass@9
  0x000002cd5d8c6e60: 1cd5 59fe 

  0x000002cd5d8c6e64: ;   {other}
  0x000002cd5d8c6e64: 0f1f 8400 | d436 005d | baf6 ffff | ff66 6690 

  0x000002cd5d8c6e74: ;   {runtime_call UncommonTrapBlob}
  0x000002cd5d8c6e74: c5f8 77e8 

  0x000002cd5d8c6e78: ; ImmutableOopMap {}
                      ;*arraylength {reexecute=0 rethrow=0 return_oop=0}
                      ; - java.lang.String::isEmpty@4
                      ; - java.lang.ClassLoader::checkName@5
                      ; - java.lang.ClassLoader::preDefineClass@1
                      ; - java.lang.ClassLoader::defineClass@4
                      ; - java.security.SecureClassLoader::defineClass@12
  0x000002cd5d8c6e78: 04d5 59fe 

  0x000002cd5d8c6e7c: ;   {other}
  0x000002cd5d8c6e7c: 0f1f 8400 | ec36 005e | baf6 ffff | ff66 6690 

  0x000002cd5d8c6e8c: ;   {runtime_call UncommonTrapBlob}
  0x000002cd5d8c6e8c: c5f8 77e8 

  0x000002cd5d8c6e90: ; ImmutableOopMap {}
                      ;*invokevirtual getPackageName {reexecute=0 rethrow=0 return_oop=0}
                      ; - java.lang.ClassLoader::postDefineClass@2
                      ; - java.lang.ClassLoader::defineClass@37
                      ; - java.security.SecureClassLoader::defineClass@12
  0x000002cd5d8c6e90: ecd4 59fe 

  0x000002cd5d8c6e94: ;   {other}
  0x000002cd5d8c6e94: 0f1f 8400 | 0437 005f | baf6 ffff | ff66 6690 

  0x000002cd5d8c6ea4: ;   {runtime_call UncommonTrapBlob}
  0x000002cd5d8c6ea4: c5f8 77e8 

  0x000002cd5d8c6ea8: ; ImmutableOopMap {}
                      ;*invokevirtual hashCode {reexecute=0 rethrow=0 return_oop=0}
                      ; - java.util.concurrent.ConcurrentHashMap::get@1
                      ; - java.lang.ClassLoader::getNamedPackage@5
                      ; - java.lang.ClassLoader::postDefineClass@9
                      ; - java.lang.ClassLoader::defineClass@37
                      ; - java.security.SecureClassLoader::defineClass@12
  0x000002cd5d8c6ea8: d4d4 59fe 

  0x000002cd5d8c6eac: ;   {other}
  0x000002cd5d8c6eac: 0f1f 8400 | 1c37 0060 | 33ed 4d85 | d240 0f94 | c5ba 45ff | ffff 4c8b | 5424 484c | 8954 2438 
  0x000002cd5d8c6ecc: ;   {runtime_call UncommonTrapBlob}
  0x000002cd5d8c6ecc: c5f8 77e8 

  0x000002cd5d8c6ed0: ; ImmutableOopMap {[32]=Oop [40]=Oop [56]=Oop }
                      ;*ifeq {reexecute=1 rethrow=0 return_oop=0}
                      ; - (reexecute) java.lang.Class::getPackageName@29
                      ; - java.lang.ClassLoader::postDefineClass@2
                      ; - java.lang.ClassLoader::defineClass@37
                      ; - java.security.SecureClassLoader::defineClass@12
  0x000002cd5d8c6ed0: acd4 59fe 

  0x000002cd5d8c6ed4: ;   {other}
  0x000002cd5d8c6ed4: 0f1f 8400 | 4437 0061 | baf6 ffff | ff66 6690 

  0x000002cd5d8c6ee4: ;   {runtime_call UncommonTrapBlob}
  0x000002cd5d8c6ee4: c5f8 77e8 

  0x000002cd5d8c6ee8: ; ImmutableOopMap {}
                      ;*arraylength {reexecute=0 rethrow=0 return_oop=0}
                      ; - java.lang.String::length@4
                      ; - java.lang.String::lastIndexOf@3
                      ; - java.lang.Class::getPackageName@47
                      ; - java.lang.ClassLoader::postDefineClass@2
                      ; - java.lang.ClassLoader::defineClass@37
                      ; - java.security.SecureClassLoader::defineClass@12
  0x000002cd5d8c6ee8: 94d4 59fe 

  0x000002cd5d8c6eec: ;   {other}
  0x000002cd5d8c6eec: 0f1f 8400 | 5c37 0062 | e91f f1ff | ffba 45ff | ffff 488b | 6c24 2890 

  0x000002cd5d8c6f04: ;   {runtime_call UncommonTrapBlob}
  0x000002cd5d8c6f04: c5f8 77e8 

  0x000002cd5d8c6f08: ; ImmutableOopMap {rbp=Oop [32]=Oop [48]=Oop [72]=Oop }
                      ;*ifnull {reexecute=1 rethrow=0 return_oop=0}
                      ; - (reexecute) java.lang.ClassLoader::checkName@1
                      ; - java.lang.ClassLoader::preDefineClass@1
                      ; - java.lang.ClassLoader::defineClass@4
                      ; - java.security.SecureClassLoader::defineClass@12
  0x000002cd5d8c6f08: 74d4 59fe 

  0x000002cd5d8c6f0c: ;   {other}
  0x000002cd5d8c6f0c: 0f1f 8400 | 7c37 0063 | ba45 ffff | ff48 8b6c | 2428 4c8b | 5424 304c | 8954 2428 | 448b 5c24 
  0x000002cd5d8c6f2c: 3844 895c | 2430 448b | 5424 3c44 | 8954 2434 | 4c8b 5424 | 484c 8954 | 2438 4c89 | 6c24 484c 
  0x000002cd5d8c6f4c: 8974 2450 | 4889 5c24 | 5866 6690 

  0x000002cd5d8c6f58: ;   {runtime_call UncommonTrapBlob}
  0x000002cd5d8c6f58: c5f8 77e8 

  0x000002cd5d8c6f5c: ; ImmutableOopMap {rbp=Oop [40]=Oop [56]=Oop [64]=NarrowOop [72]=Oop [80]=Oop [88]=Oop }
                      ;*ifnull {reexecute=1 rethrow=0 return_oop=0}
                      ; - (reexecute) java.lang.ClassLoader::checkCerts@30
                      ; - java.lang.ClassLoader::preDefineClass@113
                      ; - java.lang.ClassLoader::defineClass@4
                      ; - java.security.SecureClassLoader::defineClass@12
  0x000002cd5d8c6f5c: 20d4 59fe 

  0x000002cd5d8c6f60: ;   {other}
  0x000002cd5d8c6f60: 0f1f 8400 | d037 0064 | ba45 ffff | ff48 8b6c | 2428 4c8b | 5424 304c | 8954 2428 | 448b 4c24 
  0x000002cd5d8c6f80: 3844 894c | 2430 448b | 5424 3c44 | 8954 2434 | 4489 4424 | 4466 6690 

  0x000002cd5d8c6f98: ;   {runtime_call UncommonTrapBlob}
  0x000002cd5d8c6f98: c5f8 77e8 

  0x000002cd5d8c6f9c: ; ImmutableOopMap {rbp=Oop [32]=Oop [40]=Oop [68]=NarrowOop [72]=Oop }
                      ;*ifnull {reexecute=1 rethrow=0 return_oop=0}
                      ; - (reexecute) java.lang.ClassLoader::defineClassSourceLocation@8
                      ; - java.lang.ClassLoader::defineClass@12
                      ; - java.security.SecureClassLoader::defineClass@12
  0x000002cd5d8c6f9c: e0d3 59fe 

  0x000002cd5d8c6fa0: ;   {other}
  0x000002cd5d8c6fa0: 0f1f 8400 | 1038 0065 | ba45 ffff | ff66 6690 

  0x000002cd5d8c6fb0: ;   {runtime_call UncommonTrapBlob}
  0x000002cd5d8c6fb0: c5f8 77e8 

  0x000002cd5d8c6fb4: ; ImmutableOopMap {rbp=NarrowOop [32]=Oop [40]=Oop [48]=Oop [72]=Oop }
                      ;*ifnull {reexecute=1 rethrow=0 return_oop=0}
                      ; - (reexecute) java.lang.ClassLoader::defineClassSourceLocation@15
                      ; - java.lang.ClassLoader::defineClass@12
                      ; - java.security.SecureClassLoader::defineClass@12
  0x000002cd5d8c6fb4: c8d3 59fe 

  0x000002cd5d8c6fb8: ;   {other}
  0x000002cd5d8c6fb8: 0f1f 8400 | 2838 0066 | baf6 ffff | ff66 6690 

  0x000002cd5d8c6fc8: ;   {runtime_call UncommonTrapBlob}
  0x000002cd5d8c6fc8: c5f8 77e8 

  0x000002cd5d8c6fcc: ; ImmutableOopMap {}
                      ;*arraylength {reexecute=0 rethrow=0 return_oop=0}
                      ; - java.lang.String::isEmpty@4
                      ; - java.lang.NamedPackage::<init>@5
                      ; - java.lang.ClassLoader::getNamedPackage@22
                      ; - java.lang.ClassLoader::postDefineClass@9
                      ; - java.lang.ClassLoader::defineClass@37
                      ; - java.security.SecureClassLoader::defineClass@12
  0x000002cd5d8c6fcc: b0d3 59fe 

  0x000002cd5d8c6fd0: ;   {other}
  0x000002cd5d8c6fd0: 0f1f 8400 | 4038 0067 | baf6 ffff | ff66 6690 

  0x000002cd5d8c6fe0: ;   {runtime_call UncommonTrapBlob}
  0x000002cd5d8c6fe0: c5f8 77e8 

  0x000002cd5d8c6fe4: ; ImmutableOopMap {}
                      ;*arraylength {reexecute=0 rethrow=0 return_oop=0}
                      ; - java.lang.StringLatin1::hashCode@1
                      ; - java.lang.String::hashCode@27
                      ; - java.util.concurrent.ConcurrentHashMap::get@1
                      ; - java.lang.ClassLoader::getNamedPackage@5
                      ; - java.lang.ClassLoader::postDefineClass@9
                      ; - java.lang.ClassLoader::defineClass@37
                      ; - java.security.SecureClassLoader::defineClass@12
  0x000002cd5d8c6fe4: 98d3 59fe 

  0x000002cd5d8c6fe8: ;   {other}
  0x000002cd5d8c6fe8: 0f1f 8400 | 5838 0068 | ba45 ffff | ff48 8b6c | 2420 4489 | 5c24 2090 

  0x000002cd5d8c7000: ;   {runtime_call UncommonTrapBlob}
  0x000002cd5d8c7000: c5f8 77e8 

  0x000002cd5d8c7004: ; ImmutableOopMap {rbp=Oop [32]=NarrowOop }
                      ;*ifnull {reexecute=1 rethrow=0 return_oop=0}
                      ; - (reexecute) java.lang.ClassLoader::postDefineClass@17
                      ; - java.lang.ClassLoader::defineClass@37
                      ; - java.security.SecureClassLoader::defineClass@12
  0x000002cd5d8c7004: 78d3 59fe 

  0x000002cd5d8c7008: ;   {other}
  0x000002cd5d8c7008: 0f1f 8400 | 7838 0069 | e903 f0ff | ffe9 feef | ffff e9f9 | efff ff90 | e9f3 efff | ffe9 eeef 
  0x000002cd5d8c7028: ffff e9e9 | efff ffe9 | e4ef ffff | e9df efff | ffe9 daef | ffff 6690 | e9d3 efff | ffe9 ceef 
  0x000002cd5d8c7048: ffff e9c9 | efff ffba | f6ff ffff | 418b e990 

  0x000002cd5d8c7058: ;   {runtime_call UncommonTrapBlob}
  0x000002cd5d8c7058: c5f8 77e8 

  0x000002cd5d8c705c: ; ImmutableOopMap {}
                      ;*aaload {reexecute=0 rethrow=0 return_oop=0}
                      ; - java.security.CodeSource::getCertificates@50
                      ; - java.lang.ClassLoader::checkCerts@34
                      ; - java.lang.ClassLoader::preDefineClass@113
                      ; - java.lang.ClassLoader::defineClass@4
                      ; - java.security.SecureClassLoader::defineClass@12
  0x000002cd5d8c705c: 20d3 59fe 

  0x000002cd5d8c7060: ;   {other}
  0x000002cd5d8c7060: 0f1f 8400 | d038 006a | baf6 ffff | ff66 6690 

  0x000002cd5d8c7070: ;   {runtime_call UncommonTrapBlob}
  0x000002cd5d8c7070: c5f8 77e8 

  0x000002cd5d8c7074: ; ImmutableOopMap {}
                      ;*invokevirtual getSignerCertPath {reexecute=0 rethrow=0 return_oop=0}
                      ; - java.security.CodeSource::getCertificates@51
                      ; - java.lang.ClassLoader::checkCerts@34
                      ; - java.lang.ClassLoader::preDefineClass@113
                      ; - java.lang.ClassLoader::defineClass@4
                      ; - java.security.SecureClassLoader::defineClass@12
  0x000002cd5d8c7074: 08d3 59fe 

  0x000002cd5d8c7078: ;   {other}
  0x000002cd5d8c7078: 0f1f 8400 | e838 006b | baf6 ffff | ff66 6690 

  0x000002cd5d8c7088: ;   {runtime_call UncommonTrapBlob}
  0x000002cd5d8c7088: c5f8 77e8 

  0x000002cd5d8c708c: ; ImmutableOopMap {}
                      ;*invokevirtual getCertificates {reexecute=0 rethrow=0 return_oop=0}
                      ; - java.security.CodeSource::getCertificates@54
                      ; - java.lang.ClassLoader::checkCerts@34
                      ; - java.lang.ClassLoader::preDefineClass@113
                      ; - java.lang.ClassLoader::defineClass@4
                      ; - java.security.SecureClassLoader::defineClass@12
  0x000002cd5d8c708c: f0d2 59fe 

  0x000002cd5d8c7090: ;   {other}
  0x000002cd5d8c7090: 0f1f 8400 | 0039 006c | baf6 ffff | ff66 6690 

  0x000002cd5d8c70a0: ;   {runtime_call UncommonTrapBlob}
  0x000002cd5d8c70a0: c5f8 77e8 

  0x000002cd5d8c70a4: ; ImmutableOopMap {}
                      ;*arraylength {reexecute=0 rethrow=0 return_oop=0}
                      ; - java.security.CodeSource::getCertificates@40
                      ; - java.lang.ClassLoader::checkCerts@34
                      ; - java.lang.ClassLoader::preDefineClass@113
                      ; - java.lang.ClassLoader::defineClass@4
                      ; - java.security.SecureClassLoader::defineClass@12
  0x000002cd5d8c70a4: d8d2 59fe 

  0x000002cd5d8c70a8: ;   {other}
  0x000002cd5d8c70a8: 0f1f 8400 | 1839 006d | e963 efff | ffba 97ff | ffff 448b | 5424 3844 | 8954 2424 | 448b 5c24 
  0x000002cd5d8c70c8: 3c44 895c | 2438 4c8b | 5424 604c | 8954 2450 | 448b 5424 | 4044 8954 | 243c 4c8b | 5424 684c 
  0x000002cd5d8c70e8: 8954 2460 

  0x000002cd5d8c70ec: ;   {runtime_call UncommonTrapBlob}
  0x000002cd5d8c70ec: c5f8 77e8 

  0x000002cd5d8c70f0: ; ImmutableOopMap {rbp=Oop [32]=NarrowOop [40]=Oop [48]=Oop [60]=NarrowOop [72]=Oop [80]=Oop [96]=Oop [104]=Oop }
                      ;*invokevirtual clone {reexecute=1 rethrow=0 return_oop=0}
                      ; - (reexecute) java.util.Arrays::copyOfRange@18
                      ; - java.lang.StringLatin1::newString@16
                      ; - java.lang.String::substring@41
                      ; - java.lang.ClassLoader::checkCerts@21
                      ; - java.lang.ClassLoader::preDefineClass@113
                      ; - java.lang.ClassLoader::defineClass@4
                      ; - java.security.SecureClassLoader::defineClass@12
  0x000002cd5d8c70f0: 8cd2 59fe 

  0x000002cd5d8c70f4: ;   {other}
  0x000002cd5d8c70f4: 0f1f 8400 | 6439 006e | baf6 ffff | ff41 8be8 

  0x000002cd5d8c7104: ;   {runtime_call UncommonTrapBlob}
  0x000002cd5d8c7104: c5f8 77e8 

  0x000002cd5d8c7108: ; ImmutableOopMap {}
                      ;*aaload {reexecute=0 rethrow=0 return_oop=0}
                      ; - java.security.CodeSource::getCertificates@50
                      ; - java.lang.ClassLoader::postDefineClass@24
                      ; - java.lang.ClassLoader::defineClass@37
                      ; - java.security.SecureClassLoader::defineClass@12
  0x000002cd5d8c7108: 74d2 59fe 

  0x000002cd5d8c710c: ;   {other}
  0x000002cd5d8c710c: 0f1f 8400 | 7c39 006f | baf6 ffff | ff66 6690 

  0x000002cd5d8c711c: ;   {runtime_call UncommonTrapBlob}
  0x000002cd5d8c711c: c5f8 77e8 

  0x000002cd5d8c7120: ; ImmutableOopMap {}
                      ;*invokevirtual getSignerCertPath {reexecute=0 rethrow=0 return_oop=0}
                      ; - java.security.CodeSource::getCertificates@51
                      ; - java.lang.ClassLoader::postDefineClass@24
                      ; - java.lang.ClassLoader::defineClass@37
                      ; - java.security.SecureClassLoader::defineClass@12
  0x000002cd5d8c7120: 5cd2 59fe 

  0x000002cd5d8c7124: ;   {other}
  0x000002cd5d8c7124: 0f1f 8400 | 9439 0070 | baf6 ffff | ff66 6690 

  0x000002cd5d8c7134: ;   {runtime_call UncommonTrapBlob}
  0x000002cd5d8c7134: c5f8 77e8 

  0x000002cd5d8c7138: ; ImmutableOopMap {}
                      ;*invokevirtual getCertificates {reexecute=0 rethrow=0 return_oop=0}
                      ; - java.security.CodeSource::getCertificates@54
                      ; - java.lang.ClassLoader::postDefineClass@24
                      ; - java.lang.ClassLoader::defineClass@37
                      ; - java.security.SecureClassLoader::defineClass@12
  0x000002cd5d8c7138: 44d2 59fe 

  0x000002cd5d8c713c: ;   {other}
  0x000002cd5d8c713c: 0f1f 8400 | ac39 0071 | baf6 ffff | ff66 6690 

  0x000002cd5d8c714c: ;   {runtime_call UncommonTrapBlob}
  0x000002cd5d8c714c: c5f8 77e8 

  0x000002cd5d8c7150: ; ImmutableOopMap {}
                      ;*arraylength {reexecute=0 rethrow=0 return_oop=0}
                      ; - java.security.CodeSource::getCertificates@40
                      ; - java.lang.ClassLoader::postDefineClass@24
                      ; - java.lang.ClassLoader::defineClass@37
                      ; - java.security.SecureClassLoader::defineClass@12
  0x000002cd5d8c7150: 2cd2 59fe 

  0x000002cd5d8c7154: ;   {other}
  0x000002cd5d8c7154: 0f1f 8400 | c439 0072 | 0f1f 4000 | e9b3 eeff | ffe9 aeee | ffff ba97 | ffff ff48 | 8b6c 2420 
  0x000002cd5d8c7174: ;   {runtime_call UncommonTrapBlob}
  0x000002cd5d8c7174: c5f8 77e8 

  0x000002cd5d8c7178: ; ImmutableOopMap {rbp=Oop [40]=Oop [48]=NarrowOop [56]=Oop [64]=Oop }
                      ;*invokevirtual clone {reexecute=1 rethrow=0 return_oop=0}
                      ; - (reexecute) java.util.Arrays::copyOfRange@18
                      ; - java.lang.StringLatin1::newString@16
                      ; - java.lang.String::substring@41
                      ; - java.lang.Class::getPackageName@62
                      ; - java.lang.ClassLoader::postDefineClass@2
                      ; - java.lang.ClassLoader::defineClass@37
                      ; - java.security.SecureClassLoader::defineClass@12
  0x000002cd5d8c7178: 04d2 59fe 

  0x000002cd5d8c717c: ;   {other}
  0x000002cd5d8c717c: 0f1f 8400 | ec39 0073 | e98f eeff | ffe9 8aee | ffff baf4 | ffff ff4c | 8b54 2430 | 4c89 5424 
  0x000002cd5d8c719c: 2844 8b5c | 2438 4489 | 5c24 3044 | 8b54 243c | 4489 5424 | 344c 8b54 | 2448 4c89 | 5424 384c 
  0x000002cd5d8c71bc: 8b54 2450 | 4c89 5424 | 4866 6690 

  0x000002cd5d8c71c8: ;   {runtime_call UncommonTrapBlob}
  0x000002cd5d8c71c8: c5f8 77e8 

  0x000002cd5d8c71cc: ; ImmutableOopMap {rbp=Oop [32]=Oop [40]=Oop [56]=Oop [64]=NarrowOop [72]=Oop [96]=Oop }
                      ;*checkcast {reexecute=0 rethrow=0 return_oop=0}
                      ; - java.security.CodeSource::getCertificates@76
                      ; - java.lang.ClassLoader::checkCerts@34
                      ; - java.lang.ClassLoader::preDefineClass@113
                      ; - java.lang.ClassLoader::defineClass@4
                      ; - java.security.SecureClassLoader::defineClass@12
  0x000002cd5d8c71cc: b0d1 59fe 

  0x000002cd5d8c71d0: ;   {other}
  0x000002cd5d8c71d0: 0f1f 8400 | 403a 0074 | e93b eeff | ffba f4ff | ffff 6690 

  0x000002cd5d8c71e4: ;   {runtime_call UncommonTrapBlob}
  0x000002cd5d8c71e4: c5f8 77e8 

  0x000002cd5d8c71e8: ; ImmutableOopMap {rbp=NarrowOop [32]=Oop [40]=Oop }
                      ;*checkcast {reexecute=0 rethrow=0 return_oop=0}
                      ; - java.security.CodeSource::getCertificates@76
                      ; - java.lang.ClassLoader::postDefineClass@24
                      ; - java.lang.ClassLoader::defineClass@37
                      ; - java.security.SecureClassLoader::defineClass@12
  0x000002cd5d8c71e8: 94d1 59fe 

  0x000002cd5d8c71ec: ;   {other}
  0x000002cd5d8c71ec: 0f1f 8400 | 5c3a 0075 | e91f eeff | ffba 97ff | ffff 488b | 6c24 204c | 8b54 2430 | 4c89 5424 
  0x000002cd5d8c720c: 2844 8b54 | 2438 4489 | 5424 3044 | 8b5c 243c | 4489 5c24 | 344c 8b54 | 2448 4c89 | 5424 384c 
  0x000002cd5d8c722c: 8b54 2458 | 4c89 5424 | 4866 6690 

  0x000002cd5d8c7238: ;   {runtime_call UncommonTrapBlob}
  0x000002cd5d8c7238: c5f8 77e8 

  0x000002cd5d8c723c: ; ImmutableOopMap {rbp=Oop [40]=Oop [56]=Oop [64]=Oop [72]=Oop [84]=NarrowOop [96]=Oop }
                      ;*invokevirtual clone {reexecute=1 rethrow=0 return_oop=0}
                      ; - (reexecute) java.security.CodeSource::getCertificates@11
                      ; - java.lang.ClassLoader::checkCerts@34
                      ; - java.lang.ClassLoader::preDefineClass@113
                      ; - java.lang.ClassLoader::defineClass@4
                      ; - java.security.SecureClassLoader::defineClass@12
  0x000002cd5d8c723c: 40d1 59fe 

  0x000002cd5d8c7240: ;   {other}
  0x000002cd5d8c7240: 0f1f 8400 | b03a 0076 | ba97 ffff | ff48 8b6c | 2428 6690 

  0x000002cd5d8c7254: ;   {runtime_call UncommonTrapBlob}
  0x000002cd5d8c7254: c5f8 77e8 

  0x000002cd5d8c7258: ; ImmutableOopMap {rbp=Oop [32]=Oop [48]=NarrowOop }
                      ;*invokevirtual clone {reexecute=1 rethrow=0 return_oop=0}
                      ; - (reexecute) java.security.CodeSource::getCertificates@11
                      ; - java.lang.ClassLoader::postDefineClass@24
                      ; - java.lang.ClassLoader::defineClass@37
                      ; - java.security.SecureClassLoader::defineClass@12
  0x000002cd5d8c7258: 24d1 59fe 

  0x000002cd5d8c725c: ;   {other}
  0x000002cd5d8c725c: 0f1f 8400 | cc3a 0077 | ba97 ffff | ff4c 8b54 | 2448 4c89 | 5424 404c | 8b54 2450 | 4c89 5424 
  0x000002cd5d8c727c: 4866 6690 

  0x000002cd5d8c7280: ;   {runtime_call UncommonTrapBlob}
  0x000002cd5d8c7280: c5f8 77e8 

  0x000002cd5d8c7284: ; ImmutableOopMap {rbp=Oop [32]=Oop [40]=Oop [48]=Oop [64]=Oop [72]=Oop [96]=Oop }
                      ;*invokevirtual clone {reexecute=1 rethrow=0 return_oop=0}
                      ; - (reexecute) java.security.CodeSource::getCertificates@86
                      ; - java.lang.ClassLoader::checkCerts@34
                      ; - java.lang.ClassLoader::preDefineClass@113
                      ; - java.lang.ClassLoader::defineClass@4
                      ; - java.security.SecureClassLoader::defineClass@12
  0x000002cd5d8c7284: f8d0 59fe 

  0x000002cd5d8c7288: ;   {other}
  0x000002cd5d8c7288: 0f1f 8400 | f83a 0078 | e983 edff | ffe9 7eed | ffff ba97 | ffff ff90 

  0x000002cd5d8c72a0: ;   {runtime_call UncommonTrapBlob}
  0x000002cd5d8c72a0: c5f8 77e8 

  0x000002cd5d8c72a4: ; ImmutableOopMap {[32]=Oop [40]=Oop [56]=Oop }
                      ;*invokevirtual clone {reexecute=1 rethrow=0 return_oop=0}
                      ; - (reexecute) java.security.CodeSource::getCertificates@86
                      ; - java.lang.ClassLoader::postDefineClass@24
                      ; - java.lang.ClassLoader::defineClass@37
                      ; - java.security.SecureClassLoader::defineClass@12
  0x000002cd5d8c72a4: d8d0 59fe 

  0x000002cd5d8c72a8: ;   {other}
  0x000002cd5d8c72a8: 0f1f 8400 | 183b 0079 | e963 edff | ffe9 5eed 

  0x000002cd5d8c72b8: ;   {internal_word}
  0x000002cd5d8c72b8: ffff 49ba | dd4c 8c5d | cd02 0000 | 4d89 9768 

  0x000002cd5d8c72c8: ;   {runtime_call SafepointBlob}
  0x000002cd5d8c72c8: 0400 00e9 | b0e1 59fe 

  0x000002cd5d8c72d0: ;   {runtime_call StubRoutines (final stubs)}
  0x000002cd5d8c72d0: e80b 4058 | fee9 04ca | ffff f4f4 | f4f4 f4f4 
[Stub Code]
  0x000002cd5d8c72e0: ;   {no_reloc}
  0x000002cd5d8c72e0: 48bb 0000 | 0000 0000 

  0x000002cd5d8c72e8: ;   {runtime_call nmethod}
  0x000002cd5d8c72e8: 0000 e9fb 

  0x000002cd5d8c72ec: ;   {static_stub}
  0x000002cd5d8c72ec: ffff ff48 | bb00 0000 | 0000 0000 

  0x000002cd5d8c72f8: ;   {runtime_call nmethod}
  0x000002cd5d8c72f8: 00e9 fbff 

  0x000002cd5d8c72fc: ;   {static_stub}
  0x000002cd5d8c72fc: ffff 48bb | 0000 0000 | 0000 0000 

  0x000002cd5d8c7308: ;   {runtime_call nmethod}
  0x000002cd5d8c7308: e9fb ffff 

  0x000002cd5d8c730c: ;   {static_stub}
  0x000002cd5d8c730c: ff48 bb00 | 0000 0000 

  0x000002cd5d8c7314: ;   {runtime_call nmethod}
  0x000002cd5d8c7314: 0000 00e9 | fbff ffff 

  0x000002cd5d8c731c: ;   {static_stub}
  0x000002cd5d8c731c: 48bb 0000 | 0000 0000 

  0x000002cd5d8c7324: ;   {runtime_call nmethod}
  0x000002cd5d8c7324: 0000 e9fb 

  0x000002cd5d8c7328: ;   {static_stub}
  0x000002cd5d8c7328: ffff ff48 | bb00 0000 | 0000 0000 

  0x000002cd5d8c7334: ;   {runtime_call nmethod}
  0x000002cd5d8c7334: 00e9 fbff 

  0x000002cd5d8c7338: ;   {static_stub}
  0x000002cd5d8c7338: ffff 48bb | 0000 0000 | 0000 0000 

  0x000002cd5d8c7344: ;   {runtime_call nmethod}
  0x000002cd5d8c7344: e9fb ffff 

  0x000002cd5d8c7348: ;   {static_stub}
  0x000002cd5d8c7348: ff48 bb00 | 0000 0000 

  0x000002cd5d8c7350: ;   {runtime_call nmethod}
  0x000002cd5d8c7350: 0000 00e9 | fbff ffff 

  0x000002cd5d8c7358: ;   {static_stub}
  0x000002cd5d8c7358: 48bb 0000 | 0000 0000 

  0x000002cd5d8c7360: ;   {runtime_call nmethod}
  0x000002cd5d8c7360: 0000 e9fb 

  0x000002cd5d8c7364: ;   {static_stub}
  0x000002cd5d8c7364: ffff ff48 | bb00 0000 | 0000 0000 

  0x000002cd5d8c7370: ;   {runtime_call nmethod}
  0x000002cd5d8c7370: 00e9 fbff 

  0x000002cd5d8c7374: ;   {static_stub}
  0x000002cd5d8c7374: ffff 48bb | 0000 0000 | 0000 0000 

  0x000002cd5d8c7380: ;   {runtime_call nmethod}
  0x000002cd5d8c7380: e9fb ffff 

  0x000002cd5d8c7384: ;   {static_stub}
  0x000002cd5d8c7384: ff48 bb00 | 0000 0000 

  0x000002cd5d8c738c: ;   {runtime_call nmethod}
  0x000002cd5d8c738c: 0000 00e9 | fbff ffff 

  0x000002cd5d8c7394: ;   {static_stub}
  0x000002cd5d8c7394: 48bb 0000 | 0000 0000 

  0x000002cd5d8c739c: ;   {runtime_call nmethod}
  0x000002cd5d8c739c: 0000 e9fb 

  0x000002cd5d8c73a0: ;   {static_stub}
  0x000002cd5d8c73a0: ffff ff48 | bb00 0000 | 0000 0000 

  0x000002cd5d8c73ac: ;   {runtime_call nmethod}
  0x000002cd5d8c73ac: 00e9 fbff 

  0x000002cd5d8c73b0: ;   {static_stub}
  0x000002cd5d8c73b0: ffff 48bb | 0000 0000 | 0000 0000 

  0x000002cd5d8c73bc: ;   {runtime_call nmethod}
  0x000002cd5d8c73bc: e9fb ffff 

  0x000002cd5d8c73c0: ;   {static_stub}
  0x000002cd5d8c73c0: ff48 bb00 | 0000 0000 

  0x000002cd5d8c73c8: ;   {runtime_call nmethod}
  0x000002cd5d8c73c8: 0000 00e9 | fbff ffff 

  0x000002cd5d8c73d0: ;   {static_stub}
  0x000002cd5d8c73d0: 48bb 0000 | 0000 0000 

  0x000002cd5d8c73d8: ;   {runtime_call nmethod}
  0x000002cd5d8c73d8: 0000 e9fb 

  0x000002cd5d8c73dc: ;   {static_stub}
  0x000002cd5d8c73dc: ffff ff48 | bb00 0000 | 0000 0000 

  0x000002cd5d8c73e8: ;   {runtime_call nmethod}
  0x000002cd5d8c73e8: 00e9 fbff 

  0x000002cd5d8c73ec: ;   {runtime_call ExceptionBlob}
  0x000002cd5d8c73ec: ffff e90d | 6065 fee8 | 0000 0000 | 4883 2c24 

  0x000002cd5d8c73fc: ;   {runtime_call DeoptimizationBlob}
  0x000002cd5d8c73fc: 05e9 1ed3 | 59fe f4f4 | f4f4 f4f4 
[/MachCode]


Compiled method (c2) 3677942 64783   !   4       java.net.URLClassLoader::findClass (47 bytes)
 total in heap  [0x000002cd5cb41710,0x000002cd5cb50060] = 59728
 relocation     [0x000002cd5cb41870,0x000002cd5cb41ff8] = 1928
 constants      [0x000002cd5cb42000,0x000002cd5cb42020] = 32
 main code      [0x000002cd5cb42020,0x000002cd5cb4a198] = 33144
 stub code      [0x000002cd5cb4a198,0x000002cd5cb4a3c0] = 552
 oops           [0x000002cd5cb4a3c0,0x000002cd5cb4a3f8] = 56
 metadata       [0x000002cd5cb4a3f8,0x000002cd5cb4a860] = 1128
 scopes data    [0x000002cd5cb4a860,0x000002cd5cb4e8d8] = 16504
 scopes pcs     [0x000002cd5cb4e8d8,0x000002cd5cb4f438] = 2912
 dependencies   [0x000002cd5cb4f438,0x000002cd5cb4f550] = 280
 handler table  [0x000002cd5cb4f550,0x000002cd5cb4ffd0] = 2688
 nul chk table  [0x000002cd5cb4ffd0,0x000002cd5cb50060] = 144


[Constant Pool]
             Address          hex4                    hex8      
  0x000002cd5cb42000:   0x55555555      0x4035555555555555      
  0x000002cd5cb42004:   0x40355555                              
  0x000002cd5cb42008:   0x3f400000      0xf4f4f4f43f400000      
  0x000002cd5cb4200c:   0xf4f4f4f4                              
  0x000002cd5cb42010:   0xf4f4f4f4      0xf4f4f4f4f4f4f4f4      
  0x000002cd5cb42014:   0xf4f4f4f4                              
  0x000002cd5cb42018:   0xf4f4f4f4      0xf4f4f4f4f4f4f4f4      
  0x000002cd5cb4201c:   0xf4f4f4f4                              

[MachCode]
[Entry Point]
  # {method} {0x000002cd6c62ee28} 'findClass' '(Ljava/lang/String;)Ljava/lang/Class;' in 'java/net/URLClassLoader'
  # this:     rdx:rdx   = 'java/net/URLClassLoader'
  # parm0:    r8:r8     = 'java/lang/String'
  #           [sp+0x120]  (sp of caller)
  0x000002cd5cb42020: ;   {no_reloc}
  0x000002cd5cb42020: 448b 5208 | 49bb 0000 | 0000 0800 | 0000 4d03 | d349 3bc2 

  0x000002cd5cb42034: ;   {runtime_call ic_miss_stub}
  0x000002cd5cb42034: 0f85 46c7 | 31ff 6690 | 0f1f 4000 
[Verified Entry Point]
  0x000002cd5cb42040: 8984 2400 | 80ff ff55 | 4881 ec10 | 0100 0090 | 4181 7f20 | 5900 0000 | 0f85 2d81 | 0000 4c89 
  0x000002cd5cb42060: 4424 6048 | 8954 2468 | 448b 5a58 | 4585 db0f | 847f 0e00 | 004b 8d2c | dc48 8bd5 | 4c89 4424 
  0x000002cd5cb42080: 2066 6690 

  0x000002cd5cb42084: ;   {static_call}
  0x000002cd5cb42084: c5f8 77e8 

  0x000002cd5cb42088: ; ImmutableOopMap {rbp=Oop [32]=Oop [96]=Oop [104]=Oop }
                      ;*invokestatic ensureMaterializedForStackWalk {reexecute=0 rethrow=0 return_oop=0}
                      ; - java.security.AccessController::executePrivileged@5
                      ; - java.security.AccessController::doPrivileged@13
                      ; - java.net.URLClassLoader::findClass@13
  0x000002cd5cb42088: 5471 8eff 

  0x000002cd5cb4208c: ;   {other}
  0x000002cd5cb4208c: 0f1f 8400 | 7c09 0000 | 4889 6c24 | 284c 8b54 | 2460 6690 

  0x000002cd5cb420a0: ; implicit exception: dispatches to 0x000002cd5cb49494
  0x000002cd5cb420a0: 450f be52 | 1045 85d2 | 0f85 9a51 | 0000 4c8b | 5424 6045 | 8b4a 1443 | 8b4c cc0c | 0f1f 4000 
  0x000002cd5cb420c0: 85c9 0f86 | ea03 0000 | 8bf9 ffcf | 3bf9 0f83 | c84d 0000 | 448d 51fd | 4b8d 1ccc | 0f1f 4000 
  0x000002cd5cb420e0: 4380 7ccc | 102e 0f84 | 1a20 0000 | 4183 fa01 | 0f8e d24d | 0000 bd01 | 0000 0045 | 33db 4c89 
  0x000002cd5cb42100: 5c24 7044 | 8bc1 442b | c541 83c0 | fd33 d244 | 3bd5 440f | 4cc2 4181 | f8a0 0f00 | 0041 bba0 
  0x000002cd5cb42120: 0f00 0045 | 0f47 c344 | 03c5 8bc7 | 418b f2eb | 0341 8beb | 4c63 d542 | 0fbe 7c13 | 1066 6690 
  0x000002cd5cb42140: 83ff 2e0f | 847f 0000 | 0042 0fbe | 7c13 1183 | ff2e 0f84 | 6900 0000 | 420f be7c | 1312 6690 
  0x000002cd5cb42160: 83ff 2e0f | 845c 0000 | 0042 0fbe | 7c13 1383 | ff2e 0f84 | 4600 0000 | 448d 5d04 | 0f1f 4000 
  0x000002cd5cb42180: 453b d87c | ac49 8b97 

  0x000002cd5cb42188: ;   {no_reloc}
  0x000002cd5cb42188: 5804 0000 | 83c5 034c | 8b54 2460 

  0x000002cd5cb42194: ; ImmutableOopMap {r8=Oop r9=NarrowOop rbx=Oop [40]=Oop [96]=Oop [104]=Oop }
                      ;*if_icmpne {reexecute=1 rethrow=0 return_oop=0}
                      ; - (reexecute) java.lang.StringLatin1::replace@28
                      ; - java.lang.String::replace@18
                      ; - java.net.URLClassLoader$1::run@8
                      ; - java.net.URLClassLoader$1::run@1
                      ; - java.security.AccessController::executePrivileged@29
                      ; - java.security.AccessController::doPrivileged@13
                      ; - java.net.URLClassLoader::findClass@13
                      ;   {poll}
  0x000002cd5cb42194: 4d8b c285 | 020f 1f80 | 0000 0000 | 443b de0f | 8dfc 1f00 | 0041 8beb | 8bf8 448b | d6e9 4dff 
  0x000002cd5cb421b4: ffff 448b | cee9 d600 | 0000 83c5 | 02ff c5eb | 0383 c502 | 8bf8 448b | d63b e90f | 8de5 0200 
  0x000002cd5cb421d4: 0066 6666 | 0f1f 8400 | 0000 0000 | 81f9 0000 | 1000 0f87 | b924 0000 | 4489 5424 | 7c89 7c24 
  0x000002cd5cb421f4: 784d 8b9f | b801 0000 | 4c63 d149 | 83c2 1749 | 83e2 f84d | 8bc3 4d03 | c24d 3b87 | c801 0000 
  0x000002cd5cb42214: 0f83 9424 | 0000 4d89 | 87b8 0100 | 0041 0f0d | 88c0 0000 | 0049 c703 | 0100 0000 | 410f 0d88 
  0x000002cd5cb42234: 0001 0000 

  0x000002cd5cb42238: ;   {metadata({type array byte})}
  0x000002cd5cb42238: 41c7 4308 | c80a 0400 | 4189 4b0c | 410f 0d88 | 4001 0000 | 410f 0d88 | 8001 0000 | 85ed 0f8e 
  0x000002cd5cb42258: bb00 0000 | 8bfd ffcf | 3bf9 0f83 | 0850 0000 | 85c9 0f86 | 0050 0000 | 4d8b eb47 | 0fbe 5ccc 
  0x000002cd5cb42278: 1045 885d | 1066 6690 | 83ff 010f | 8e17 5000 | 0041 bad0 | 0700 00ba | 0100 0000 | 448b dd44 
  0x000002cd5cb42298: 2bda 41ff | cb33 c03b | fa44 0f4c | d841 81fb | d007 0000 | 450f 47da | 4403 da41 | 8bf1 6666 
  0x000002cd5cb422b8: 0f1f 8400 | 0000 0000 | 4863 c244 | 0fbe 4c03 | 1045 884c | 0510 440f | be44 0311 | 4588 4405 
  0x000002cd5cb422d8: 1183 c202 | 0f1f 4000 | 413b d37c | db4d 8b9f 

  0x000002cd5cb422e8: ; ImmutableOopMap {rbx=Oop rsi=NarrowOop r13=Oop [40]=Oop [96]=Oop [104]=Oop }
                      ;*goto {reexecute=1 rethrow=0 return_oop=0}
                      ; - (reexecute) java.lang.StringLatin1::replace@76
                      ; - java.lang.String::replace@18
                      ; - java.net.URLClassLoader$1::run@8
                      ; - java.net.URLClassLoader$1::run@1
                      ; - java.security.AccessController::executePrivileged@29
                      ; - java.security.AccessController::doPrivileged@13
                      ; - java.net.URLClassLoader::findClass@13
  0x000002cd5cb422e8: 5804 0000 

  0x000002cd5cb422ec: ;   {poll}
  0x000002cd5cb422ec: 4185 033b | d70f 8cbf | feff ff44 | 8bce 3bd5 | 7d16 6690 | 4c63 d246 | 0fbe 5c13 | 1047 885c 
  0x000002cd5cb4230c: 1510 ffc2 | 3bd5 7cec | 4d8b dd3b | e90f 8d45 | 0100 0090 | 3be9 0f83 | 2d4d 0000 | 448b 5424 
  0x000002cd5cb4232c: 7844 3bd1 | 0f83 1f4d | 0000 8bfd | ffc7 4c63 | d546 0fbe | 4c13 1041 | 83f9 2e0f | 84de 0a00 
  0x000002cd5cb4234c: 0047 884c | 1310 448b | d541 ffc2 | 443b d77d | 0541 8bea | ebd8 443b | 5424 7c0f | 8dcf 0000 
  0x000002cd5cb4236c: 00ff c5e9 | 9800 0000 | 41b8 2f00 | 0000 660f | 1f44 0000 | 4788 4413 | 1246 0fbe | 4413 1341 
  0x000002cd5cb4238c: 83f8 2e0f | 8457 0000 | 0047 8844 | 1313 83c5 | 0466 6690 | 413b e90f | 8d4b 0000 | 004c 63d5 
  0x000002cd5cb423ac: 460f be44 | 1310 4183 | f82e 7424 | 4788 4413 | 1046 0fbe | 4413 1141 | 83f8 2e74 | 1b47 8844 
  0x000002cd5cb423cc: 1311 460f | be44 1312 | 4183 f82e | 75a6 eb98 | 41b8 2f00 | 0000 ebd4 | 41b8 2f00 

  0x000002cd5cb423e8: ;   {no_reloc}
  0x000002cd5cb423e8: 0000 ebdd | 41b8 2f00 | 0000 eba1 | 4d8b 8f58 | 0400 004c | 8b54 2460 

  0x000002cd5cb42400: ; ImmutableOopMap {r11=Oop r8=Oop rbx=Oop [40]=Oop [96]=Oop [104]=Oop }
                      ;*goto {reexecute=1 rethrow=0 return_oop=0}
                      ; - (reexecute) java.lang.StringLatin1::replace@113
                      ; - java.lang.String::replace@18
                      ; - java.net.URLClassLoader$1::run@8
                      ; - java.net.URLClassLoader$1::run@1
                      ; - java.security.AccessController::executePrivileged@29
                      ; - java.security.AccessController::doPrivileged@13
                      ; - java.net.URLClassLoader::findClass@13
                      ;   {poll}
  0x000002cd5cb42400: 4d8b c241 | 8501 3b6c | 247c 7d33 | 448b c944 | 2bcd 4183 | c1fd 8b7c | 247c 4533 | d23b fd45 
  0x000002cd5cb42420: 0f4c ca41 | 81f9 a00f | 0000 41b8 | a00f 0000 | 450f 47c8 | 4403 cde9 | 6dff ffff | 418b ea90 
  0x000002cd5cb42440: 3be9 7d20 | 4c63 d546 | 0fbe 4c13 | 1041 83f9 | 2e0f 8492 | 0a00 0047 | 884c 1310 | ffc5 6690 
  0x000002cd5cb42460: 3be9 7ce0 | 4d8b 87b8 | 0100 004d | 8bd0 4983 | c218 4d3b | 97c8 0100 | 000f 83af | 2200 004d 
  0x000002cd5cb42480: 8997 b801 | 0000 410f | 0d8a c000 | 0000 49c7 | 0001 0000 

  0x000002cd5cb42494: ;   {metadata('java/lang/String')}
  0x000002cd5cb42494: 0041 c740 | 0890 2004 | 0045 8960 | 0c4d 8960 | 104d 8bcb | 49c1 e903 | 4589 4814 | eb14 4533 
  0x000002cd5cb424b4: d24c 8954 | 2470 4d8b | d949 c1e3 | 034c 8b44 | 2460 458b | 4b0c 4585 | c90f 8663 | 0900 0041 
  0x000002cd5cb424d4: 0fbe 4810 | c4c2 72f7 | f148 63fe | 83f9 010f | 8413 4e00 | 0085 f60f | 8cb9 4d00 | 0048 8d47 
  0x000002cd5cb424f4: 068b e885 | ed0f 8cd9 | 4d00 004c | 8bd0 49c1 | fa20 458b | d2c4 6229 | f7d5 4585 | d20f 8c19 
  0x000002cd5cb42514: 4e00 0066 | 0f1f 8400 | 0000 0000 | 4181 fa00 | 0010 000f | 87ae 4900 | 0049 63d2 | 4181 fa00 
  0x000002cd5cb42534: 0010 000f | 87f9 1f00 | 004d 8beb | 498b 9fb8 | 0100 0048 | 83c2 1748 | 83e2 f84c | 8bdb 4c03 
  0x000002cd5cb42554: da66 6666 | 0f1f 8400 | 0000 0000 | 4d3b 9fc8 | 0100 000f | 83c6 1f00 | 004d 899f | b801 0000 
  0x000002cd5cb42574: 410f 0d8b | c000 0000 | 48c7 0301 | 0000 0041 | 0f0d 8b00 

  0x000002cd5cb42588: ;   {metadata({type array byte})}
  0x000002cd5cb42588: 0100 00c7 | 4308 c80a | 0400 4489 | 530c 410f | 0d8b 4001 | 0000 410f | 0d8b 8001 | 0000 448d 
  0x000002cd5cb425a8: 5e06 453b | d30f 8232 | 4900 004c | 63de 85f6 | 0f8f 4408 | 0000 42c6 | 441b 102e | 42c6 441b 
  0x000002cd5cb425c8: 1163 42c6 | 441b 126c | 42c6 441b | 1361 42c6 | 441b 1473 | 42c6 441b | 1573 4d8b | dd49 83c3 
  0x000002cd5cb425e8: 1048 8bd3 | 4883 c210 | 85c9 0f85 | 821e 0000 | 0f1f 8400 | 0000 0000 | 453b d10f | 820f 4900 
  0x000002cd5cb42608: 0045 85c9 | 761e 4d63 | c149 8bcb | c5f8 7749 | bac0 92e4 | 5bcd 0200 | 0041 ffd2 

  0x000002cd5cb42624: ;   {other}
  0x000002cd5cb42624: 0f1f 8400 | 0000 0000 | 4d8b 87b8 | 0100 004d | 8bd0 4983 | c218 660f | 1f44 0000 | 4d3b 97c8 
  0x000002cd5cb42644: 0100 000f | 839f 1f00 | 004d 8997 | b801 0000 | 410f 0d8a | c000 0000 | 49c7 0001 

  0x000002cd5cb42660: ;   {metadata('java/lang/String')}
  0x000002cd5cb42660: 0000 0041 | c740 0890 | 2004 0045 | 8960 0c4d | 8960 104c | 8bdb 49c1 | eb03 4589 | 5814 4c8b 
  0x000002cd5cb42680: 5424 6845 | 8b5a 5445 | 85db 0f84 | e547 0000 | 4b8d 14dc | 4533 c990 

  0x000002cd5cb42698: ;   {optimized virtual_call}
  0x000002cd5cb42698: c5f8 77e8 

  0x000002cd5cb4269c: ; ImmutableOopMap {[40]=Oop [96]=Oop [104]=Oop }
                      ;*invokevirtual getResource {reexecute=0 rethrow=0 return_oop=1}
                      ; - java.net.URLClassLoader$1::run@26
                      ; - java.net.URLClassLoader$1::run@1
                      ; - java.security.AccessController::executePrivileged@29
                      ; - java.security.AccessController::doPrivileged@13
                      ; - java.net.URLClassLoader::findClass@13
  0x000002cd5cb4269c: 60e1 a9ff 

  0x000002cd5cb426a0: ;   {other}
  0x000002cd5cb426a0: 0f1f 8400 | 900f 0004 | 488b f048 | 85c0 0f85 | 7700 0000 | 498b 87b8 | 0100 004c | 8bd0 4983 
  0x000002cd5cb426c0: c228 4d3b | 97c8 0100 | 000f 8396 | 2000 004d | 8997 b801 | 0000 410f | 0d8a c000 | 0000 48c7 
  0x000002cd5cb426e0: 0001 0000 

  0x000002cd5cb426e4: ;   {metadata('java/lang/ClassNotFoundException')}
  0x000002cd5cb426e4: 00c7 4008 | 0053 0400 | 4489 600c | 4c89 6010 | 4c89 6018 | 4c89 6020 | 488b e848 | 8bd5 4c8b 
  0x000002cd5cb42704: 4424 6090 

  0x000002cd5cb42708: ;   {optimized virtual_call}
  0x000002cd5cb42708: c5f8 77e8 

  0x000002cd5cb4270c: ; ImmutableOopMap {rbp=Oop }
                      ;*invokespecial <init> {reexecute=0 rethrow=0 return_oop=0}
                      ; - java.net.URLClassLoader::findClass@41
  0x000002cd5cb4270c: 7027 a4ff 

  0x000002cd5cb42710: ;   {other}
  0x000002cd5cb42710: 0f1f 8400 | 0010 0005 | 488b d5c5 | f877 4881 | c410 0100 

  0x000002cd5cb42724: ;   {runtime_call _rethrow_Java}
  0x000002cd5cb42724: 005d e955 | 3e3e ffc5 | f877 49ba | 2025 5b24 | fc7f 0000 

  0x000002cd5cb42738: ;   {other}
  0x000002cd5cb42738: 41ff d20f | 1f84 0000 | 0000 0048 | 8944 2450 | 4c8b 5424 | 6045 8b42 | 1443 8b54 | c40c 410f 
  0x000002cd5cb42758: be4a 10c4 | 6272 f7da | 458b cb41 | ffc9 85c9 | 0f85 f64b | 0000 448b | d241 ffca | 453b d145 
  0x000002cd5cb42778: 0f4f d14b | 8d0c c490 | 4585 d27c | 3766 6666 | 0f1f 8400 | 0000 0000 | 443b d20f | 83a6 2200 
  0x000002cd5cb42798: 000f 1f80 | 0000 0000 | 4280 7c11 | 102e 741a | 498b bf58 | 0400 0041 | ffca 4c8b 

  0x000002cd5cb427b4: ; ImmutableOopMap {r8=NarrowOop r9=Oop rcx=Oop rsi=Oop [40]=Oop [96]=Oop [104]=Oop }
                      ;*goto {reexecute=1 rethrow=0 return_oop=0}
                      ; - (reexecute) java.lang.StringLatin1::lastIndexOf@35
                      ; - java.lang.String::lastIndexOf@13
                      ; - java.lang.String::lastIndexOf@8
                      ; - java.net.URLClassLoader::defineClass@7
                      ; - java.net.URLClassLoader$1::run@43
                      ; - java.net.URLClassLoader$1::run@1
                      ; - java.security.AccessController::executePrivileged@29
                      ; - java.security.AccessController::doPrivileged@13
                      ; - java.net.URLClassLoader::findClass@13
                      ;   {poll}
  0x000002cd5cb427b4: ce85 0745 | 85d2 7dd4 | 41ba ffff | ffff 8b5e 

  0x000002cd5cb427c4: ;   {metadata('jdk/internal/loader/URLClassPath$JarLoader$2')}
  0x000002cd5cb427c4: 0881 fb10 | 9509 000f | 85b3 4800 | 004c 8bee | 418b 5d20 

  0x000002cd5cb427d8: ; implicit exception: dispatches to 0x000002cd5cb49508
  0x000002cd5cb427d8: 458b 74dc | 1c66 6690 | 4183 faff | 0f84 c24b | 0000 4585 | d20f 8c4b | 2f00 0045 | 3bd3 0f8f 
  0x000002cd5cb427f8: f44b 0000 | 0f1f 4000 | 453b d30f | 84fc 0600 | 0045 85d2 | 0f84 c419 | 0000 498b | 9fb8 0100 
  0x000002cd5cb42818: 004c 8bdb | 4983 c318 | 4d3b 9fc8 | 0100 000f | 8318 2000 | 004d 899f | b801 0000 | 410f 0d8b 
  0x000002cd5cb42838: c000 0000 | 48c7 0301 

  0x000002cd5cb42840: ;   {metadata('java/lang/String')}
  0x000002cd5cb42840: 0000 00c7 | 4308 9020 | 0400 4489 | 630c 4c89 | 6310 4b8d | 7cc4 1066 | 0f1f 8400 | 0000 0000 
  0x000002cd5cb42860: 443b d20f | 84e4 0000 | 0041 81fa | 0000 1000 | 0f87 664c | 0000 4d63 | da41 3bd2 | 8bea 410f 
  0x000002cd5cb42880: 4fea 3bd5 | 0f82 c74c | 0000 443b | d50f 82be | 4c00 0049 | 83c3 174d | 8bc3 4983 | e0f8 6690 
  0x000002cd5cb428a0: 4181 fa00 | 0010 000f | 87db 2100 | 004d 8b8f | b801 0000 | 498b d149 | 03d0 660f | 1f44 0000 
  0x000002cd5cb428c0: 493b 97c8 | 0100 000f | 83bb 2100 | 0049 8997 | b801 0000 | 0f0d 8ac0 | 0000 0049 | c701 0100 
  0x000002cd5cb428e0: 0000 0f0d | 8a00 0100 

  0x000002cd5cb428e8: ;   {metadata({type array byte})}
  0x000002cd5cb428e8: 0041 c741 | 08c8 0a04 | 0045 8951 | 0c0f 0d8a | 4001 0000 | 0f0d 8a80 | 0100 0049 | 8bd1 4883 
  0x000002cd5cb42908: c210 49c1 | eb03 85ed | 0f84 cf4b | 0000 413b | ea0f 8c66 | 1a00 0049 | 8be9 4983 | c0f0 49c1 
  0x000002cd5cb42928: e803 488b | cfc5 f877 | 49ba 6099 | e45b cd02 | 0000 41ff 

  0x000002cd5cb4293c: ;   {other}
  0x000002cd5cb4293c: d20f 1f84 | 0000 0000 | 004c 8bcd | e9d6 0000 | 004c 63d2 | 81fa 0000 | 1000 0f87 | 5b1f 0000 
  0x000002cd5cb4295c: 498b afb8 | 0100 004d | 8d5a 1749 | 83e3 f84c | 8bcd 4d03 | cb4d 3b8f | c801 0000 | 0f83 391f 
  0x000002cd5cb4297c: 0000 4d89 | 8fb8 0100 | 0041 0f0d | 89c0 0000 | 0048 c745 | 0001 0000 | 0041 0f0d | 8900 0100 
  0x000002cd5cb4299c: ;   {metadata({type array byte})}
  0x000002cd5cb4299c: 00c7 4508 | c80a 0400 | 8955 0c41 | 0f0d 8940 | 0100 0041 | 0f0d 8980 | 0100 0048 | 8974 2430 
  0x000002cd5cb429bc: 4c89 6c24 | 7844 8974 | 245c 4889 | 9c24 8000 | 0000 4889 | 7c24 384c | 8954 2440 | 488b d548 
  0x000002cd5cb429dc: 83c2 104c | 8b44 2440 | 4983 c007 | 49c1 e803 | 488b 4c24 | 38c5 f877 | 49ba 6099 | e45b cd02 
  0x000002cd5cb429fc: 0000 41ff 

  0x000002cd5cb42a00: ;   {other}
  0x000002cd5cb42a00: d20f 1f84 | 0000 0000 | 0048 8b74 | 2430 4c8b | 6c24 7844 | 8b74 245c | 488b 9c24 | 8000 0000 
  0x000002cd5cb42a20: 4c8b cd41 | 807f 4000 | 0f85 f117 | 0000 4c8b | d34d 8bd9 | 49c1 eb03 | 4489 5b14 | 4d8b d94d 
  0x000002cd5cb42a40: 33da 49c1 | eb15 4d85 | db74 1e49 | c1ea 0948 | b900 00c1 | 60cd 0200 | 0049 03ca | 0f1f 4000 
  0x000002cd5cb42a60: 8039 020f | 85f6 1700 | 0044 8863 | 1048 899c | 24f0 0000 

  0x000002cd5cb42a74: ;   {oop(a 'java/lang/Class'{0x00000007009d8e20} = 'jdk/internal/access/SharedSecrets')}
  0x000002cd5cb42a74: 0049 ba20 | 8e9d 0007 | 0000 0045 | 8b92 d400 | 0000 478b | 4cd4 0845 | 8b5d 2047 | 8b5c dc18 
  0x000002cd5cb42a94: 0f1f 8400 | 0000 0000 | 6666 6690 

  0x000002cd5cb42aa0: ;   {metadata('java/util/jar/JavaUtilJarAccessImpl')}
  0x000002cd5cb42aa0: 4181 f9e8 | 0109 000f | 850f 4600 | 0043 8b6c | dc08 4f8d | 04dc 488d | 9c24 0001 | 0000 498b 
  0x000002cd5cb42ac0: 00a8 020f | 8523 0000 | 0048 83c8 | 0148 8903 | f049 0fb1 | 180f 8437 | 0000 0048 | 2bc4 4825 
  0x000002cd5cb42ae0: 07f0 ffff | 4889 03e9 | 2400 0000 | 4c8b d048 | 33c0 f04d | 0fb1 7a3e | 48c7 0303 | 0000 0074 
  0x000002cd5cb42b00: 114c 3bf8 | 7515 49ff | 8286 0000 | 0048 33c0 | 7509 49ff | 8750 0500 | 0033 c00f | 1f44 0000 
  0x000002cd5cb42b20: 0f85 ea45 

  0x000002cd5cb42b24: ;   {section_word}
  0x000002cd5cb42b24: 0000 c4e3 | 790b 05d0 | f4ff ff02 | c57b 2cd0 | 4181 fa00 | 0000 800f | 8435 7600 | 0047 3b64 
  0x000002cd5cb42b44: dc30 750f | 470f b64c | dc12 4585 | c90f 85be | 1500 0066 | 0f1f 8400 | 0000 0000 | 473b 64dc 
  0x000002cd5cb42b64: 300f 854f | 1700 0048 | 8d84 2400 | 0100 0048 | 8338 000f | 8479 0000 | 004d 8b18 | 41f6 c302 
  0x000002cd5cb42b84: 0f84 6200 | 0000 4983 | bb86 0000 | 0000 7409 | 49ff 8b86 | 0000 00eb | 4b49 8b83 | 9600 0000 
  0x000002cd5cb42ba4: 490b 838e | 0000 0075 | 0a49 c743 | 3e00 0000 | 00eb 3d49 | 83bb 9e00 | 0000 0074 | 2248 33c0 
  0x000002cd5cb42bc4: 49c7 433e | 0000 0000 | f083 0424 | 0049 83bb | 9e00 0000 | 0075 0df0 | 4d0f b17b | 3e75 0583 
  0x000002cd5cb42be4: c801 eb0c | a800 eb08 | 4c8b 18f0 | 4d0f b118 | 750a 49ff | 8f50 0500 | 0045 33db | 0f85 9f45 
  0x000002cd5cb42c04: 0000 458b | 4520 438b | 6cc4 1845 | 8b5c ec08 | 0f1f 8400 | 0000 0000 | 6666 6690 

  0x000002cd5cb42c20: ;   {metadata('java/util/jar/JarFile')}
  0x000002cd5cb42c20: 4181 fbc8 | fc08 000f | 85cd 4500 | 0049 8d3c | ec8b 5f28 | 85db 0f84 | db02 0000 | 418b 6cdc 
  0x000002cd5cb42c40: 0c41 807f | 4000 0f85 | 9915 0000 

  0x000002cd5cb42c4c: ; implicit exception: dispatches to 0x000002cd5cb49694
  0x000002cd5cb42c4c: 458b 5cec 

  0x000002cd5cb42c50: ;   {oop(a 'java/lang/Class'{0x00000007007bbc08} = 'java/lang/ref/SoftReference')}
  0x000002cd5cb42c50: 0849 ba08 | bc7b 0007 | 0000 004d | 8b52 704d | 8b44 dc20 | 4d3b c20f | 858f 1400 

  0x000002cd5cb42c6c: ;   {metadata('java/util/jar/Manifest')}
  0x000002cd5cb42c6c: 0041 81fb | 104c 0500 | 0f85 c667 | 0000 4d8d | 14ec 4c89 | 5424 3848 | 8974 2430 | 4c89 6c24 
  0x000002cd5cb42c8c: 784d 8bd6 | 49c1 e203 | 4c89 5424 | 2044 8974 | 2458 488b | 5424 684c | 8b84 24f0 | 0000 004c 
  0x000002cd5cb42cac: 8b4c 2438 | 498b fa90 

  0x000002cd5cb42cb4: ;   {optimized virtual_call}
  0x000002cd5cb42cb4: c5f8 77e8 

  0x000002cd5cb42cb8: ; ImmutableOopMap {[32]=Oop [40]=Oop [48]=Oop [56]=Oop [88]=NarrowOop [96]=Oop [104]=Oop [120]=Oop [240]=Oop }
                      ;*invokevirtual getAndVerifyPackage {reexecute=0 rethrow=0 return_oop=1}
                      ; - java.net.URLClassLoader::defineClass@46
                      ; - java.net.URLClassLoader$1::run@43
                      ; - java.net.URLClassLoader$1::run@1
                      ; - java.security.AccessController::executePrivileged@29
                      ; - java.security.AccessController::doPrivileged@13
                      ; - java.net.URLClassLoader::findClass@13
  0x000002cd5cb42cb8: 64da daff 

  0x000002cd5cb42cbc: ;   {other}
  0x000002cd5cb42cbc: 0f1f 8400 | ac15 0007 | 4885 c00f | 84d8 0100 | 0048 8b54 | 2478 6690 

  0x000002cd5cb42cd4: ;   {optimized virtual_call}
  0x000002cd5cb42cd4: c5f8 77e8 

  0x000002cd5cb42cd8: ; ImmutableOopMap {[32]=Oop [40]=Oop [48]=Oop [88]=NarrowOop [96]=Oop [104]=Oop [120]=Oop }
                      ;*invokevirtual getByteBuffer {reexecute=0 rethrow=0 return_oop=1}
                      ; - java.net.URLClassLoader::defineClass@132
                      ; - java.net.URLClassLoader$1::run@43
                      ; - java.net.URLClassLoader$1::run@1
                      ; - java.security.AccessController::executePrivileged@29
                      ; - java.security.AccessController::doPrivileged@13
                      ; - java.net.URLClassLoader::findClass@13
  0x000002cd5cb42cd8: 84d5 0000 

  0x000002cd5cb42cdc: ;   {other}
  0x000002cd5cb42cdc: 0f1f 8400 | cc15 0008 | 4885 c00f | 8553 4700 | 0048 8b54 | 2478 6690 

  0x000002cd5cb42cf4: ;   {optimized virtual_call}
  0x000002cd5cb42cf4: c5f8 77e8 

  0x000002cd5cb42cf8: ; ImmutableOopMap {[32]=Oop [40]=Oop [48]=Oop [88]=NarrowOop [96]=Oop [104]=Oop [120]=Oop }
                      ;*invokevirtual getBytes {reexecute=0 rethrow=0 return_oop=1}
                      ; - java.net.URLClassLoader::defineClass@179
                      ; - java.net.URLClassLoader$1::run@43
                      ; - java.net.URLClassLoader$1::run@1
                      ; - java.security.AccessController::executePrivileged@29
                      ; - java.security.AccessController::doPrivileged@13
                      ; - java.net.URLClassLoader::findClass@13
  0x000002cd5cb42cf8: e441 c0ff 

  0x000002cd5cb42cfc: ;   {other}
  0x000002cd5cb42cfc: 0f1f 8400 | ec15 0009 | 4889 4424 | 3848 8b54 | 2478 6690 

  0x000002cd5cb42d10: ;   {optimized virtual_call}
  0x000002cd5cb42d10: c5f8 77e8 

  0x000002cd5cb42d14: ; ImmutableOopMap {[32]=Oop [40]=Oop [48]=Oop [56]=Oop [88]=NarrowOop [96]=Oop [104]=Oop }
                      ;*invokevirtual getCodeSigners {reexecute=0 rethrow=0 return_oop=1}
                      ; - java.net.URLClassLoader::defineClass@185
                      ; - java.net.URLClassLoader$1::run@43
                      ; - java.net.URLClassLoader$1::run@1
                      ; - java.security.AccessController::executePrivileged@29
                      ; - java.security.AccessController::doPrivileged@13
                      ; - java.net.URLClassLoader::findClass@13
  0x000002cd5cb42d14: e863 3701 

  0x000002cd5cb42d18: ;   {other}
  0x000002cd5cb42d18: 0f1f 8400 | 0816 000a | 488b e849 | 8b87 b801 | 0000 4c8b | d049 83c2 | 284d 3b97 | c801 0000 
  0x000002cd5cb42d38: 0f83 e71a | 0000 4d89 | 97b8 0100 | 0041 0f0d | 8ac0 0000 | 0048 c700 | 0100 0000 

  0x000002cd5cb42d54: ;   {metadata('java/security/CodeSource')}
  0x000002cd5cb42d54: c740 0818 | 5b05 0044 | 8960 0c4c | 8960 104c | 8960 184c | 8960 2048 | 8944 2458 | 488b d04c 
  0x000002cd5cb42d74: 8b44 2420 | 4c8b cd90 

  0x000002cd5cb42d7c: ;   {optimized virtual_call}
  0x000002cd5cb42d7c: c5f8 77e8 

  0x000002cd5cb42d80: ; ImmutableOopMap {[40]=Oop [48]=Oop [56]=Oop [88]=Oop [96]=Oop [104]=Oop }
                      ;*invokespecial <init> {reexecute=0 rethrow=0 return_oop=0}
                      ; - java.net.URLClassLoader::defineClass@198
                      ; - java.net.URLClassLoader$1::run@43
                      ; - java.net.URLClassLoader$1::run@1
                      ; - java.security.AccessController::executePrivileged@29
                      ; - java.security.AccessController::doPrivileged@13
                      ; - java.net.URLClassLoader::findClass@13
  0x000002cd5cb42d80: dcb1 dfff 

  0x000002cd5cb42d84: ;   {other}
  0x000002cd5cb42d84: 0f1f 8400 | 7416 000b 

  0x000002cd5cb42d8c: ;   {oop(a 'jdk/internal/perf/PerfCounter'{0x00000007009da138})}
  0x000002cd5cb42d8c: 48ba 38a1 | 9d00 0700 | 0000 4c8b | 4424 5090 

  0x000002cd5cb42d9c: ;   {optimized virtual_call}
  0x000002cd5cb42d9c: c5f8 77e8 

  0x000002cd5cb42da0: ; ImmutableOopMap {[40]=Oop [48]=Oop [56]=Oop [88]=Oop [96]=Oop [104]=Oop }
                      ;*invokevirtual addElapsedTimeFrom {reexecute=0 rethrow=0 return_oop=0}
                      ; - java.net.URLClassLoader::defineClass@207
                      ; - java.net.URLClassLoader$1::run@43
                      ; - java.net.URLClassLoader$1::run@1
                      ; - java.security.AccessController::executePrivileged@29
                      ; - java.security.AccessController::doPrivileged@13
                      ; - java.net.URLClassLoader::findClass@13
  0x000002cd5cb42da0: 9c2c a6ff 

  0x000002cd5cb42da4: ;   {other}
  0x000002cd5cb42da4: 0f1f 8400 | 9416 000c | 4c8b 4c24 | 3841 8b71 | 0c48 8b54 | 2468 4c8b | 4424 6033 | ff48 8b4c 
  0x000002cd5cb42dc4: 2458 6690 

  0x000002cd5cb42dc8: ;   {optimized virtual_call}
  0x000002cd5cb42dc8: c5f8 77e8 

  0x000002cd5cb42dcc: ; ImmutableOopMap {[40]=Oop [48]=Oop [96]=Oop [104]=Oop }
                      ;*invokevirtual defineClass {reexecute=0 rethrow=0 return_oop=1}
                      ; - java.net.URLClassLoader::defineClass@220
                      ; - java.net.URLClassLoader$1::run@43
                      ; - java.net.URLClassLoader$1::run@1
                      ; - java.security.AccessController::executePrivileged@29
                      ; - java.security.AccessController::doPrivileged@13
                      ; - java.net.URLClassLoader::findClass@13
  0x000002cd5cb42dcc: f00e d800 

  0x000002cd5cb42dd0: ;   {other}
  0x000002cd5cb42dd0: 0f1f 8400 | c016 000d | 0f1f 8400 | 0000 0000 | 4885 c00f | 84cb f8ff | ffc5 f877 | 4881 c410 
  0x000002cd5cb42df0: 0100 005d 

  0x000002cd5cb42df4: ;   {poll_return}
  0x000002cd5cb42df4: 493b a750 | 0400 000f | 875f 7300 | 00c3 42c6 | 441b 1573 | 42c6 441b | 1473 42c6 | 441b 1361 
  0x000002cd5cb42e14: 42c6 441b | 126c 42c6 | 441b 1163 | 42c6 441b | 102e e9b7 | f7ff ff41 | b92f 0000 | 00e9 17f5 
  0x000002cd5cb42e34: ffff 498b | 87b8 0100 | 004c 8bd0 | 4983 c218 | 4d3b 97c8 | 0100 000f | 83c0 2900 | 004d 8997 
  0x000002cd5cb42e54: b801 0000 | 410f 0d8a | c000 0000 | 48c7 0001 

  0x000002cd5cb42e64: ;   {metadata('java/lang/String')}
  0x000002cd5cb42e64: 0000 00c7 | 4008 9020 | 0400 4489 | 600c 4489 

  0x000002cd5cb42e74: ;   {oop([B{0x00000007009d98c0})}
  0x000002cd5cb42e74: 6010 c740 | 1418 b313 

  0x000002cd5cb42e7c: ;   {oop(".class"{0x00000007009d8c50})}
  0x000002cd5cb42e7c: e049 ba50 | 8c9d 0007 | 0000 0045 | 8b42 0c44 | 8940 0c45 | 0fb6 5211 | 4488 5011 | 4c8b c00f 
  0x000002cd5cb42e9c: 1f44 0000 | e9d9 f7ff 

  0x000002cd5cb42ea4: ;   {metadata('java/lang/IllegalArgumentException')}
  0x000002cd5cb42ea4: ff48 bd00 | 1e02 0008 | 0000 004c | 8b54 2438 | 4d85 d20f | 8490 1700 | 0048 8b54 | 2468 4c8b 
  0x000002cd5cb42ec4: 8424 f000 | 0000 4c8b | 4c24 3848 | 8b7c 2420 

  0x000002cd5cb42ed4: ;   {optimized virtual_call}
  0x000002cd5cb42ed4: c5f8 77e8 

  0x000002cd5cb42ed8: ; ImmutableOopMap {[32]=Oop [40]=Oop [48]=Oop [56]=Oop [88]=NarrowOop [96]=Oop [104]=Oop [120]=Oop [240]=Oop }
                      ;*invokevirtual definePackage {reexecute=0 rethrow=0 return_oop=1}
                      ; - java.net.URLClassLoader::defineClass@64
                      ; - java.net.URLClassLoader$1::run@43
                      ; - java.net.URLClassLoader$1::run@1
                      ; - java.security.AccessController::executePrivileged@29
                      ; - java.security.AccessController::doPrivileged@13
                      ; - java.net.URLClassLoader::findClass@13
  0x000002cd5cb42ed8: 44b0 13f8 

  0x000002cd5cb42edc: ;   {other}
  0x000002cd5cb42edc: 0f1f 8400 | cc17 000e | e9e4 fdff | ff41 b92f | 0000 00e9 | 63f5 ffff | 4533 d24c | 8954 2428 
  0x000002cd5cb42efc: 0f1f 4000 | e994 f1ff | ff4c 8b54 | 2460 4c89 | 9424 f000 | 0000 e95e | fbff ff48 | 897c 2438 
  0x000002cd5cb42f1c: 4489 5424 | 2044 89b4 | 2480 0000 | 004c 896c | 2478 4889 | 7424 3048 | 8bd7 6690 

  0x000002cd5cb42f38: ;   {optimized virtual_call}
  0x000002cd5cb42f38: c5f8 77e8 

  0x000002cd5cb42f3c: ; ImmutableOopMap {[40]=Oop [48]=Oop [56]=Oop [96]=Oop [104]=Oop [120]=Oop [128]=NarrowOop [240]=Oop }
                      ;*invokevirtual getManEntry {reexecute=0 rethrow=0 return_oop=1}
                      ; - java.util.jar.JarFile::getManifestFromReference@27
                      ; - java.util.jar.JarFile::getManifest@1
                      ; - jdk.internal.loader.URLClassPath$JarLoader$2::getManifest@22
                      ; - java.net.URLClassLoader::defineClass@34
                      ; - java.net.URLClassLoader$1::run@43
                      ; - java.net.URLClassLoader$1::run@1
                      ; - java.security.AccessController::executePrivileged@29
                      ; - java.security.AccessController::doPrivileged@13
                      ; - java.net.URLClassLoader::findClass@13
  0x000002cd5cb42f3c: c00f 70f9 

  0x000002cd5cb42f40: ;   {other}
  0x000002cd5cb42f40: 0f1f 8400 | 3018 000f | 4885 c00f | 8414 1500 | 004c 8b44 | 2438 450f | b658 120f | 1f44 0000 
  0x000002cd5cb42f60: 4585 db0f | 8548 0300 | 0049 8be8 | 498b d04c | 8bc0 6690 

  0x000002cd5cb42f74: ;   {optimized virtual_call}
  0x000002cd5cb42f74: c5f8 77e8 

  0x000002cd5cb42f78: ; ImmutableOopMap {rbp=Oop [40]=Oop [48]=Oop [96]=Oop [104]=Oop [120]=Oop [128]=NarrowOop [240]=Oop }
                      ;*invokespecial getInputStream {reexecute=0 rethrow=0 return_oop=1}
                      ; - java.util.jar.JarFile::getManifestFromReference@130
                      ; - java.util.jar.JarFile::getManifest@1
                      ; - jdk.internal.loader.URLClassPath$JarLoader$2::getManifest@22
                      ; - java.net.URLClassLoader::defineClass@34
                      ; - java.net.URLClassLoader$1::run@43
                      ; - java.net.URLClassLoader$1::run@1
                      ; - java.security.AccessController::executePrivileged@29
                      ; - java.security.AccessController::doPrivileged@13
                      ; - java.net.URLClassLoader::findClass@13
  0x000002cd5cb42f78: 04d0 5700 

  0x000002cd5cb42f7c: ;   {other}
  0x000002cd5cb42f7c: 0f1f 8400 | 6c18 0010 | 4889 8424 | 9000 0000 | 498b 87b8 | 0100 004c | 8bd0 4983 | c218 660f 
  0x000002cd5cb42f9c: 1f44 0000 | 4d3b 97c8 | 0100 000f | 839b 3f00 | 004d 8997 | b801 0000 | 410f 0d8a | c000 0000 
  0x000002cd5cb42fbc: 48c7 0001 

  0x000002cd5cb42fc0: ;   {metadata('java/util/jar/Manifest')}
  0x000002cd5cb42fc0: 0000 00c7 | 4008 104c | 0500 4489 | 600c 4c89 | 6010 4c8b | d84c 8bc5 | 458b 4814 | 498b afb8 
  0x000002cd5cb42fe0: 0100 004c | 8bd5 4983 | c210 4d3b | 97c8 0100 | 000f 83ae | 3f00 004d | 8997 b801 | 0000 410f 
  0x000002cd5cb43000: 0d8a c000 | 0000 48c7 | 4500 0100 

  0x000002cd5cb4300c: ;   {metadata('java/util/jar/Attributes')}
  0x000002cd5cb4300c: 0000 c745 | 0868 8409 | 0044 8965 | 0c49 8b87 | b801 0000 | 4c8b d049 | 83c2 404d | 3b97 c801 
  0x000002cd5cb4302c: 0000 0f83 | 353f 0000 | 4d89 97b8 | 0100 0041 | 0f0d 8ac0 | 0000 0048 | c700 0100 

  0x000002cd5cb43048: ;   {metadata('java/util/LinkedHashMap')}
  0x000002cd5cb43048: 0000 c740 | 0848 6900 | 0044 8960 | 0c4c 8960 | 104c 8960 | 184c 8960 | 204c 8960 | 284c 8960 
  0x000002cd5cb43068: 304c 8960 | 384c 8984 | 2488 0000 | 004c 899c | 2498 0000 | 0044 898c | 2484 0000 | 004c 8bd0 
  0x000002cd5cb43088: 4c89 9424 | a000 0000 | 498b d290 

  0x000002cd5cb43094: ;   {optimized virtual_call}
  0x000002cd5cb43094: c5f8 77e8 

  0x000002cd5cb43098: ; ImmutableOopMap {rbp=Oop [40]=Oop [48]=Oop [96]=Oop [104]=Oop [120]=Oop [128]=NarrowOop [132]=NarrowOop [136]=Oop [144]=Oop [152]=Oop [160]=Oop [240]=Oop }
                      ;*invokespecial <init> {reexecute=0 rethrow=0 return_oop=0}
                      ; - java.util.HashMap::<init>@1
                      ; - java.util.HashMap::<init>@4
                      ; - java.util.LinkedHashMap::<init>@2
                      ; - java.util.LinkedHashMap::newLinkedHashMap@39
                      ; - java.util.jar.Attributes::<init>@6
                      ; - java.util.jar.Attributes::<init>@3
                      ; - java.util.jar.Manifest::<init>@9
                      ; - java.util.jar.Manifest::<init>@4
                      ; - java.util.jar.JarFile::getManifestFromReference@143
                      ; - java.util.jar.JarFile::getManifest@1
                      ; - jdk.internal.loader.URLClassPath$JarLoader$2::getManifest@22
                      ; - java.net.URLClassLoader::defineClass@34
                      ; - java.net.URLClassLoader$1::run@43
                      ; - java.net.URLClassLoader$1::run@1
                      ; - java.security.AccessController::executePrivileged@29
                      ; - java.security.AccessController::doPrivileged@13
                      ; - java.net.URLClassLoader::findClass@13
  0x000002cd5cb43098: 245d acff 

  0x000002cd5cb4309c: ;   {other}
  0x000002cd5cb4309c: 0f1f 8400 | 8c19 0011 | 448b 5424 | 2041 81fa | 0100 0040 | 0f83 4f4c 

  0x000002cd5cb430b4: ;   {section_word}
  0x000002cd5cb430b4: 0000 c5fa | 1005 4aef | ffff 6690 

  0x000002cd5cb430c0: ;   {static_call}
  0x000002cd5cb430c0: c5f8 77e8 

  0x000002cd5cb430c4: ; ImmutableOopMap {rbp=Oop [40]=Oop [48]=Oop [96]=Oop [104]=Oop [120]=Oop [128]=NarrowOop [132]=NarrowOop [136]=Oop [144]=Oop [152]=Oop [160]=Oop [240]=Oop }
                      ;*invokestatic isNaN {reexecute=0 rethrow=0 return_oop=0}
                      ; - java.util.HashMap::<init>@51
                      ; - java.util.HashMap::<init>@4
                      ; - java.util.LinkedHashMap::<init>@2
                      ; - java.util.LinkedHashMap::newLinkedHashMap@39
                      ; - java.util.jar.Attributes::<init>@6
                      ; - java.util.jar.Attributes::<init>@3
                      ; - java.util.jar.Manifest::<init>@9
                      ; - java.util.jar.Manifest::<init>@4
                      ; - java.util.jar.JarFile::getManifestFromReference@143
                      ; - java.util.jar.JarFile::getManifest@1
                      ; - jdk.internal.loader.URLClassPath$JarLoader$2::getManifest@22
                      ; - java.net.URLClassLoader::defineClass@34
                      ; - java.net.URLClassLoader$1::run@43
                      ; - java.net.URLClassLoader$1::run@1
                      ; - java.security.AccessController::executePrivileged@29
                      ; - java.security.AccessController::doPrivileged@13
                      ; - java.net.URLClassLoader::findClass@13
  0x000002cd5cb430c4: b8bf 31ff 

  0x000002cd5cb430c8: ;   {other}
  0x000002cd5cb430c8: 0f1f 8400 | b819 0012 | 85c0 0f85 | b44c 0000 | 4c8b 9424 | a000 0000 | 41c7 4220 | 0000 403f 
  0x000002cd5cb430e8: 8b54 2420 

  0x000002cd5cb430ec: ;   {static_call}
  0x000002cd5cb430ec: c5f8 77e8 

  0x000002cd5cb430f0: ; ImmutableOopMap {rbp=Oop [40]=Oop [48]=Oop [96]=Oop [104]=Oop [120]=Oop [128]=NarrowOop [132]=NarrowOop [136]=Oop [144]=Oop [152]=Oop [160]=Oop [240]=Oop }
                      ;*invokestatic tableSizeFor {reexecute=0 rethrow=0 return_oop=0}
                      ; - java.util.HashMap::<init>@91
                      ; - java.util.HashMap::<init>@4
                      ; - java.util.LinkedHashMap::<init>@2
                      ; - java.util.LinkedHashMap::newLinkedHashMap@39
                      ; - java.util.jar.Attributes::<init>@6
                      ; - java.util.jar.Attributes::<init>@3
                      ; - java.util.jar.Manifest::<init>@9
                      ; - java.util.jar.Manifest::<init>@4
                      ; - java.util.jar.JarFile::getManifestFromReference@143
                      ; - java.util.jar.JarFile::getManifest@1
                      ; - jdk.internal.loader.URLClassPath$JarLoader$2::getManifest@22
                      ; - java.net.URLClassLoader::defineClass@34
                      ; - java.net.URLClassLoader$1::run@43
                      ; - java.net.URLClassLoader$1::run@1
                      ; - java.security.AccessController::executePrivileged@29
                      ; - java.security.AccessController::doPrivileged@13
                      ; - java.net.URLClassLoader::findClass@13
  0x000002cd5cb430f0: 8cbf 31ff 

  0x000002cd5cb430f4: ;   {other}
  0x000002cd5cb430f4: 0f1f 8400 | e419 0013 | 4c8b 8c24 | a000 0000 | 4189 411c | 4589 612c | 4588 6130 | 4180 7f40 
  0x000002cd5cb43114: 000f 858a | 2400 004c | 8bdd 4d8b | c14d 33c3 | 4d8b d149 | c1ea 0344 | 8955 0c49 | c1e8 1548 
  0x000002cd5cb43134: 8bfd 48c1 | ef03 448b | 9424 8400 | 0000 4d8b | ca49 c1e1 | 034d 85c0 | 741b 49c1 | eb09 48b9 
  0x000002cd5cb43154: 0000 c160 | cd02 0000 | 4903 cb90 | 8039 020f | 85b6 2400 | 0041 807f | 4000 0f85 | f123 0000 
  0x000002cd5cb43174: 4c8b 8424 | 9800 0000 | 4189 780c | 4c8b dd49 | 8bd8 4c33 | db49 c1eb | 154d 85db | 741a 48c1 
  0x000002cd5cb43194: eb09 48b9 | 0000 c160 | cd02 0000 | 4803 cb80 | 3902 0f85 | 2f25 0000 | 498b 9fb8 | 0100 004c 
  0x000002cd5cb431b4: 8bdb 4983 | c330 660f | 1f44 0000 | 4d3b 9fc8 | 0100 000f | 831a 3e00 | 004d 899f | b801 0000 
  0x000002cd5cb431d4: 410f 0d8b | c000 0000 | 48c7 0301 

  0x000002cd5cb431e0: ;   {metadata('java/util/HashMap')}
  0x000002cd5cb431e0: 0000 00c7 | 4308 78dd | 0600 4489 | 630c 4c89 | 6310 4c89 | 6318 4c89 | 6328 48c7 | 4320 0000 
  0x000002cd5cb43200: 403f 4180 | 7f40 000f | 8520 2300 | 004c 8bdb | 49c1 eb03 | 4589 5810 | 4d8b d04c | 8bdb 4d33 
  0x000002cd5cb43220: da49 c1eb | 154d 85db | 741f 49c1 | ea09 48b9 | 0000 c160 | cd02 0000 | 4903 ca0f | 1f44 0000 
  0x000002cd5cb43240: 8039 020f | 8535 2400 | 0049 8be8 | 498b d04c | 8b84 2490 | 0000 0090 

  0x000002cd5cb43258: ;   {optimized virtual_call}
  0x000002cd5cb43258: c5f8 77e8 

  0x000002cd5cb4325c: ; ImmutableOopMap {rbp=Oop [40]=Oop [48]=Oop [96]=Oop [104]=Oop [120]=Oop [128]=NarrowOop [136]=Oop [144]=Oop [240]=Oop }
                      ;*invokevirtual read {reexecute=0 rethrow=0 return_oop=0}
                      ; - java.util.jar.Manifest::<init>@29
                      ; - java.util.jar.Manifest::<init>@4
                      ; - java.util.jar.JarFile::getManifestFromReference@143
                      ; - java.util.jar.JarFile::getManifest@1
                      ; - jdk.internal.loader.URLClassPath$JarLoader$2::getManifest@22
                      ; - java.net.URLClassLoader::defineClass@34
                      ; - java.net.URLClassLoader$1::run@43
                      ; - java.net.URLClassLoader$1::run@1
                      ; - java.security.AccessController::executePrivileged@29
                      ; - java.security.AccessController::doPrivileged@13
                      ; - java.net.URLClassLoader::findClass@13
  0x000002cd5cb4325c: dc70 0000 

  0x000002cd5cb43260: ;   {other}
  0x000002cd5cb43260: 0f1f 8400 | 501b 0014 | 4180 7f40 | 000f 856c | 2300 0048 | 8bdd 4489 | 6314 4c8b | 9424 9000 
  0x000002cd5cb43280: 0000 458b 

  0x000002cd5cb43284: ;   {metadata('java/util/zip/ZipFile$ZipFileInflaterInputStream')}
  0x000002cd5cb43284: 4208 4181 | f808 6d09 | 000f 85c8 | 1000 0048 | 8beb 498b | d266 6690 

  0x000002cd5cb4329c: ;   {optimized virtual_call}
  0x000002cd5cb4329c: c5f8 77e8 

  0x000002cd5cb432a0: ; ImmutableOopMap {rbp=Oop [40]=Oop [48]=Oop [96]=Oop [104]=Oop [120]=Oop [128]=NarrowOop [136]=Oop [240]=Oop }
                      ;*invokevirtual close {reexecute=0 rethrow=0 return_oop=0}
                      ; - java.util.jar.JarFile::getManifestFromReference@152
                      ; - java.util.jar.JarFile::getManifest@1
                      ; - jdk.internal.loader.URLClassPath$JarLoader$2::getManifest@22
                      ; - java.net.URLClassLoader::defineClass@34
                      ; - java.net.URLClassLoader$1::run@43
                      ; - java.net.URLClassLoader$1::run@1
                      ; - java.security.AccessController::executePrivileged@29
                      ; - java.security.AccessController::doPrivileged@13
                      ; - java.net.URLClassLoader::findClass@13
  0x000002cd5cb432a0: dc2d 5900 

  0x000002cd5cb432a4: ;   {other}
  0x000002cd5cb432a4: 0f1f 8400 | 941b 0015 | e931 0d00 | 0048 8944 | 2438 498b | e849 8bd0 | 4c8b c090 

  0x000002cd5cb432c0: ;   {optimized virtual_call}
  0x000002cd5cb432c0: c5f8 77e8 

  0x000002cd5cb432c4: ; ImmutableOopMap {rbp=Oop [40]=Oop [48]=Oop [56]=Oop [96]=Oop [104]=Oop [120]=Oop [128]=NarrowOop [240]=Oop }
                      ;*invokevirtual getBytes {reexecute=0 rethrow=0 return_oop=1}
                      ; - java.util.jar.JarFile::getManifestFromReference@44
                      ; - java.util.jar.JarFile::getManifest@1
                      ; - jdk.internal.loader.URLClassPath$JarLoader$2::getManifest@22
                      ; - java.net.URLClassLoader::defineClass@34
                      ; - java.net.URLClassLoader$1::run@43
                      ; - java.net.URLClassLoader$1::run@1
                      ; - java.security.AccessController::executePrivileged@29
                      ; - java.security.AccessController::doPrivileged@13
                      ; - java.net.URLClassLoader::findClass@13
  0x000002cd5cb432c4: b8b7 31ff 

  0x000002cd5cb432c8: ;   {other}
  0x000002cd5cb432c8: 0f1f 8400 | b81b 0016 | 4889 8424 | 8800 0000 | 4c8b c541 | 0fb6 6811 | 85ed 0f85 | 5d45 0000 
  0x000002cd5cb432e8: 4c89 8424 | 9000 0000 | 498b d090 

  0x000002cd5cb432f4: ;   {optimized virtual_call}
  0x000002cd5cb432f4: c5f8 77e8 

  0x000002cd5cb432f8: ; ImmutableOopMap {[40]=Oop [48]=Oop [56]=Oop [96]=Oop [104]=Oop [120]=Oop [128]=NarrowOop [136]=Oop [144]=Oop [240]=Oop }
                      ;*invokevirtual getManifestNum {reexecute=0 rethrow=0 return_oop=0}
                      ; - java.util.zip.ZipFile$1::getManifestNum@1
                      ; - java.util.jar.JarFile::getManifestFromReference@59
                      ; - java.util.jar.JarFile::getManifest@1
                      ; - jdk.internal.loader.URLClassPath$JarLoader$2::getManifest@22
                      ; - java.net.URLClassLoader::defineClass@34
                      ; - java.net.URLClassLoader$1::run@43
                      ; - java.net.URLClassLoader$1::run@1
                      ; - java.security.AccessController::executePrivileged@29
                      ; - java.security.AccessController::doPrivileged@13
                      ; - java.net.URLClassLoader::findClass@13
  0x000002cd5cb432f8: 84b7 31ff 

  0x000002cd5cb432fc: ;   {other}
  0x000002cd5cb432fc: 0f1f 8400 | ec1b 0017 | 83f8 010f | 8593 4500 | 004d 8b87 | b801 0000 | 4d8b d049 | 83c2 400f 
  0x000002cd5cb4331c: 1f44 0000 | 4d3b 97c8 | 0100 000f | 8307 3800 | 004d 8997 | b801 0000 | 410f 0d8a | c000 0000 
  0x000002cd5cb4333c: 49c7 0001 

  0x000002cd5cb43340: ;   {metadata('java/util/jar/JarVerifier')}
  0x000002cd5cb43340: 0000 0041 | c740 08f8 | 7e09 0045 | 8960 0c4d | 8960 104d | 8960 184d | 8960 204d | 8960 284d 
  0x000002cd5cb43360: 8960 304d | 8960 384c | 8b54 2438 | 458b 4a08 

  0x000002cd5cb43370: ;   {metadata('java/util/jar/JarFile$JarFileEntry')}
  0x000002cd5cb43370: 4181 f9f8 | 6309 000f | 8594 4200 | 0041 c640 | 0e01 458b | 5260 4589 | 5030 41c6 | 400d 0149 
  0x000002cd5cb43390: 8bd8 4c8b | 9c24 8800 | 0000 4d8b | c349 c1e8 | 0341 8bf0 | 4d8b da49 | c1e3 034c | 8bc3 4d33 
  0x000002cd5cb433b0: d849 c1eb | 154d 85db | 741f 4585 | d274 1a49 | c1e8 0948 | b900 00c1 | 60cd 0200 | 0049 03c8 
  0x000002cd5cb433d0: 8039 020f | 85a2 2000 | 000f 1f80 | 0000 0000 | 4180 7f40 | 000f 8540 | 1700 004c | 8bc3 448b 
  0x000002cd5cb433f0: ce45 8948 | 2c4d 8bd0 | 488b 9c24 | 8800 0000 | 4c8b db4d | 33da 49c1 | eb15 4d85 | db74 1f48 
  0x000002cd5cb43410: 85db 741a | 49c1 ea09 | 48b9 0000 | c160 cd02 | 0000 4903 | ca80 3902 | 0f85 fa1f | 0000 498b 
  0x000002cd5cb43430: afb8 0100 | 004c 8bd5 | 4983 c230 | 0f1f 4000 | 4d3b 97c8 | 0100 000f | 830b 3700 | 004d 8997 
  0x000002cd5cb43450: b801 0000 | 410f 0d8a | c000 0000 | 48c7 4500 | 0100 0000 

  0x000002cd5cb43464: ;   {metadata('java/util/Hashtable')}
  0x000002cd5cb43464: c745 0850 | 9b04 0044 | 8965 0c4c | 8965 104c | 8965 184c | 8965 204c | 8965 284c | 8984 2498 
  0x000002cd5cb43484: 0000 0044 | 894c 2424 

  0x000002cd5cb4348c: ;   {section_word}
  0x000002cd5cb4348c: c5fa 1005 | 74eb ffff 

  0x000002cd5cb43494: ;   {static_call}
  0x000002cd5cb43494: c5f8 77e8 

  0x000002cd5cb43498: ; ImmutableOopMap {rbp=Oop [36]=NarrowOop [40]=Oop [48]=Oop [96]=Oop [104]=Oop [120]=Oop [128]=NarrowOop [136]=Oop [144]=Oop [152]=Oop [240]=Oop }
                      ;*invokestatic isNaN {reexecute=0 rethrow=0 return_oop=0}
                      ; - java.util.Hashtable::<init>@47
                      ; - java.util.Hashtable::<init>@5
                      ; - java.util.jar.JarVerifier::<init>@39
                      ; - java.util.jar.JarFile::getManifestFromReference@78
                      ; - java.util.jar.JarFile::getManifest@1
                      ; - jdk.internal.loader.URLClassPath$JarLoader$2::getManifest@22
                      ; - java.net.URLClassLoader::defineClass@34
                      ; - java.net.URLClassLoader$1::run@43
                      ; - java.net.URLClassLoader$1::run@1
                      ; - java.security.AccessController::executePrivileged@29
                      ; - java.security.AccessController::doPrivileged@13
                      ; - java.net.URLClassLoader::findClass@13
  0x000002cd5cb43498: e4bb 31ff 

  0x000002cd5cb4349c: ;   {other}
  0x000002cd5cb4349c: 0f1f 8400 | 8c1d 0018 | 85c0 0f85 | e841 0000 | c745 1400 | 0040 3f4d | 8b97 b801 | 0000 4d8b 
  0x000002cd5cb434bc: da49 83c3 | 404d 3b9f | c801 0000 | 0f83 e636 | 0000 4d89 | 9fb8 0100 | 0041 0f0d | 8bc0 0000 
  0x000002cd5cb434dc: 0049 c702 | 0100 0000 | 410f 0d8b | 0001 0000 

  0x000002cd5cb434ec: ;   {metadata('java/util/Hashtable$Entry'[])}
  0x000002cd5cb434ec: 41c7 4208 | 08f1 0700 | 410f 0d8b | 4001 0000 | 41c7 420c | 0b00 0000 | 410f 0d8b | 8001 0000 
  0x000002cd5cb4350c: 4d89 6210 | 4d89 6218 | 4d89 6220 | 4d89 6228 | 4d89 6230 | 4d89 6238 | 4180 7f40 | 000f 8578 
  0x000002cd5cb4352c: 1600 004d | 8bda 49c1 | eb03 4489 | 5d1c 4c8b | dd4d 33d3 | 488b fd48 | c1ef 0349 | c1ea 154d 
  0x000002cd5cb4354c: 85d2 741a | 49c1 eb09 | 48b9 0000 | c160 cd02 | 0000 4903 | cb80 3902 | 0f85 bb19 | 0000 4180 
  0x000002cd5cb4356c: 7f40 000f | 85f3 1500 | 004c 8b84 | 2498 0000 | 0041 8978 | 14c7 4510 | 0800 0000 | 4c8b d54d 
  0x000002cd5cb4358c: 8bd8 4d33 | d349 c1ea | 154d 85d2 | 741a 49c1 | eb09 48b9 | 0000 c160 | cd02 0000 | 4903 cb80 
  0x000002cd5cb435ac: 3902 0f85 | c319 0000 | 498b afb8 | 0100 004c | 8bd5 4983 | c230 4d3b | 97c8 0100 | 000f 83b9 
  0x000002cd5cb435cc: 3500 004d | 8997 b801 | 0000 410f | 0d8a c000 | 0000 48c7 | 4500 0100 

  0x000002cd5cb435e4: ;   {metadata('java/util/Hashtable')}
  0x000002cd5cb435e4: 0000 c745 | 0850 9b04 | 0044 8965 | 0c4c 8965 | 104c 8965 | 184c 8965 | 204c 8965 | 284c 8984 
  0x000002cd5cb43604: 2498 0000 

  0x000002cd5cb43608: ;   {section_word}
  0x000002cd5cb43608: 00c5 fa10 | 05f7 e9ff | ff66 6690 

  0x000002cd5cb43614: ;   {static_call}
  0x000002cd5cb43614: c5f8 77e8 

  0x000002cd5cb43618: ; ImmutableOopMap {rbp=Oop [36]=NarrowOop [40]=Oop [48]=Oop [96]=Oop [104]=Oop [120]=Oop [128]=NarrowOop [136]=Oop [144]=Oop [152]=Oop [240]=Oop }
                      ;*invokestatic isNaN {reexecute=0 rethrow=0 return_oop=0}
                      ; - java.util.Hashtable::<init>@47
                      ; - java.util.Hashtable::<init>@5
                      ; - java.util.jar.JarVerifier::<init>@50
                      ; - java.util.jar.JarFile::getManifestFromReference@78
                      ; - java.util.jar.JarFile::getManifest@1
                      ; - jdk.internal.loader.URLClassPath$JarLoader$2::getManifest@22
                      ; - java.net.URLClassLoader::defineClass@34
                      ; - java.net.URLClassLoader$1::run@43
                      ; - java.net.URLClassLoader$1::run@1
                      ; - java.security.AccessController::executePrivileged@29
                      ; - java.security.AccessController::doPrivileged@13
                      ; - java.net.URLClassLoader::findClass@13
  0x000002cd5cb43618: 64ba 31ff 

  0x000002cd5cb4361c: ;   {other}
  0x000002cd5cb4361c: 0f1f 8400 | 0c1f 0019 | 85c0 0f85 | dc40 0000 | c745 1400 | 0040 3f4d | 8b97 b801 | 0000 4d8b 
  0x000002cd5cb4363c: da49 83c3 | 404d 3b9f | c801 0000 | 0f83 8e35 | 0000 4d89 | 9fb8 0100 | 0041 0f0d | 8bc0 0000 
  0x000002cd5cb4365c: 0049 c702 | 0100 0000 | 410f 0d8b | 0001 0000 

  0x000002cd5cb4366c: ;   {metadata('java/util/Hashtable$Entry'[])}
  0x000002cd5cb4366c: 41c7 4208 | 08f1 0700 | 410f 0d8b | 4001 0000 | 41c7 420c | 0b00 0000 | 410f 0d8b | 8001 0000 
  0x000002cd5cb4368c: 4d89 6210 | 4d89 6218 | 4d89 6220 | 4d89 6228 | 4d89 6230 | 4d89 6238 | 4180 7f40 | 000f 8576 
  0x000002cd5cb436ac: 1500 0049 | 8bfa 488b | dd48 c1eb | 034c 8bd5 | 4c8b df49 | c1eb 0344 | 895d 1c4c | 8bdf 4d33 
  0x000002cd5cb436cc: da49 c1eb | 154d 85db | 741a 49c1 | ea09 48b9 | 0000 c160 | cd02 0000 | 4903 ca80 | 3902 0f85 
  0x000002cd5cb436ec: da18 0000 | 4180 7f40 | 000f 85ea | 1400 004c | 8b84 2498 | 0000 0041 | 8958 10c7 | 4510 0800 
  0x000002cd5cb4370c: 0000 4c8b | d54d 8bd8 | 4d33 d349 | c1ea 150f | 1f44 0000 | 4d85 d274 | 1a49 c1eb | 0948 b900 
  0x000002cd5cb4372c: 00c1 60cd | 0200 0049 | 03cb 8039 | 020f 85e6 | 1800 0049 | 8baf b801 | 0000 4c8b | d549 83c2 
  0x000002cd5cb4374c: 304d 3b97 | c801 0000 | 0f83 ab34 | 0000 4d89 | 97b8 0100 | 0041 0f0d | 8ac0 0000 

  0x000002cd5cb43768: ;   {no_reloc}
  0x000002cd5cb43768: 0048 c745 | 0001 0000 

  0x000002cd5cb43770: ;   {metadata('java/util/Hashtable')}
  0x000002cd5cb43770: 00c7 4508 | 509b 0400 | 4489 650c | 4c89 6510 | 4c89 6518 | 4c89 6520 | 4c89 6528 | 4c89 8424 
  0x000002cd5cb43790: 9800 0000 

  0x000002cd5cb43794: ;   {section_word}
  0x000002cd5cb43794: c5fa 1005 | 6ce8 ffff 

  0x000002cd5cb4379c: ;   {static_call}
  0x000002cd5cb4379c: c5f8 77e8 

  0x000002cd5cb437a0: ; ImmutableOopMap {rbp=Oop [36]=NarrowOop [40]=Oop [48]=Oop [96]=Oop [104]=Oop [120]=Oop [128]=NarrowOop [136]=Oop [144]=Oop [152]=Oop [240]=Oop }
                      ;*invokestatic isNaN {reexecute=0 rethrow=0 return_oop=0}
                      ; - java.util.Hashtable::<init>@47
                      ; - java.util.Hashtable::<init>@4
                      ; - java.util.jar.JarVerifier::<init>@63
                      ; - java.util.jar.JarFile::getManifestFromReference@78
                      ; - java.util.jar.JarFile::getManifest@1
                      ; - jdk.internal.loader.URLClassPath$JarLoader$2::getManifest@22
                      ; - java.net.URLClassLoader::defineClass@34
                      ; - java.net.URLClassLoader$1::run@43
                      ; - java.net.URLClassLoader$1::run@1
                      ; - java.security.AccessController::executePrivileged@29
                      ; - java.security.AccessController::doPrivileged@13
                      ; - java.net.URLClassLoader::findClass@13
  0x000002cd5cb437a0: dcb8 31ff 

  0x000002cd5cb437a4: ;   {other}
  0x000002cd5cb437a4: 0f1f 8400 | 9420 001a | 85c0 0f85 | c83f 0000 | c745 1400 | 0040 3f4d | 8b97 b801 | 0000 4d8b 
  0x000002cd5cb437c4: da49 83c3 | 404d 3b9f | c801 0000 | 0f83 1935 | 0000 4d89 | 9fb8 0100 | 0041 0f0d | 8bc0 0000 
  0x000002cd5cb437e4: 0049 c702 | 0100 0000 | 410f 0d8b | 0001 0000 

  0x000002cd5cb437f4: ;   {metadata('java/util/Hashtable$Entry'[])}
  0x000002cd5cb437f4: 41c7 4208 | 08f1 0700 | 410f 0d8b | 4001 0000 | 41c7 420c | 0b00 0000 | 410f 0d8b | 8001 0000 
  0x000002cd5cb43814: 4d89 6210 | 4d89 6218 | 4d89 6220 | 4d89 6228 | 4d89 6230 | 4d89 6238 | 4180 7f40 | 000f 8571 
  0x000002cd5cb43834: 1500 004c | 8bdd 4c8b | 8424 9800 | 0000 49c1 | e803 4489 | 8424 8400 | 0000 488b | dd48 c1eb 
  0x000002cd5cb43854: 034d 8bca | 49c1 e903 | 4489 4d1c | 4d33 d349 | c1ea 154d | 85d2 741d | 49c1 eb09 | 48b9 0000 
  0x000002cd5cb43874: c160 cd02 | 0000 4903 | cb66 6690 | 8039 020f | 854e 1a00 | 0041 807f | 4000 0f85 | 5115 0000 
  0x000002cd5cb43894: 4c8b 8424 | 9800 0000 | 4189 5818 | c745 1008 | 0000 004d | 8bd0 4c8b | dd4d 33da | 49c1 eb15 
  0x000002cd5cb438b4: 4d85 db74 | 1a49 c1ea | 0948 b900 | 00c1 60cd | 0200 0049 | 03ca 8039 | 020f 8504 | 1900 004d 
  0x000002cd5cb438d4: 8b9f b801 | 0000 4d8b | d349 83c2 | 184d 3b97 | c801 0000 | 0f83 5c34 | 0000 4d89 

  0x000002cd5cb438f0: ;   {no_reloc}
  0x000002cd5cb438f0: 97b8 0100 | 0041 0f0d | 8ac0 0000 | 0049 c703 | 0100 0000 

  0x000002cd5cb43904: ;   {metadata('java/util/ArrayList')}
  0x000002cd5cb43904: 41c7 4308 | 107e 0500 | 4589 630c | 4589 6310 

  0x000002cd5cb43914: ;   {oop(a 'java/lang/Object'[0] {0x00000007004299f0})}
  0x000002cd5cb43914: 41c7 4314 | 3e53 08e0 | 0f1f 4000 | 4180 7f40 | 000f 853a | 1400 004d | 8bd3 4d8b | d849 8be8 
  0x000002cd5cb43934: 4d8b ca49 | c1e9 0345 | 8948 1c4d | 33d3 49c1 | ea15 4d85 | d274 1e49 | c1eb 0948 | b900 00c1 
  0x000002cd5cb43954: 60cd 0200 | 0049 03cb | 0f1f 4000 | 8039 020f | 85c1 1800 | 004d 8b87 | b801 0000 | 4d8b d049 
  0x000002cd5cb43974: 83c2 1866 | 0f1f 8400 | 0000 0000 | 4d3b 97c8 | 0100 000f | 83e6 3300 | 004d 8997 | b801 0000 
  0x000002cd5cb43994: 410f 0d8a | c000 0000 | 49c7 0001 

  0x000002cd5cb439a0: ;   {metadata('java/io/ByteArrayOutputStream')}
  0x000002cd5cb439a0: 0000 0041 | c740 0878 | 8109 0045 | 8960 0c4d | 8960 1049 | 8b87 b801 | 0000 4c8b | d049 83c2 
  0x000002cd5cb439c0: 304d 3b97 | c801 0000 | 0f83 4a33 | 0000 4d89 | 97b8 0100 | 0041 0f0d | 8ac0 0000 | 0048 c700 
  0x000002cd5cb439e0: 0100 0000 | 410f 0d8a | 0001 0000 

  0x000002cd5cb439ec: ;   {metadata({type array byte})}
  0x000002cd5cb439ec: c740 08c8 | 0a04 0041 | 0f0d 8a40 | 0100 00c7 | 400c 2000 | 0000 410f | 0d8a 8001 | 0000 4c89 
  0x000002cd5cb43a0c: 6010 4c89 | 6018 4c89 | 6020 4c89 | 6028 498b | f848 c1ef | 034c 8bd0 | 49c1 ea03 | 4589 5010 
  0x000002cd5cb43a2c: 4c8b d04d | 8bd8 4d33 | d349 c1ea | 154d 85d2 | 741a 49c1 | eb09 48b9 | 0000 c160 | cd02 0000 
  0x000002cd5cb43a4c: 4903 cb80 | 3902 0f85 | 2d18 0000 | 0f1f 8400 | 0000 0000 | 4180 7f40 | 000f 85f4 | 1100 0048 
  0x000002cd5cb43a6c: 8bdd 897b | 244d 8bd0 | 4c8b db4d | 33d3 49c1 | ea15 6690 | 4d85 d274 | 1a49 c1eb | 0948 b900 
  0x000002cd5cb43a8c: 00c1 60cd | 0200 0049 | 03cb 8039 | 020f 85dd | 1500 004d | 8b87 b801 | 0000 4d8b | d049 83c2 
  0x000002cd5cb43aac: 184d 3b97 | c801 0000 | 0f83 a131 | 0000 4d89 | 97b8 0100 | 0041 0f0d | 8ac0 0000 | 0049 c700 
  0x000002cd5cb43acc: 0100 0000 

  0x000002cd5cb43ad0: ;   {metadata('java/util/ArrayList')}
  0x000002cd5cb43ad0: 41c7 4008 | 107e 0500 | 4589 600c | 4589 6010 

  0x000002cd5cb43ae0: ;   {oop(a 'java/lang/Object'[0] {0x00000007004299f0})}
  0x000002cd5cb43ae0: 41c7 4014 | 3e53 08e0 | 4180 7f40 | 000f 85f2 | 1100 004d | 8bd0 49c1 | ea03 4489 | 5334 4c8b 
  0x000002cd5cb43b00: d34d 8bd8 | 4d33 da49 | c1eb 154d | 85db 741a | 49c1 ea09 | 48b9 0000 | c160 cd02 | 0000 4903 
  0x000002cd5cb43b20: ca80 3902 | 0f85 ff15 | 0000 4d8b | 87b8 0100 | 004d 8bd0 | 4983 c230 | 0f1f 8400 | 0000 0000 
  0x000002cd5cb43b40: 4d3b 97c8 | 0100 000f | 83e3 3000 | 004d 8997 | b801 0000 | 410f 0d8a | c000 0000 | 49c7 0001 
  0x000002cd5cb43b60: ;   {metadata('java/util/HashMap')}
  0x000002cd5cb43b60: 0000 0041 | c740 0878 | dd06 0045 | 8960 0c4d | 8960 104d | 8960 184d | 8960 2849 | c740 2000 
  0x000002cd5cb43b80: 0040 3f41 | 807f 4000 | 0f85 1711 | 0000 4c8b | d34d 8bd8 | 49c1 eb03 | 4489 5b38 | 4d8b d84d 
  0x000002cd5cb43ba0: 33da 49c1 | eb15 4d85 | db74 1e49 | c1ea 0948 | b900 00c1 | 60cd 0200 | 0049 03ca | 0f1f 4000 
  0x000002cd5cb43bc0: 8039 020f | 85bc 1500 | 0041 807f | 4000 0f85 | 5111 0000 | 4c8b 8c24 | 9000 0000 | 448b 9424 
  0x000002cd5cb43be0: 8400 0000 | 4589 5130 | 4c8b d34d | 8bd9 4d33 | d349 c1ea | 154d 85d2 | 741a 49c1 | eb09 48b9 
  0x000002cd5cb43c00: 0000 c160 | cd02 0000 | 4903 cb80 | 3902 0f85 | b914 0000 | 498b 87b8 | 0100 004c | 8bd0 4983 
  0x000002cd5cb43c20: c218 4d3b | 97c8 0100 | 000f 8356 | 3000 004d | 8997 b801 | 0000 410f | 0d8a c000 | 0000 48c7 
  0x000002cd5cb43c40: 0001 0000 

  0x000002cd5cb43c44: ;   {metadata('java/util/jar/Manifest')}
  0x000002cd5cb43c44: 00c7 4008 | 104c 0500 | 4489 600c | 4c89 6010 | 4c8b d845 | 8b51 3049 | 8b87 b801 | 0000 4c8b 
  0x000002cd5cb43c64: c049 83c0 | 2049 8bda | 48c1 e303 | 4d3b 87c8 | 0100 000f | 832f 3000 | 004d 8987 | b801 0000 
  0x000002cd5cb43c84: 410f 0d88 | c000 0000 | 48c7 0001 

  0x000002cd5cb43c90: ;   {metadata('java/io/ByteArrayInputStream')}
  0x000002cd5cb43c90: 0000 00c7 | 4008 7844 | 0500 4489 | 600c 4c89 | 6010 4c89 | 6018 488b | c844 8b44 | 2424 4489 
  0x000002cd5cb43cb0: 4118 4c8b | 8424 8800 | 0000 418b | 780c 8979 | 1445 8b41 | 1449 8bbf | b801 0000 | 488b d748 
  0x000002cd5cb43cd0: 83c2 1066 | 0f1f 8400 | 0000 0000 | 6666 6690 | 493b 97c8 | 0100 000f | 8300 3100 | 0049 8997 
  0x000002cd5cb43cf0: b801 0000 | 0f0d 8ac0 | 0000 0048 | c707 0100 

  0x000002cd5cb43d00: ;   {metadata('java/util/jar/Attributes')}
  0x000002cd5cb43d00: 0000 c747 | 0868 8409 | 0044 8967 | 0c49 8b87 | b801 0000 | 488b d048 | 83c2 400f | 1f44 0000 
  0x000002cd5cb43d20: 493b 97c8 | 0100 000f | 836b 3000 | 0049 8997 | b801 0000 | 0f0d 8ac0 | 0000 0048 | c700 0100 
  0x000002cd5cb43d40: ;   {metadata('java/util/LinkedHashMap')}
  0x000002cd5cb43d40: 0000 c740 | 0848 6900 | 0044 8960 | 0c4c 8960 | 104c 8960 | 184c 8960 | 204c 8960 | 284c 8960 
  0x000002cd5cb43d60: 304c 8960 | 384c 898c | 2488 0000 | 004c 899c | 2490 0000 | 0044 8994 | 2484 0000 | 0048 895c 
  0x000002cd5cb43d80: 2438 4889 | 8c24 9800 | 0000 4489 | 8424 a000 | 0000 4889 | bc24 a800 | 0000 4c8b | d04c 8954 
  0x000002cd5cb43da0: 2458 498b | d266 6690 

  0x000002cd5cb43da8: ;   {optimized virtual_call}
  0x000002cd5cb43da8: c5f8 77e8 

  0x000002cd5cb43dac: ; ImmutableOopMap {[40]=Oop [48]=Oop [56]=Oop [88]=Oop [96]=Oop [104]=Oop [120]=Oop [128]=NarrowOop [132]=NarrowOop [136]=Oop [144]=Oop [152]=Oop [160]=NarrowOop [168]=Oop [240]=Oop }
                      ;*invokespecial <init> {reexecute=0 rethrow=0 return_oop=0}
                      ; - java.util.AbstractMap::<init>@1
                      ; - java.util.HashMap::<init>@1
                      ; - java.util.HashMap::<init>@4
                      ; - java.util.LinkedHashMap::<init>@2
                      ; - java.util.LinkedHashMap::newLinkedHashMap@39
                      ; - java.util.jar.Attributes::<init>@6
                      ; - java.util.jar.Attributes::<init>@3
                      ; - java.util.jar.Manifest::<init>@9
                      ; - java.util.jar.JarFile::getManifestFromReference@121
                      ; - java.util.jar.JarFile::getManifest@1
                      ; - jdk.internal.loader.URLClassPath$JarLoader$2::getManifest@22
                      ; - java.net.URLClassLoader::defineClass@34
                      ; - java.net.URLClassLoader$1::run@43
                      ; - java.net.URLClassLoader$1::run@1
                      ; - java.security.AccessController::executePrivileged@29
                      ; - java.security.AccessController::doPrivileged@13
                      ; - java.net.URLClassLoader::findClass@13
  0x000002cd5cb43dac: d0ac 31ff 

  0x000002cd5cb43db0: ;   {other}
  0x000002cd5cb43db0: 0f1f 8400 | a026 001b | 448b 5424 | 2066 6690 | 4181 fa01 | 0000 400f | 834d 3d00 | 004c 8b44 
  0x000002cd5cb43dd0: 2458 41c7 | 4020 0000 | 403f 458b | da41 ffcb | f345 0fbd | cb41 bbff | ffff ffc4 | c233 f7eb 
  0x000002cd5cb43df0: 85ed 0f8c | b804 0000 | 0f1f 8400 | 0000 0000 | 81fd 0000 | 0040 0f8d | ac3d 0000 | ffc5 4189 
  0x000002cd5cb43e10: 681c 4589 | 602c 4588 | 6030 660f | 1f44 0000 | 4180 7f40 | 000f 8541 | 1000 0048 | 8b9c 24a8 
  0x000002cd5cb43e30: 0000 004d | 8bd0 4c8b | db4d 8bc2 | 4d33 d34d | 8bc8 49c1 | e903 4489 | 4b0c 488b | fb49 c1ea 
  0x000002cd5cb43e50: 1544 8b84 | 24a0 0000 | 0049 c1e0 | 0349 8be8 | 48c1 eb03 | 4d85 d274 | 2049 c1eb | 0948 b900 
  0x000002cd5cb43e70: 00c1 60cd | 0200 0049 | 03cb 660f | 1f44 0000 | 8039 020f | 854e 1500 | 0041 807f | 4000 0f85 
  0x000002cd5cb43e90: 910f 0000 | 4c8b 8424 | 9000 0000 | 4189 580c | 4c8b d74d | 8bd8 4d33 | d349 c1ea 

  0x000002cd5cb43eac: ;   {no_reloc}
  0x000002cd5cb43eac: 154d 85d2 | 741a 49c1 | eb09 48b9 | 0000 c160 | cd02 0000 | 4903 cb80 | 3902 0f85 | b314 0000 
  0x000002cd5cb43ecc: 4d8b 8fb8 | 0100 004d | 8bd1 4983 | c230 660f | 1f44 0000 | 4d3b 97c8 | 0100 000f | 835b 2f00 
  0x000002cd5cb43eec: 004d 8997 | b801 0000 | 410f 0d8a | c000 0000 | 49c7 0101 

  0x000002cd5cb43f00: ;   {metadata('java/util/HashMap')}
  0x000002cd5cb43f00: 0000 0041 | c741 0878 | dd06 0045 | 8961 0c4d | 8961 104d | 8961 184d | 8961 2849 | c741 2000 
  0x000002cd5cb43f20: 0040 3f41 | 807f 4000 | 0f85 7c0f | 0000 4d8b | d04d 8bd9 | 49c1 eb03 | 4589 5810 | 4d8b d94d 
  0x000002cd5cb43f40: 33da 49c1 | eb15 4d85 | db74 1e49 | c1ea 0948 | b900 00c1 | 60cd 0200 | 0049 03ca | 0f1f 4000 
  0x000002cd5cb43f60: 8039 020f | 85bf 1300 | 004c 8944 | 2420 498b | d04c 8b84 | 2498 0000 | 004c 8bcd 

  0x000002cd5cb43f7c: ;   {optimized virtual_call}
  0x000002cd5cb43f7c: c5f8 77e8 

  0x000002cd5cb43f80: ; ImmutableOopMap {[32]=Oop [40]=Oop [48]=Oop [56]=Oop [96]=Oop [104]=Oop [120]=Oop [128]=NarrowOop [132]=NarrowOop [136]=Oop [240]=Oop }
                      ;*invokevirtual read {reexecute=0 rethrow=0 return_oop=0}
                      ; - java.util.jar.Manifest::<init>@29
                      ; - java.util.jar.JarFile::getManifestFromReference@121
                      ; - java.util.jar.JarFile::getManifest@1
                      ; - jdk.internal.loader.URLClassPath$JarLoader$2::getManifest@22
                      ; - java.net.URLClassLoader::defineClass@34
                      ; - java.net.URLClassLoader$1::run@43
                      ; - java.net.URLClassLoader$1::run@1
                      ; - java.security.AccessController::executePrivileged@29
                      ; - java.security.AccessController::doPrivileged@13
                      ; - java.net.URLClassLoader::findClass@13
  0x000002cd5cb43f80: fcaa 31ff 

  0x000002cd5cb43f84: ;   {other}
  0x000002cd5cb43f84: 0f1f 8400 | 7428 001c | 4180 7f40 | 000f 854e | 0f00 0048 | 8b5c 2420 | 448b 8c24 | 8400 0000 
  0x000002cd5cb43fa4: 4489 4b14 | 4c8b 5424 | 384c 8bdb | 4d33 d349 | c1ea 154d | 85d2 7423 | 0f1f 4000 | 4585 c974 
  0x000002cd5cb43fc4: 1a49 c1eb | 0948 b900 | 00c1 60cd | 0200 0049 | 03cb 8039 | 020f 85ed | 1400 0048 | 8beb 4d8b 
  0x000002cd5cb43fe4: 87b8 0100 | 004d 8bd0 | 4983 c228 | 4d3b 97c8 | 0100 000f | 8314 2b00 | 004d 8997 | b801 0000 
  0x000002cd5cb44004: 410f 0d8a | c000 0000 | 49c7 0001 

  0x000002cd5cb44010: ;   {metadata('java/lang/ref/SoftReference')}
  0x000002cd5cb44010: 0000 0041 | c740 0858 | 7104 0045 | 8960 0c4d | 8960 104d | 8960 184d | 8960 204c | 8bdd 49c1 
  0x000002cd5cb44030: eb03 4589 | 580c 6666 | 0f1f 8400 | 0000 0000 | 4180 7f40 | 000f 8508 

  0x000002cd5cb44048: ;   {oop(a 'java/lang/ref/ReferenceQueue$Null'{0x0000000700401540})}
  0x000002cd5cb44048: 0900 0041 | c740 10a8 | 0208 e049 | 8bf8 48c1 

  0x000002cd5cb44058: ;   {oop(a 'java/lang/ref/ReferenceQueue$Null'{0x0000000700401540})}
  0x000002cd5cb44058: ef03 49ba | 4015 4000 | 0700 0000 | 4d8b d84d | 33d3 49c1 | ea15 4d85 | d274 1a49 | c1eb 0948 
  0x000002cd5cb44078: b900 00c1 | 60cd 0200 | 0049 03cb | 8039 020f | 855b 0900 | 00f0 8344 | 24c0 0041 | 807f 4000 
  0x000002cd5cb44098: 0f85 6e08 | 0000 4c8b | 8c24 8800 | 0000 4189 

  0x000002cd5cb440a8: ;   {oop(a 'java/lang/Class'{0x00000007007bbc08} = 'java/lang/ref/SoftReference')}
  0x000002cd5cb440a8: 7928 49ba | 08bc 7b00 | 0700 0000 | 4d8b 5270 | 4d89 5020 | 4d8b d04d | 8bd9 4d33 | d349 c1ea 
  0x000002cd5cb440c8: 154d 85d2 | 741c 49c1 | eb09 49b8 | 0000 c160 | cd02 0000 | 4d03 c390 | 4180 3802 | 0f85 a908 
  0x000002cd5cb440e8: 0000 4889 | 6c24 3844 | 8bb4 2480 | 0000 00e9 | 91eb ffff | 4d89 54dc | 20e9 67eb | ffff 33ed 
  0x000002cd5cb44108: 4533 db4c | 895c 2470 | e9b8 e0ff | ff44 8954 | 2440 4c89 | 4424 3844 | 899c 2484 | 0000 0044 
  0x000002cd5cb44128: 89b4 2480 | 0000 004c | 896c 2478 | 4889 7424 | 304c 8b54 | 2470 4c89 | 5424 2049 | 8bd0 41b8 
  0x000002cd5cb44148: 0100 0000 

  0x000002cd5cb4414c: ;   {optimized virtual_call}
  0x000002cd5cb4414c: c5f8 77e8 

  0x000002cd5cb44150: ; ImmutableOopMap {[40]=Oop [48]=Oop [56]=Oop [96]=Oop [104]=Oop [120]=Oop [128]=NarrowOop [132]=NarrowOop [240]=Oop }
                      ;*invokevirtual getManifestName {reexecute=0 rethrow=0 return_oop=1}
                      ; - java.util.zip.ZipFile$1::getManifestName@2
                      ; - java.util.jar.JarFile::maybeInstantiateVerifier@20
                      ; - java.util.jar.JarFile::ensureInitialization@1
                      ; - java.util.jar.JavaUtilJarAccessImpl::ensureInitialization@1
                      ; - jdk.internal.loader.URLClassPath$JarLoader$2::getManifest@10
                      ; - java.net.URLClassLoader::defineClass@34
                      ; - java.net.URLClassLoader$1::run@43
                      ; - java.net.URLClassLoader$1::run@1
                      ; - java.security.AccessController::executePrivileged@29
                      ; - java.security.AccessController::doPrivileged@13
                      ; - java.net.URLClassLoader::findClass@13
  0x000002cd5cb44150: 2c2f 44fa 

  0x000002cd5cb44154: ;   {other}
  0x000002cd5cb44154: 0f1f 8400 | 442a 001d | 0f1f 4000 | 4885 c00f | 851c 0600 | 0044 8b9c | 2484 0000 | 0047 8864 
  0x000002cd5cb44174: dc12 4c8b | 5424 204c | 8954 2470 | 488b 7424 | 304c 8b6c | 2478 448b | b424 8000 | 0000 4c8b 
  0x000002cd5cb44194: 4424 3844 | 8b54 2440 | 0f1f 4000 | e9b2 e9ff | ff8b f844 | 8bd6 443b | d90f 8d07 | e3ff ff90 
  0x000002cd5cb441b4: 420f be54 | 1b10 660f | 1f44 0000 | 83fa 2e0f | 845c 1300 | 0041 ffc3 | 443b d97c | e3e9 e4e2 
  0x000002cd5cb441d4: ;   {oop(""{0x0000000700429c68})}
  0x000002cd5cb441d4: ffff 48bb | 689c 4200 | 0700 0000 | e988 e8ff | ff85 ed0f | 845f eaff | ff4d 8b57 | 2848 8bcd 
  0x000002cd5cb441f4: 48c1 e103 | 0f1f 8400 | 0000 0000 | 4d85 d20f | 8483 3100 | 004d 8b5f | 384b 894c | 13f8 4983 
  0x000002cd5cb44214: c2f8 4d89 | 5728 e92d | eaff ff44 | 8b53 1445 | 85d2 0f84 | 02e8 ffff | 4d8b 5f28 | 498b ca48 
  0x000002cd5cb44234: c1e1 0366 | 0f1f 8400 | 0000 0000 | 4d85 db0f | 843f 3200 | 004d 8b57 | 384b 894c | 1af8 4983 
  0x000002cd5cb44254: c3f8 4d89 | 5f28 e9cf | e7ff ff4d | 8b57 484d | 8b5f 58f0 | 8344 24c0 | 0080 3900 | 0f84 f3e7 
  0x000002cd5cb44274: ffff 4488 | 214d 85d2 | 7520 498b | d7c5 f877 | 49ba e029 | 2024 fc7f | 0000 41ff 

  0x000002cd5cb44290: ;   {other}
  0x000002cd5cb44290: d20f 1f84 | 0000 0000 | 00e9 cbe7 | ffff 4b89 | 4c13 f849 | 83c2 f84d | 8957 48e9 | b9e7 ffff 
  0x000002cd5cb442b0: bd01 0000 | 00e9 54fb | ffff 470f | b64c dc11 | 4585 c90f | 85a2 e8ff | ff44 8954 | 2448 4c89 
  0x000002cd5cb442d0: 4424 3844 | 895c 2444 | 4489 7424 | 404c 896c | 2420 4889 | 7424 3048 | 8b6c 2470 

  0x000002cd5cb442ec: ;   {static_call}
  0x000002cd5cb442ec: c5f8 77e8 

  0x000002cd5cb442f0: ; ImmutableOopMap {[32]=Oop [40]=Oop [48]=Oop [56]=Oop [64]=NarrowOop [68]=NarrowOop [96]=Oop [104]=Oop [240]=Oop }
                      ;*invokestatic beginInit {reexecute=0 rethrow=0 return_oop=1}
                      ; - java.util.jar.JarFile::ensureInitialization@31
                      ; - java.util.jar.JavaUtilJarAccessImpl::ensureInitialization@1
                      ; - jdk.internal.loader.URLClassPath$JarLoader$2::getManifest@10
                      ; - java.net.URLClassLoader::defineClass@34
                      ; - java.net.URLClassLoader$1::run@43
                      ; - java.net.URLClassLoader$1::run@1
                      ; - java.security.AccessController::executePrivileged@29
                      ; - java.security.AccessController::doPrivileged@13
                      ; - java.net.URLClassLoader::findClass@13
  0x000002cd5cb442f0: 8cad 31ff 

  0x000002cd5cb442f4: ;   {other}
  0x000002cd5cb442f4: 0f1f 8400 | e42b 001e | 4889 4424 | 5848 8b54 | 2438 6690 

  0x000002cd5cb44308: ;   {optimized virtual_call}
  0x000002cd5cb44308: c5f8 77e8 

  0x000002cd5cb4430c: ; ImmutableOopMap {[32]=Oop [40]=Oop [48]=Oop [56]=Oop [64]=NarrowOop [68]=NarrowOop [88]=Oop [96]=Oop [104]=Oop [240]=Oop }
                      ;*invokevirtual initializeVerifier {reexecute=0 rethrow=0 return_oop=0}
                      ; - java.util.jar.JarFile::ensureInitialization@36
                      ; - java.util.jar.JavaUtilJarAccessImpl::ensureInitialization@1
                      ; - jdk.internal.loader.URLClassPath$JarLoader$2::getManifest@10
                      ; - java.net.URLClassLoader::defineClass@34
                      ; - java.net.URLClassLoader$1::run@43
                      ; - java.net.URLClassLoader$1::run@1
                      ; - java.security.AccessController::executePrivileged@29
                      ; - java.security.AccessController::doPrivileged@13
                      ; - java.net.URLClassLoader::findClass@13
  0x000002cd5cb4430c: 70a7 31ff 

  0x000002cd5cb44310: ;   {other}
  0x000002cd5cb44310: 0f1f 8400 | 002c 001f | 448b 5424 | 4443 c644 | d411 0148 | 8b54 2458 

  0x000002cd5cb44328: ;   {static_call}
  0x000002cd5cb44328: c5f8 77e8 

  0x000002cd5cb4432c: ; ImmutableOopMap {[32]=Oop [40]=Oop [48]=Oop [56]=Oop [64]=NarrowOop [96]=Oop [104]=Oop [240]=Oop }
                      ;*invokestatic endInit {reexecute=0 rethrow=0 return_oop=0}
                      ; - java.util.jar.JarFile::ensureInitialization@45
                      ; - java.util.jar.JavaUtilJarAccessImpl::ensureInitialization@1
                      ; - jdk.internal.loader.URLClassPath$JarLoader$2::getManifest@10
                      ; - java.net.URLClassLoader::defineClass@34
                      ; - java.net.URLClassLoader$1::run@43
                      ; - java.net.URLClassLoader$1::run@1
                      ; - java.security.AccessController::executePrivileged@29
                      ; - java.security.AccessController::doPrivileged@13
                      ; - java.net.URLClassLoader::findClass@13
  0x000002cd5cb4432c: 50ad 31ff 

  0x000002cd5cb44330: ;   {other}
  0x000002cd5cb44330: 0f1f 8400 | 202c 0020 | 4889 6c24 | 7048 8b74 | 2430 4c8b | 6c24 2044 | 8b74 2440 | 4c8b 4424 
  0x000002cd5cb44350: 3844 8b54 | 2448 e910 | e8ff ff48 | 8beb 498b | d290 c5f8 | 7748 b8ff | ffff ffff 

  0x000002cd5cb4436c: ;   {virtual_call}
  0x000002cd5cb4436c: ffff ffe8 

  0x000002cd5cb44370: ; ImmutableOopMap {rbp=Oop [40]=Oop [48]=Oop [96]=Oop [104]=Oop [120]=Oop [128]=NarrowOop [136]=Oop [240]=Oop }
                      ;*invokevirtual close {reexecute=0 rethrow=0 return_oop=0}
                      ; - java.util.jar.JarFile::getManifestFromReference@152
                      ; - java.util.jar.JarFile::getManifest@1
                      ; - jdk.internal.loader.URLClassPath$JarLoader$2::getManifest@22
                      ; - java.net.URLClassLoader::defineClass@34
                      ; - java.net.URLClassLoader$1::run@43
                      ; - java.net.URLClassLoader$1::run@1
                      ; - java.security.AccessController::executePrivileged@29
                      ; - java.security.AccessController::doPrivileged@13
                      ; - java.net.URLClassLoader::findClass@13
  0x000002cd5cb44370: 0caa 31ff 

  0x000002cd5cb44374: ;   {other}
  0x000002cd5cb44374: 0f1f 8400 | 642c 0021 | 0f1f 4000 | e95d fcff | ffc4 e1f9 | 6ec2 488b | d748 895c | 2440 4489 
  0x000002cd5cb44394: 7424 384c | 896c 2430 | 4889 7424 | 204c 8b6c | 2470 4c63 | c54d 8d50 | 1049 8bca | 4883 e1f8 
  0x000002cd5cb443b4: 498b f948 | 03f9 498b | e949 c1ea | 034d 2bda | 498b cb48 | 33c0 4883 | f908 7f10 | 48ff c978 
  0x000002cd5cb443d4: 4f48 8904 | cf48 ffc9 | 7df7 eb44 | c5f5 efc9 | e90d 0000 | 00c5 fe7f | 0fc5 fe7f | 4f20 4883 
  0x000002cd5cb443f4: c740 4883 | e908 7ded | 4883 c104 | 7c0c c5fe | 7f0f 4883 | c720 4883 | e904 4883 | c104 7e10 
  0x000002cd5cb44414: 48ff c9c5 | f9d6 0f48 | 83c7 0848 | ffc9 7df3 | 488b cac4 | e1f9 7ec2 | c5f8 7749 | bac0 92e4 
  0x000002cd5cb44434: 5bcd 0200 | 0041 ffd2 

  0x000002cd5cb4443c: ;   {other}
  0x000002cd5cb4443c: 0f1f 8400 | 0000 0000 | 4c89 6c24 | 7048 8b74 | 2420 4c8b | 6c24 3044 | 8b74 2438 | 488b 5c24 
  0x000002cd5cb4445c: 404c 8bcd | e9e3 e4ff | ff45 33d2 | 448b b424 | 8000 0000 | 4c89 5424 | 38e9 13e8 | ffff 478d 
  0x000002cd5cb4447c: 0409 6690 | 4585 c00f | 8cd3 4800 | 0045 3bd0 | 0f82 ca48 | 0000 498b | f348 8bfa | 418b d18b 
  0x000002cd5cb4449c: ca83 e10f | 83e2 f074 | 1c48 8d34 | 1648 8d3c | 5748 f7da | c4e2 7d30 | 0416 c5fe | 7f04 5748 
  0x000002cd5cb444bc: 83c2 1075 | ef8b d183 | e107 83e2 | f874 27c4 | e279 3006 | c5fa 7f07 | 4883 c608 | 4883 c710 
  0x000002cd5cb444dc: e911 0000 | 00c4 e279 | 3004 16c5 | fa7f 0457 | 4883 c208 | 75ef 8bd1 | 83fa 047c | 19c5 f96e 
  0x000002cd5cb444fc: 06c4 e279 | 30c0 c5f9 | d607 4883 | ea04 4883 | c604 4883 | c708 85d2 | 7418 488d | 3416 488d 
  0x000002cd5cb4451c: 3c57 48f7 | da0f b60c | 1666 890c | 5748 ffc2 | 75f3 e9f9 | e0ff ff4d | 8bdd 4489 

  0x000002cd5cb44538: ;   {no_reloc}
  0x000002cd5cb44538: 5424 5448 | 897c 2458 | 8974 2450 | 894c 244c | 4489 4c24 | 484c 8944 | 2440 4c89 | 5c24 384c 
  0x000002cd5cb44558: 8b5c 2428 | 4c89 5c24 | 304c 8b5c | 2470 4c89 | 5c24 284c | 8b5c 2460 | 4c89 5c24 | 2048 8b6c 
  0x000002cd5cb44578: ;   {metadata({type array byte})}
  0x000002cd5cb44578: 2468 48ba | c80a 0400 | 0800 0000 | 448b 4424 | 5448 8944 | 2460 6690 

  0x000002cd5cb44590: ;   {runtime_call _new_array_Java}
  0x000002cd5cb44590: c5f8 77e8 

  0x000002cd5cb44594: ; ImmutableOopMap {rbp=Oop [32]=Oop [48]=Oop [56]=Oop [64]=Oop }
                      ;*invokevirtual allocateUninitializedArray0 {reexecute=0 rethrow=0 return_oop=1}
                      ; - jdk.internal.misc.Unsafe::allocateUninitializedArray@51
                      ; - java.lang.StringConcatHelper::newArray@33
                      ; - java.lang.StringConcatHelper::simpleConcat@61
                      ; - java.lang.String::concat@11
                      ; - java.net.URLClassLoader$1::run@13
                      ; - java.net.URLClassLoader$1::run@1
                      ; - java.security.AccessController::executePrivileged@29
                      ; - java.security.AccessController::doPrivileged@13
                      ; - java.net.URLClassLoader::findClass@13
  0x000002cd5cb44594: e8a1 3dff 

  0x000002cd5cb44598: ;   {other}
  0x000002cd5cb44598: 0f1f 8400 | 882e 0022 | 4889 6c24 | 684c 8b54 | 2420 4c89 | 5424 604c | 8b54 2428 | 4c89 5424 
  0x000002cd5cb445b8: 704c 8b54 | 2430 4c89 | 5424 284c | 8b6c 2438 | 4c8b 4424 | 4044 8b4c | 2448 8b4c | 244c 8b74 
  0x000002cd5cb445d8: 2450 488b | 7c24 5844 | 8b54 2454 | 488b d8e9 | badf ffff | 4889 5c24 | 384c 8b54 | 2428 4c89 
  0x000002cd5cb445f8: 5424 304c | 8b54 2470 | 4c89 5424 | 284c 8b54 | 2460 4c89 

  0x000002cd5cb4460c: ;   {metadata('java/lang/String')}
  0x000002cd5cb4460c: 5424 2048 | ba90 2004 | 0008 0000 | 0066 6690 

  0x000002cd5cb4461c: ;   {runtime_call _new_instance_Java}
  0x000002cd5cb4461c: c5f8 77e8 

  0x000002cd5cb44620: ; ImmutableOopMap {[32]=Oop [48]=Oop [56]=Oop [96]=Oop [104]=Oop }
                      ;*new {reexecute=0 rethrow=0 return_oop=1}
                      ; - java.lang.StringConcatHelper::newString@6
                      ; - java.lang.StringConcatHelper::simpleConcat@90
                      ; - java.lang.String::concat@11
                      ; - java.net.URLClassLoader$1::run@13
                      ; - java.net.URLClassLoader$1::run@1
                      ; - java.security.AccessController::executePrivileged@29
                      ; - java.security.AccessController::doPrivileged@13
                      ; - java.net.URLClassLoader::findClass@13
  0x000002cd5cb44620: dc8a 3dff 

  0x000002cd5cb44624: ;   {other}
  0x000002cd5cb44624: 0f1f 8400 | 142f 0023 | 4c8b 5c24 | 284c 895c | 2470 4c8b | 5c24 304c | 895c 2428 | 488b 5c24 
  0x000002cd5cb44644: 384c 8bc0 | e926 e0ff | ff48 8b54 | 2468 4c8b | 8424 f000 | 0000 4c8b | 4c24 7048 | 8b7c 2470 
  0x000002cd5cb44664: 488b 7424 | 7048 8b4c | 2470 4c8b | 5424 704c | 8914 244c | 8b54 2470 | 4c89 5424 | 084c 8b54 
  0x000002cd5cb44684: 2470 4c89 | 5424 1090 

  0x000002cd5cb4468c: ;   {optimized virtual_call}
  0x000002cd5cb4468c: c5f8 77e8 

  0x000002cd5cb44690: ; ImmutableOopMap {[32]=Oop [40]=Oop [48]=Oop [88]=NarrowOop [96]=Oop [104]=Oop [120]=Oop [240]=Oop }
                      ;*invokevirtual definePackage {reexecute=0 rethrow=0 return_oop=1}
                      ; - java.net.URLClassLoader::defineClass@81
                      ; - java.net.URLClassLoader$1::run@43
                      ; - java.net.URLClassLoader$1::run@1
                      ; - java.security.AccessController::executePrivileged@29
                      ; - java.security.AccessController::doPrivileged@13
                      ; - java.net.URLClassLoader::findClass@13
  0x000002cd5cb44690: eca3 31ff 

  0x000002cd5cb44694: ;   {other}
  0x000002cd5cb44694: 0f1f 8400 | 842f 0024 | 0f1f 4000 | e928 e6ff | ff89 7c24 | 7844 8954 | 247c 4889 | 5c24 4889 
  0x000002cd5cb446b4: 4c24 4444 | 894c 2440 | 4c8b 5424 | 284c 8954 | 2438 4c8b | 5424 704c | 8954 2430 | 4c8b 5424 
  0x000002cd5cb446d4: 604c 8954 | 2428 4c8b | 5424 684c | 8954 2420 

  0x000002cd5cb446e4: ;   {metadata({type array byte})}
  0x000002cd5cb446e4: 48ba c80a | 0400 0800 | 0000 448b | c166 6690 

  0x000002cd5cb446f4: ;   {runtime_call _new_array_Java}
  0x000002cd5cb446f4: c5f8 77e8 

  0x000002cd5cb446f8: ; ImmutableOopMap {[32]=Oop [40]=Oop [56]=Oop [64]=NarrowOop [72]=Oop [96]=Oop [104]=Oop }
                      ;*invokevirtual allocateUninitializedArray0 {reexecute=0 rethrow=0 return_oop=1}
                      ; - jdk.internal.misc.Unsafe::allocateUninitializedArray@51
                      ; - java.lang.StringConcatHelper::newArray@33
                      ; - java.lang.StringLatin1::replace@49
                      ; - java.lang.String::replace@18
                      ; - java.net.URLClassLoader$1::run@8
                      ; - java.net.URLClassLoader$1::run@1
                      ; - java.security.AccessController::executePrivileged@29
                      ; - java.security.AccessController::doPrivileged@13
                      ; - java.net.URLClassLoader::findClass@13
  0x000002cd5cb446f8: 84a0 3dff 

  0x000002cd5cb446fc: ;   {other}
  0x000002cd5cb446fc: 0f1f 8400 | ec2f 0025 | 4c8b 5c24 | 304c 895c | 2470 4c8b | 5c24 384c | 895c 2428 | 448b 4c24 
  0x000002cd5cb4471c: 408b 4c24 | 4448 8b5c | 2448 4c8b | d8e9 26db 

  0x000002cd5cb4472c: ;   {metadata('java/lang/String')}
  0x000002cd5cb4472c: ffff 48ba | 9020 0400 | 0800 0000 | 488b 6c24 | 604c 895c | 2450 6690 

  0x000002cd5cb44744: ;   {runtime_call _new_instance_Java}
  0x000002cd5cb44744: c5f8 77e8 

  0x000002cd5cb44748: ; ImmutableOopMap {rbp=Oop [40]=Oop [80]=Oop [96]=Oop [104]=Oop }
                      ;*new {reexecute=0 rethrow=0 return_oop=1}
                      ; - java.lang.StringLatin1::replace@116
                      ; - java.lang.String::replace@18
                      ; - java.net.URLClassLoader$1::run@8
                      ; - java.net.URLClassLoader$1::run@1
                      ; - java.security.AccessController::executePrivileged@29
                      ; - java.security.AccessController::doPrivileged@13
                      ; - java.net.URLClassLoader::findClass@13
  0x000002cd5cb44748: b489 3dff 

  0x000002cd5cb4474c: ;   {other}
  0x000002cd5cb4474c: 0f1f 8400 | 3c30 0026 | 4c8b c04c | 8b5c 2450 | 0f1f 4000 | e940 ddff 

  0x000002cd5cb44764: ;   {metadata('java/lang/ClassNotFoundException')}
  0x000002cd5cb44764: ff48 ba00 | 5304 0008 | 0000 0090 

  0x000002cd5cb44770: ;   {runtime_call _new_instance_Java}
  0x000002cd5cb44770: c5f8 77e8 

  0x000002cd5cb44774: ; ImmutableOopMap {[96]=Oop }
                      ;*new {reexecute=0 rethrow=0 return_oop=1}
                      ; - java.net.URLClassLoader::findClass@36
  0x000002cd5cb44774: 8889 3dff 

  0x000002cd5cb44778: ;   {other}
  0x000002cd5cb44778: 0f1f 8400 | 6830 0027 | e977 dfff 

  0x000002cd5cb44784: ;   {metadata('java/util/jar/JarFile')}
  0x000002cd5cb44784: ff81 fdc8 | fc08 000f | 8594 4600 | 004c 8b54 | 2438 4d8b | c241 8b78 | 2866 6690 | 85ff 0f84 
  0x000002cd5cb447a4: 7d11 0000 | 418b 6cfc | 0c41 807f | 4000 0f85 | fb2d 0000 

  0x000002cd5cb447b8: ; implicit exception: dispatches to 0x000002cd5cb498b4
  0x000002cd5cb447b8: 458b 5cec | 084d 8b54 

  0x000002cd5cb447c0: ;   {oop(a 'java/lang/Class'{0x00000007007bbc08} = 'java/lang/ref/SoftReference')}
  0x000002cd5cb447c0: fc20 49b9 | 08bc 7b00 | 0700 0000 | 4d8b 4970 | 4d3b d10f | 852e 2300 | 000f 1f80 | 0000 0000 
  0x000002cd5cb447e0: ;   {metadata('java/util/jar/Manifest')}
  0x000002cd5cb447e0: 4181 fb10 | 4c05 000f | 85ee 4b00 | 004c 8b54 | 2420 4c89 | 5424 7048 | 8b74 2430 | 4c8b 6c24 
  0x000002cd5cb44800: 7844 8bb4 | 2480 0000 | 0044 8b9c | 2484 0000 | 004c 8b44 | 2438 448b | 5424 400f | 1f44 0000 
  0x000002cd5cb44820: e932 e3ff 

  0x000002cd5cb44824: ;   {metadata('java/security/CodeSource')}
  0x000002cd5cb44824: ff48 ba18 | 5b05 0008 | 0000 0090 

  0x000002cd5cb44830: ;   {runtime_call _new_instance_Java}
  0x000002cd5cb44830: c5f8 77e8 

  0x000002cd5cb44834: ; ImmutableOopMap {rbp=Oop [32]=Oop [40]=Oop [48]=Oop [56]=Oop [88]=NarrowOop [96]=Oop [104]=Oop }
                      ;*new {reexecute=0 rethrow=0 return_oop=1}
                      ; - java.net.URLClassLoader::defineClass@190
                      ; - java.net.URLClassLoader$1::run@43
                      ; - java.net.URLClassLoader$1::run@1
                      ; - java.security.AccessController::executePrivileged@29
                      ; - java.security.AccessController::doPrivileged@13
                      ; - java.net.URLClassLoader::findClass@13
  0x000002cd5cb44834: c888 3dff 

  0x000002cd5cb44838: ;   {other}
  0x000002cd5cb44838: 0f1f 8400 | 2831 0028 | e926 e5ff | ff44 8974 | 243c 4c89 | 6c24 4848 | 894c 2440 | 4489 5424 
  0x000002cd5cb44858: 3889 5424 | 2444 8944 | 2420 4889 | 7424 3048 | 8b6c 2470 

  0x000002cd5cb4486c: ;   {metadata('java/lang/String')}
  0x000002cd5cb4486c: 48ba 9020 | 0400 0800 | 0000 6690 

  0x000002cd5cb44878: ;   {runtime_call _new_instance_Java}
  0x000002cd5cb44878: c5f8 77e8 

  0x000002cd5cb4487c: ; ImmutableOopMap {[32]=NarrowOop [40]=Oop [48]=Oop [60]=NarrowOop [64]=Oop [72]=Oop [96]=Oop [104]=Oop }
                      ;*new {reexecute=0 rethrow=0 return_oop=1}
                      ; - java.lang.StringLatin1::newString@7
                      ; - java.lang.String::substring@41
                      ; - java.net.URLClassLoader::defineClass@28
                      ; - java.net.URLClassLoader$1::run@43
                      ; - java.net.URLClassLoader$1::run@1
                      ; - java.security.AccessController::executePrivileged@29
                      ; - java.security.AccessController::doPrivileged@13
                      ; - java.net.URLClassLoader::findClass@13
  0x000002cd5cb4487c: 8088 3dff 

  0x000002cd5cb44880: ;   {other}
  0x000002cd5cb44880: 0f1f 8400 | 7031 0029 | 4889 6c24 | 7048 8b74 | 2430 448b | 4424 208b | 5424 2444 | 8b54 2438 
  0x000002cd5cb448a0: 488b 4c24 | 404c 8b6c | 2448 448b | 7424 3c48 | 8bd8 e99b | dfff ff4c | 8954 2440 | 4889 7c24 
  0x000002cd5cb448c0: 3848 899c | 2480 0000 | 0044 8974 | 245c 4c89 | 6c24 7844 | 8bda 4489 | 4424 5848 | 8974 2430 
  0x000002cd5cb448e0: ;   {metadata({type array byte})}
  0x000002cd5cb448e0: 48ba c80a | 0400 0800 | 0000 4889 | 4c24 2045 | 8bc3 6690 

  0x000002cd5cb448f4: ;   {runtime_call _new_array_nozero_Java}
  0x000002cd5cb448f4: c5f8 77e8 

  0x000002cd5cb448f8: ; ImmutableOopMap {[32]=Oop [56]=Derived_oop_[32] [40]=Oop [48]=Oop [88]=NarrowOop [92]=NarrowOop [96]=Oop [104]=Oop [120]=Oop [128]=Oop }
                      ;*invokevirtual clone {reexecute=1 rethrow=0 return_oop=1}
                      ; - (reexecute) java.util.Arrays::copyOfRange@18
                      ; - java.lang.StringLatin1::newString@16
                      ; - java.lang.String::substring@41
                      ; - java.net.URLClassLoader::defineClass@28
                      ; - java.net.URLClassLoader$1::run@43
                      ; - java.net.URLClassLoader$1::run@1
                      ; - java.security.AccessController::executePrivileged@29
                      ; - java.security.AccessController::doPrivileged@13
                      ; - java.net.URLClassLoader::findClass@13
  0x000002cd5cb448f8: 8497 3dff 

  0x000002cd5cb448fc: ;   {other}
  0x000002cd5cb448fc: 0f1f 8400 | ec31 002a | 488b e8e9 | cce0 ffff | 4c8b 8c24 | 8800 0000 | 458b 5128 | 0f1f 8400 
  0x000002cd5cb4491c: 0000 0000 | 4585 d20f | 847d f7ff | ff4d 8b5f | 2849 8bca | 48c1 e103 | 4d85 db0f | 84d9 2e00 
  0x000002cd5cb4493c: 004d 8b57 | 384b 894c | 1af8 4983 | c3f8 4d89 | 5f28 e953 | f7ff ff45 | 8b50 1066 | 0f1f 8400 
  0x000002cd5cb4495c: 0000 0000 | 4585 d20f | 84e2 f6ff | ff4d 8b5f | 2849 8bca | 48c1 e103 | 4d85 db0f | 8473 2e00 
  0x000002cd5cb4497c: 004d 8b57 | 384b 894c | 1af8 4983 | c3f8 4d89 | 5f28 e9b8 | f6ff ff4d | 8b57 484d | 8b5f 58f0 
  0x000002cd5cb4499c: 8344 24c0 | 0041 8038 | 000f 843f | f7ff ff45 | 8820 4d85 | d275 2349 | 8bc8 498b | d7c5 f877 
  0x000002cd5cb449bc: 49ba e029 | 2024 fc7f | 0000 41ff 

  0x000002cd5cb449c8: ;   {other}
  0x000002cd5cb449c8: d20f 1f84 | 0000 0000 | 00e9 14f7 | ffff 4f89 | 4413 f849 | 83c2 f84d | 8957 48e9 | 02f7 ffff 
  0x000002cd5cb449e8: 4d8b 5748 | 4d8b 5f58 | f083 4424 | c000 8039 | 000f 848e | f6ff ff44 | 8821 4d85 | d275 2649 
  0x000002cd5cb44a08: 8bd8 498b | d7c5 f877 | 49ba e029 | 2024 fc7f | 0000 41ff 

  0x000002cd5cb44a1c: ;   {other}
  0x000002cd5cb44a1c: d20f 1f84 | 0000 0000 | 004c 8bc3 | e960 f6ff | ff4b 894c | 13f8 4983 | c2f8 4d89 | 5748 e94e 
  0x000002cd5cb44a3c: f6ff ffba | e4ff ffff | 488b 6c24 | 604c 8b5c | 2428 4c89 | 5c24 2048 | 8974 2440 | 4c8b 5c24 
  0x000002cd5cb44a5c: 504c 895c | 2448 4489 | 5424 544c | 8b54 2468 | 4c89 5424 | 6044 8944 | 246c 6690 

  0x000002cd5cb44a78: ;   {runtime_call UncommonTrapBlob}
  0x000002cd5cb44a78: c5f8 77e8 

  0x000002cd5cb44a7c: ; ImmutableOopMap {rbp=Oop [32]=Oop [64]=Oop [96]=Oop [108]=NarrowOop }
                      ;*baload {reexecute=0 rethrow=0 return_oop=0}
                      ; - java.lang.StringLatin1::lastIndexOf@24
                      ; - java.lang.String::lastIndexOf@13
                      ; - java.lang.String::lastIndexOf@8
                      ; - java.net.URLClassLoader::defineClass@7
                      ; - java.net.URLClassLoader$1::run@43
                      ; - java.net.URLClassLoader$1::run@1
                      ; - java.security.AccessController::executePrivileged@29
                      ; - java.security.AccessController::doPrivileged@13
                      ; - java.net.URLClassLoader::findClass@13
  0x000002cd5cb44a7c: 00f9 31ff 

  0x000002cd5cb44a80: ;   {other}
  0x000002cd5cb44a80: 0f1f 8400 | 7033 002b | 4c89 8424 | 9000 0000 | 4c89 9c24 | 8800 0000 | 4889 bc24 | 8000 0000 
  0x000002cd5cb44aa0: 4889 5c24 | 7844 8974 | 2444 4c89 | 6c24 5844 | 8954 2440 | 4889 7424 | 304c 8b54 | 2470 4c89 
  0x000002cd5cb44ac0: ;   {metadata({type array byte})}
  0x000002cd5cb44ac0: 5424 3848 | bac8 0a04 | 0008 0000 | 0048 894c | 2448 448b | 4424 4090 

  0x000002cd5cb44ad8: ;   {runtime_call _new_array_nozero_Java}
  0x000002cd5cb44ad8: c5f8 77e8 

  0x000002cd5cb44adc: ; ImmutableOopMap {[40]=Oop [48]=Oop [68]=NarrowOop [72]=Oop [128]=Derived_oop_[72] [88]=Oop [96]=Oop [104]=Oop [120]=Oop }
                      ;*newarray {reexecute=0 rethrow=0 return_oop=1}
                      ; - java.util.Arrays::copyOfRangeByte@10
                      ; - java.util.Arrays::copyOfRange@13
                      ; - java.lang.StringLatin1::newString@16
                      ; - java.lang.String::substring@41
                      ; - java.net.URLClassLoader::defineClass@28
                      ; - java.net.URLClassLoader$1::run@43
                      ; - java.net.URLClassLoader$1::run@1
                      ; - java.security.AccessController::executePrivileged@29
                      ; - java.security.AccessController::doPrivileged@13
                      ; - java.net.URLClassLoader::findClass@13
  0x000002cd5cb44adc: a095 3dff 

  0x000002cd5cb44ae0: ;   {other}
  0x000002cd5cb44ae0: 0f1f 8400 | d033 002c | 4c8b 5424 | 384c 8954 | 2470 488b | 7424 3044 | 8b54 2440 | 4c8b 6c24 
  0x000002cd5cb44b00: 5844 8b74 | 2444 488b | 5c24 7848 | 8bbc 2480 | 0000 004c | 8bc8 4c8b | 9c24 8800 | 0000 4c8b 
  0x000002cd5cb44b20: 8424 9000 | 0000 e9d8 | ddff ff4c | 8bc3 458b | 582c 4585 | db0f 84b3 | e8ff ff4d | 8b57 2849 
  0x000002cd5cb44b40: 8bcb 48c1 | e103 4d85 | d20f 84a1 | 2d00 004d | 8b5f 384b | 894c 13f8 | 4983 c2f8 | 4d89 5728 
  0x000002cd5cb44b60: 4c8b c3e9 | 86e8 ffff | 4c8b 9424 | 9800 0000 | 458b 5214 | 4585 d20f | 84f8 e9ff | ff4d 8b5f 
  0x000002cd5cb44b80: 2849 8bca | 48c1 e103 | 4d85 db0f | 849f 2d00 | 004d 8b57 | 384b 894c | 1af8 4983 | c3f8 4d89 
  0x000002cd5cb44ba0: 5f28 e9ce | e9ff ff49 | 8bda 448b | 5d1c 4585 | db74 274d | 8b57 2849 | 8bcb 48c1 | e103 6690 
  0x000002cd5cb44bc0: 4d85 d20f | 8447 2d00 | 004d 8b5f | 384b 894c | 13f8 4983 | c2f8 4d89 | 5728 4c8b 

  0x000002cd5cb44bdc: ;   {no_reloc}
  0x000002cd5cb44bdc: d366 6690 | e94a e9ff | ff4c 8b94 | 2498 0000 | 0045 8b5a | 1045 85db | 0f84 01eb | ffff 4d8b 
  0x000002cd5cb44bfc: 5728 498b | cb48 c1e1 | 034d 85d2 | 0f84 422d | 0000 4d8b | 5f38 4b89 | 4c13 f849 | 83c2 f84d 
  0x000002cd5cb44c1c: 8957 2890 | e9d6 eaff | ff49 8bfa | 448b 551c | 4585 d20f | 847d eaff | ff4d 8b5f | 2849 8bca 
  0x000002cd5cb44c3c: 48c1 e103 | 4d85 db0f | 8427 2d00 | 004d 8b57 | 384b 894c | 1af8 4983 | c3f8 4d89 | 5f28 e953 
  0x000002cd5cb44c5c: eaff ff48 | 8bdd 448b | 5b24 4585 | db0f 84ff | edff ff4d | 8b57 2849 | 8bcb 48c1 | e103 660f 
  0x000002cd5cb44c7c: 1f44 0000 | 4d85 d20f | 8433 2d00 | 0049 8bf0 | 4d8b 5f38 | 4b89 4c13 | f849 83c2 | f84d 8957 
  0x000002cd5cb44c9c: 284c 8bc6 | e9c9 edff | ff44 8b5b | 3845 85db | 0f84 dcee | ffff 4d8b | 5728 498b | cb48 c1e1 
  0x000002cd5cb44cbc: 0366 6690 | 4d85 d20f | 843c 2d00 | 0049 8bf8 | 4d8b 5f38 | 4b89 4c13 | f849 83c2 | f84d 8957 
  0x000002cd5cb44cdc: ;   {no_reloc}
  0x000002cd5cb44cdc: 284c 8bc7 | e9a9 eeff | ff44 8b5b | 3445 85db | 0f84 01ee | ffff 4d8b | 5728 498b | cb48 c1e1 
  0x000002cd5cb44cfc: 0366 6690 | 4d85 d20f | 84d6 2c00 | 0049 8bf8 | 4d8b 5f38 | 4b89 4c13 | f849 83c2 | f84d 8957 
  0x000002cd5cb44d1c: 284c 8bc7 | e9ce edff | ff4c 8b8c | 2490 0000 | 0045 8b59 | 3045 85db | 0f84 a2ee | ffff 4d8b 
  0x000002cd5cb44d3c: 5728 498b | cb48 c1e1 | 034d 85d2 | 0f84 422c | 0000 4d8b | 5f38 4b89 | 4c13 f849 | 83c2 f84d 
  0x000002cd5cb44d5c: 8957 2890 | e977 eeff | ff45 8b50 | 1c45 85d2 | 7432 498b | fb49 8bd8 | 4d8b 5f28 | 498b ca48 
  0x000002cd5cb44d7c: c1e1 0390 | 4d85 db0f | 849f 2c00 | 004d 8b57 | 384b 894c | 1af8 4983 | c3f8 4d89 | 5f28 4c8b 
  0x000002cd5cb44d9c: c34c 8bdf | 4d8b d3e9 | 86eb ffff | 448b 5d1c | 4585 db0f | 8482 eaff | ff49 8bda | 4d8b 5728 
  0x000002cd5cb44dbc: 498b cb48 | c1e1 034d | 85d2 0f84 | 9c2c 0000 | 4d8b 5f38 | 4b89 4c13 | f849 83c2 | f84d 8957 
  0x000002cd5cb44ddc: ;   {no_reloc}
  0x000002cd5cb44ddc: 284c 8bd3 | e952 eaff | ff4c 8b94 | 2498 0000 | 0045 8b52 | 1845 85d2 | 0f84 9aea | ffff 4d8b 
  0x000002cd5cb44dfc: 5f28 498b | ca48 c1e1 | 034d 85db | 0f84 3a2c | 0000 4d8b | 5738 4b89 | 4c1a f849 | 83c3 f84d 
  0x000002cd5cb44e1c: 895f 2890 | e96f eaff | ff4c 8b84 | 2490 0000 | 0045 8b58 | 0c45 85db | 0f84 62f0 | ffff 4d8b 
  0x000002cd5cb44e3c: 5728 498b | cb48 c1e1 | 034d 85d2 | 0f84 8c2c | 0000 4d8b | 5f38 4b89 | 4c13 f849 | 83c2 f84d 
  0x000002cd5cb44e5c: 8957 284c | 8b84 2490 | 0000 00e9 | 30f0 ffff | 488b 9c24 | a800 0000 | 448b 5b0c | 4585 db74 
  0x000002cd5cb44e7c: 254d 8b57 | 2849 8bcb | 48c1 e103 | 4d85 d20f | 84f7 2b00 | 004d 8b5f | 384b 894c | 13f8 4983 
  0x000002cd5cb44e9c: c2f8 4d89 | 5728 4d8b | d0e9 8cef | ffff 458b | 5810 4585 | db0f 8477 | f0ff ff4d | 8b57 2849 
  0x000002cd5cb44ebc: 8bcb 48c1 | e103 4d85 | d20f 84e3 | 2b00 004d | 8b5f 384b | 894c 13f8 | 4983 c2f8 | 4d89 5728 
  0x000002cd5cb44edc: ;   {no_reloc}
  0x000002cd5cb44edc: 0f1f 4000 | e949 f0ff | ff48 8b5c | 2420 448b | 5b14 4585 | db0f 84a5 | f0ff ff4d | 8b57 2849 
  0x000002cd5cb44efc: 8bcb 48c1 | e103 4d85 | d20f 84ef | 2b00 004d | 8b5f 384b | 894c 13f8 | 4983 c2f8 | 4d89 5728 
  0x000002cd5cb44f1c: 0f1f 4000 | e977 f0ff | ff4d 8b57 | 584d 8b5f | 48f0 8344 | 24c0 0080 | 3900 0f84 | 2ee6 ffff 
  0x000002cd5cb44f3c: 4488 2190 | 4d85 db75 | 2049 8bd7 | c5f8 7749 | bae0 2920 | 24fc 7f00 | 0041 ffd2 

  0x000002cd5cb44f58: ;   {other}
  0x000002cd5cb44f58: 0f1f 8400 | 0000 0000 | e905 e6ff | ff4b 894c | 1af8 4983 | c3f8 4d89 | 5f48 e9f3 | e5ff ff4d 
  0x000002cd5cb44f78: 8b57 484d | 8b5f 58f0 | 8344 24c0 | 0080 3900 | 7433 4488 | 214d 85d2 | 7410 4b89 | 4c13 f849 
  0x000002cd5cb44f98: 83c2 f84d | 8957 4890 | eb1b 498b | d7c5 f877 | 49ba e029 | 2024 fc7f | 0000 41ff 

  0x000002cd5cb44fb4: ;   {other}
  0x000002cd5cb44fb4: d20f 1f84 | 0000 0000 | 004c 8b84 | 2498 0000 | 00e9 eae5 | ffff 4d8b | 5758 4d8b | 5f48 f083 
  0x000002cd5cb44fd4: 4424 c000 | 0f1f 8400 | 0000 0000 | 8039 000f | 8407 e7ff | ff44 8821 | 4d85 db75 | 2049 8bd7 
  0x000002cd5cb44ff4: c5f8 7749 | bae0 2920 | 24fc 7f00 | 0041 ffd2 

  0x000002cd5cb45004: ;   {other}
  0x000002cd5cb45004: 0f1f 8400 | 0000 0000 | e9df e6ff | ff4b 894c | 1af8 4983 | c3f8 4d89 | 5f48 6690 | e9cb e6ff 
  0x000002cd5cb45024: ff4d 8b57 | 584d 8b5f | 48f0 8344 | 24c0 0080 | 3900 7437 | 4488 210f | 1f44 0000 | 4d85 db74 
  0x000002cd5cb45044: 0f4b 894c | 1af8 4983 | c3f8 4d89 | 5f48 eb1b | 498b d7c5 | f877 49ba | e029 2024 | fc7f 0000 
  0x000002cd5cb45064: ;   {other}
  0x000002cd5cb45064: 41ff d20f | 1f84 0000 | 0000 004c | 8b84 2498 | 0000 00e9 | c3e6 ffff | 4d8b 5748 | 4d8b 5f58 
  0x000002cd5cb45084: f083 4424 | c000 8039 | 000f 840c | eaff ff44 | 8821 4d85 | d275 2049 | 8bd7 c5f8 | 7749 bae0 
  0x000002cd5cb450a4: 2920 24fc | 7f00 0041 

  0x000002cd5cb450ac: ;   {other}
  0x000002cd5cb450ac: ffd2 0f1f | 8400 0000 | 0000 e9e4 | e9ff ff4b | 894c 13f8 | 4983 c2f8 | 4d89 5748 | e9d2 e9ff 
  0x000002cd5cb450cc: ff4d 8b57 | 484d 8b5f | 58f0 8344 | 24c0 000f | 1f44 0000 | 8039 000f | 842b ebff | ff44 8821 
  0x000002cd5cb450ec: 4d85 d275 | 2649 8bd9 | 498b d7c5 | f877 49ba | e029 2024 | fc7f 0000 

  0x000002cd5cb45104: ;   {other}
  0x000002cd5cb45104: 41ff d20f | 1f84 0000 | 0000 004c | 8bcb e9fd | eaff ff4b | 894c 13f8 | 4983 c2f8 | 4d89 5748 
  0x000002cd5cb45124: e9eb eaff | ff4d 8b57 | 584d 8b5f | 48f0 8344 | 24c0 0066 | 0f1f 8400 | 0000 0000 | 8039 000f 
  0x000002cd5cb45144: 84e1 e9ff | ff44 8821 | 4d85 db75 | 2049 8bd7 | c5f8 7749 | bae0 2920 | 24fc 7f00 | 0041 ffd2 
  0x000002cd5cb45164: ;   {other}
  0x000002cd5cb45164: 0f1f 8400 | 0000 0000 | e9b9 e9ff | ff4b 894c | 1af8 4983 | c3f8 4d89 | 5f48 6690 | e9a5 e9ff 
  0x000002cd5cb45184: ff4d 8b57 | 484d 8b5f | 58f0 8344 | 24c0 0080 | 3900 0f84 | 2dea ffff | 4488 2190 | 4d85 d275 
  0x000002cd5cb451a4: 2049 8bd7 | c5f8 7749 | bae0 2920 | 24fc 7f00 | 0041 ffd2 

  0x000002cd5cb451b8: ;   {other}
  0x000002cd5cb451b8: 0f1f 8400 | 0000 0000 | e904 eaff | ff4b 894c | 13f8 4983 | c2f8 4d89 | 5748 e9f2 | e9ff ff4d 
  0x000002cd5cb451d8: 8b57 484d | 8b5f 58f0 | 8344 24c0 | 0080 3900 | 7433 4488 | 214d 85d2 | 7410 4b89 | 4c13 f849 
  0x000002cd5cb451f8: 83c2 f84d | 8957 4890 | eb1b 498b | d7c5 f877 | 49ba e029 | 2024 fc7f | 0000 41ff 

  0x000002cd5cb45214: ;   {other}
  0x000002cd5cb45214: d20f 1f84 | 0000 0000 | 004c 8b84 | 2498 0000 | 00e9 a9e6 | ffff 4d8b | 5748 4d8b | 5f58 f083 
  0x000002cd5cb45234: 4424 c000 | 0f1f 8400 | 0000 0000 | 8039 000f | 8420 e7ff | ff44 8821 | 4d85 d275 | 2049 8bd7 
  0x000002cd5cb45254: c5f8 7749 | bae0 2920 | 24fc 7f00 | 0041 ffd2 

  0x000002cd5cb45264: ;   {other}
  0x000002cd5cb45264: 0f1f 8400 | 0000 0000 | e9f8 e6ff | ff4b 894c | 13f8 4983 | c2f8 4d89 | 5748 6690 | e9e4 e6ff 
  0x000002cd5cb45284: ff49 8bd8 | 4d8b 5748 | 4d8b 5f58 | f083 4424 | c000 8039 | 0074 3444 | 8821 6690 | 4d85 d274 
  0x000002cd5cb452a4: 0f4b 894c | 13f8 4983 | c2f8 4d89 | 5748 eb1b | 498b d7c5 | f877 49ba | e029 2024 | fc7f 0000 
  0x000002cd5cb452c4: ;   {other}
  0x000002cd5cb452c4: 41ff d20f | 1f84 0000 | 0000 004c | 8bc3 e981 | e7ff ff4d | 8b57 484d | 8b5f 58f0 | 8344 24c0 
  0x000002cd5cb452e4: 0080 3900 | 0f84 9be5 | ffff 4488 | 214d 85d2 | 7520 498b | d7c5 f877 | 49ba e029 | 2024 fc7f 
  0x000002cd5cb45304: 0000 41ff 

  0x000002cd5cb45308: ;   {other}
  0x000002cd5cb45308: d20f 1f84 | 0000 0000 | 00e9 73e5 | ffff 4b89 | 4c13 f849 | 83c2 f84d | 8957 48e9 | 61e5 ffff 
  0x000002cd5cb45328: 4d8b 5748 | 4d8b 5f58 | f083 4424 | c000 8039 | 000f 842a | ecff ff44 | 8821 4d85 | d275 2649 
  0x000002cd5cb45348: 8bd8 498b | d7c5 f877 | 49ba e029 | 2024 fc7f | 0000 41ff 

  0x000002cd5cb4535c: ;   {other}
  0x000002cd5cb4535c: d20f 1f84 | 0000 0000 | 004c 8bc3 | e9fc ebff | ff4b 894c | 13f8 4983 | c2f8 4d89 | 5748 e9ea 
  0x000002cd5cb4537c: ebff ff4d | 8b57 484d | 8b5f 58f0 | 8344 24c0 | 0080 3900 | 0f84 36eb | ffff 4488 | 214d 85d2 
  0x000002cd5cb4539c: 7527 498b | d849 8bd7 | c5f8 7749 | bae0 2920 | 24fc 7f00 | 0041 ffd2 

  0x000002cd5cb453b4: ;   {other}
  0x000002cd5cb453b4: 0f1f 8400 | 0000 0000 | 4c8b c390 | e907 ebff | ff4b 894c | 13f8 4983 | c2f8 4d89 | 5748 e9f5 
  0x000002cd5cb453d4: eaff ff4d | 8b57 484d | 8b5f 58f0 | 8344 24c0 | 0080 3900 | 0f84 9bea | ffff 4488 | 214d 85d2 
  0x000002cd5cb453f4: 7520 498b | d7c5 f877 | 49ba e029 | 2024 fc7f | 0000 41ff 

  0x000002cd5cb45408: ;   {other}
  0x000002cd5cb45408: d20f 1f84 | 0000 0000 | 00e9 73ea | ffff 4b89 | 4c13 f849 | 83c2 f84d | 8957 48e9 | 61ea ffff 
  0x000002cd5cb45428: 498b f84d | 8b57 584d | 8b5f 48f0 | 8344 24c0 | 0080 3900 | 7432 4488 | 214d 85db | 740f 4b89 
  0x000002cd5cb45448: 4c1a f849 | 83c3 f84d | 895f 48eb | 1b49 8bd7 | c5f8 7749 | bae0 2920 | 24fc 7f00 | 0041 ffd2 
  0x000002cd5cb45468: ;   {other}
  0x000002cd5cb45468: 0f1f 8400 | 0000 0000 | 4c8b c744 | 8bce e9b3 | dfff ff4d | 8b57 584d | 8b5f 48f0 | 8344 24c0 
  0x000002cd5cb45488: 0080 3900 | 0f84 47df | ffff 4488 | 214d 85db | 7520 498b | d7c5 f877 | 49ba e029 | 2024 fc7f 
  0x000002cd5cb454a8: 0000 41ff 

  0x000002cd5cb454ac: ;   {other}
  0x000002cd5cb454ac: d20f 1f84 | 0000 0000 | 00e9 1fdf | ffff 4b89 | 4c1a f849 | 83c3 f84d | 895f 48e9 | 0ddf ffff 
  0x000002cd5cb454cc: 4d8b 5748 | 4d8b 5f58 | f083 4424 | c000 660f | 1f44 0000 | 8039 000f | 84f6 eaff | ff44 8821 
  0x000002cd5cb454ec: 4d85 d275 | 2049 8bd7 | c5f8 7749 | bae0 2920 | 24fc 7f00 | 0041 ffd2 

  0x000002cd5cb45504: ;   {other}
  0x000002cd5cb45504: 0f1f 8400 | 0000 0000 | e9ce eaff | ff4b 894c | 13f8 4983 | c2f8 4d89 | 5748 6690 | e9ba eaff 
  0x000002cd5cb45524: ff41 8beb | e9a0 ccff | ff45 8b50 | 1045 85d2 | 0f84 d3dc | ffff 4d8b | 5f28 498b | ca48 c1e1 
  0x000002cd5cb45544: 034d 85db | 0f84 6427 | 0000 4d8b | 5738 4b89 | 4c1a f849 | 83c3 f84d | 895f 2890 | e9a8 dcff 
  0x000002cd5cb45564: ff4c 8b84 | 2498 0000 | 0045 8b58 | 0c45 85db | 0f84 02dc | ffff 498b | 5f28 498b | cb48 c1e1 
  0x000002cd5cb45584: 0348 85db | 0f84 ca26 | 0000 4d8b | 5f38 4989 | 4c1b f848 | 83c3 f849 | 895f 2890 | e9d7 dbff 
  0x000002cd5cb455a4: ff44 8b55 | 0c45 85d2 | 0f84 69db | ffff 4d8b | 5f28 498b | ca48 c1e1 | 0366 6690 | 4d85 db0f 
  0x000002cd5cb455c4: 84c3 2600 | 004d 8b57 | 384b 894c | 1af8 4983 | c3f8 4d89 | 5f28 e93c | dbff ff48 | 8bdd 448b 
  0x000002cd5cb455e4: 5314 4585 | d20f 8487 | dcff ff4d | 8b5f 2849 | 8bca 48c1 | e103 660f | 1f44 0000 

  0x000002cd5cb45600: ;   {no_reloc}
  0x000002cd5cb45600: 4d85 db0f | 84dc 2600 | 004d 8b57 | 384b 894c | 1af8 4983 | c3f8 4d89 | 5f28 e957 | dcff ff4d 
  0x000002cd5cb45620: 8b5f 484d | 8b47 58f0 | 8344 24c0 | 0080 3900 | 0f84 33db | ffff 4488 | 214d 85db | 752e 498b 
  0x000002cd5cb45640: f149 8bd7 | c5f8 7749 | bae0 2920 | 24fc 7f00 | 0041 ffd2 

  0x000002cd5cb45654: ;   {other}
  0x000002cd5cb45654: 0f1f 8400 | 0000 0000 | 448b 9424 | 8400 0000 | 4c8b cee9 | fdda ffff | 4b89 4c18 | f849 83c3 
  0x000002cd5cb45674: f84d 895f | 48e9 ebda | ffff 4d8b | 5758 4d8b | 5f48 f083 | 4424 c000 | 8039 000f | 84b4 dbff 
  0x000002cd5cb45694: ff44 8821 | 4d85 db75 | 2c49 8bf9 | 498b d849 | 8bd7 c5f8 | 7749 bae0 | 2920 24fc | 7f00 0041 
  0x000002cd5cb456b4: ;   {other}
  0x000002cd5cb456b4: ffd2 0f1f | 8400 0000 | 0000 4c8b | c34c 8bcf | e980 dbff | ff4b 894c | 1af8 4983 | c3f8 4d89 
  0x000002cd5cb456d4: 5f48 e96e | dbff ff4d | 8b5f 4849 | 8b5f 58f0 | 8344 24c0 | 0080 3900 | 0f84 bada | ffff 4488 
  0x000002cd5cb456f4: 214d 85db | 7532 498b | f141 8bfa | 498b d849 | 8bd7 c5f8 | 7749 bae0 | 2920 24fc | 7f00 0041 
  0x000002cd5cb45714: ;   {other}
  0x000002cd5cb45714: ffd2 0f1f | 8400 0000 | 0000 4c8b | c344 8bd7 | 4c8b cee9 | 80da ffff | 4a89 4c1b | f849 83c3 
  0x000002cd5cb45734: f84d 895f | 48e9 6eda | ffff 4489 | 7424 704c | 896c 2458 | 4889 7424 

  0x000002cd5cb4574c: ;   {oop(a 'jdk/internal/util/Preconditions$4'{0x000000070070e7a0})}
  0x000002cd5cb4574c: 3048 baa0 | e770 0007 | 0000 0041 | 8bea 4533 | c045 8bca | 418b fb44 | 895c 2474 

  0x000002cd5cb45768: ;   {static_call}
  0x000002cd5cb45768: c5f8 77e8 

  0x000002cd5cb4576c: ; ImmutableOopMap {[40]=Oop [48]=Oop [88]=Oop [96]=Oop [104]=Oop [112]=NarrowOop }
                      ;*invokestatic outOfBoundsCheckFromToIndex {reexecute=0 rethrow=0 return_oop=1}
                      ; - jdk.internal.util.Preconditions::checkFromToIndex@18
                      ; - java.lang.String::checkBoundsBeginEnd@6
                      ; - java.lang.String::substring@8
                      ; - java.net.URLClassLoader::defineClass@28
                      ; - java.net.URLClassLoader$1::run@43
                      ; - java.net.URLClassLoader$1::run@1
                      ; - java.security.AccessController::executePrivileged@29
                      ; - java.security.AccessController::doPrivileged@13
                      ; - java.net.URLClassLoader::findClass@13
  0x000002cd5cb4576c: 1099 31ff 

  0x000002cd5cb45770: ;   {other}
  0x000002cd5cb45770: 0f1f 8400 | 6040 002d | 488b d80f | 1f44 0000 | 4885 c00f | 8580 0000 | 00ba f6ff | ffff 488b 
  0x000002cd5cb45790: 6c24 604c | 8b54 2428 | 4c89 5424 | 204c 8b54 | 2430 4c89 | 5424 284c | 8b54 2450 | 4c89 5424 
  0x000002cd5cb457b0: 4066 6690 

  0x000002cd5cb457b4: ;   {runtime_call UncommonTrapBlob}
  0x000002cd5cb457b4: c5f8 77e8 

  0x000002cd5cb457b8: ; ImmutableOopMap {rbp=Oop [32]=Oop [40]=Oop [88]=Oop [104]=Oop [112]=NarrowOop }
                      ;*athrow {reexecute=1 rethrow=0 return_oop=0}
                      ; - (reexecute) jdk.internal.util.Preconditions::checkFromToIndex@21
                      ; - java.lang.String::checkBoundsBeginEnd@6
                      ; - java.lang.String::substring@8
                      ; - java.net.URLClassLoader::defineClass@28
                      ; - java.net.URLClassLoader$1::run@43
                      ; - java.net.URLClassLoader$1::run@1
                      ; - java.security.AccessController::executePrivileged@29
                      ; - java.security.AccessController::doPrivileged@13
                      ; - java.net.URLClassLoader::findClass@13
  0x000002cd5cb457b8: c4eb 31ff 

  0x000002cd5cb457bc: ;   {other}
  0x000002cd5cb457bc: 0f1f 8400 | ac40 002e | 488b d844 | 8b53 0849 | bb00 0000 | 0008 0000 | 004d 03da | eb14 488b 
  0x000002cd5cb457dc: d844 8b50 | 0849 bb00 | 0000 0008 | 0000 004d | 03da 4d8b 

  0x000002cd5cb457f0: ;   {metadata('java/lang/RuntimeException')}
  0x000002cd5cb457f0: 5348 49b8 | c040 0400 | 0800 0000 | 0f1f 4000 | 4d3b d00f | 8560 0000 | 0048 8bd3 | e90a cfff 
  0x000002cd5cb45810: ff4c 8b54 | 2428 4c89 | 5424 304c | 8b54 2470 | 4c89 5424 | 284c 8b54 | 2460 4c89 | 5424 2048 
  0x000002cd5cb45830: 8b6c 2468 

  0x000002cd5cb45834: ;   {metadata('java/lang/String')}
  0x000002cd5cb45834: 48ba 9020 | 0400 0800 | 0000 6690 

  0x000002cd5cb45840: ;   {runtime_call _new_instance_Java}
  0x000002cd5cb45840: c5f8 77e8 

  0x000002cd5cb45844: ; ImmutableOopMap {rbp=Oop [32]=Oop [48]=Oop [96]=Oop [104]=Oop }
                      ;*new {reexecute=0 rethrow=0 return_oop=1}
                      ; - java.lang.StringConcatHelper::simpleConcat@17
                      ; - java.lang.String::concat@11
                      ; - java.net.URLClassLoader$1::run@13
                      ; - java.net.URLClassLoader$1::run@1
                      ; - java.security.AccessController::executePrivileged@29
                      ; - java.security.AccessController::doPrivileged@13
                      ; - java.net.URLClassLoader::findClass@13
  0x000002cd5cb45844: b878 3dff 

  0x000002cd5cb45848: ;   {other}
  0x000002cd5cb45848: 0f1f 8400 | 3841 002f | 4c8b 5424 | 284c 8954 | 2470 4c8b | 5424 304c | 8954 2428 | e90d d6ff 
  0x000002cd5cb45868: ff4d 8b53 

  0x000002cd5cb4586c: ;   {metadata('java/lang/Exception')}
  0x000002cd5cb4586c: 4049 bb30 | 3e04 0008 | 0000 0066 | 0f1f 8400 | 0000 0000 | 4d3b d30f | 859c 1700 | 004c 8bd3 
  0x000002cd5cb4588c: 4c89 5424 | 2849 8b87 | b801 0000 | 4c8b d049 | 83c2 2890 | 4d3b 97c8 | 0100 000f | 830a 3200 
  0x000002cd5cb458ac: 004d 8997 | b801 0000 | 410f 0d8a | c000 0000 | 48c7 0001 

  0x000002cd5cb458c0: ;   {metadata('java/security/PrivilegedActionException')}
  0x000002cd5cb458c0: 0000 00c7 | 4008 08cb | 0b00 4489 | 600c 4c89 | 6010 4c89 | 6018 4c89 | 6020 488b | e848 8bd5 
  0x000002cd5cb458e0: 4c8b 4424 | 2866 6690 

  0x000002cd5cb458e8: ;   {optimized virtual_call}
  0x000002cd5cb458e8: c5f8 77e8 

  0x000002cd5cb458ec: ; ImmutableOopMap {rbp=Oop [96]=Oop }
                      ;*invokespecial <init> {reexecute=0 rethrow=0 return_oop=0}
                      ; - java.security.AccessController::wrapException@5
                      ; - java.security.AccessController::doPrivileged@22
                      ; - java.net.URLClassLoader::findClass@13
  0x000002cd5cb458ec: 9091 31ff 

  0x000002cd5cb458f0: ;   {other}
  0x000002cd5cb458f0: 0f1f 8400 | e041 0030 | 488b d590 

  0x000002cd5cb458fc: ;   {optimized virtual_call}
  0x000002cd5cb458fc: c5f8 77e8 

  0x000002cd5cb45900: ; ImmutableOopMap {}
                      ;*invokevirtual getException {reexecute=0 rethrow=0 return_oop=1}
                      ; - java.net.URLClassLoader::findClass@25
  0x000002cd5cb45900: 7c91 31ff 

  0x000002cd5cb45904: ;   {other}
  0x000002cd5cb45904: 0f1f 8400 | f441 0031 

  0x000002cd5cb4590c: ; implicit exception: dispatches to 0x000002cd5cb49930
  0x000002cd5cb4590c: 448b 5808 

  0x000002cd5cb45910: ;   {metadata('java/lang/ClassNotFoundException')}
  0x000002cd5cb45910: 4181 fb00 | 5304 000f | 8588 3500 | 0048 8bd0 | e9f6 cdff | ff49 8be8 | 498b d090 

  0x000002cd5cb4592c: ;   {optimized virtual_call}
  0x000002cd5cb4592c: c5f8 77e8 

  0x000002cd5cb45930: ; ImmutableOopMap {rbp=Oop [40]=Oop [48]=Oop [56]=Oop [96]=Oop [104]=Oop [120]=Oop [128]=NarrowOop [132]=NarrowOop [240]=Oop }
                      ;*invokevirtual getManEntry {reexecute=0 rethrow=0 return_oop=1}
                      ; - java.util.jar.JarFile::getManifestFromReference@27
                      ; - java.util.jar.JarFile::getManifest@1
                      ; - java.util.jar.JarFile::maybeInstantiateVerifier@31
                      ; - java.util.jar.JarFile::ensureInitialization@1
                      ; - java.util.jar.JavaUtilJarAccessImpl::ensureInitialization@1
                      ; - jdk.internal.loader.URLClassPath$JarLoader$2::getManifest@10
                      ; - java.net.URLClassLoader::defineClass@34
                      ; - java.net.URLClassLoader$1::run@43
                      ; - java.net.URLClassLoader$1::run@1
                      ; - java.security.AccessController::executePrivileged@29
                      ; - java.security.AccessController::doPrivileged@13
                      ; - java.net.URLClassLoader::findClass@13
  0x000002cd5cb45930: 4c91 31ff 

  0x000002cd5cb45934: ;   {other}
  0x000002cd5cb45934: 0f1f 8400 | 2442 0032 | 0f1f 4000 | 4885 c00f | 84a4 eeff | ff4c 8bc5 | 450f b658 | 1245 85db 
  0x000002cd5cb45954: 0f85 fb02 | 0000 498b | d04c 8bc0 

  0x000002cd5cb45960: ;   {optimized virtual_call}
  0x000002cd5cb45960: c5f8 77e8 

  0x000002cd5cb45964: ; ImmutableOopMap {rbp=Oop [40]=Oop [48]=Oop [56]=Oop [96]=Oop [104]=Oop [120]=Oop [128]=NarrowOop [132]=NarrowOop [240]=Oop }
                      ;*invokespecial getInputStream {reexecute=0 rethrow=0 return_oop=1}
                      ; - java.util.jar.JarFile::getManifestFromReference@130
                      ; - java.util.jar.JarFile::getManifest@1
                      ; - java.util.jar.JarFile::maybeInstantiateVerifier@31
                      ; - java.util.jar.JarFile::ensureInitialization@1
                      ; - java.util.jar.JavaUtilJarAccessImpl::ensureInitialization@1
                      ; - jdk.internal.loader.URLClassPath$JarLoader$2::getManifest@10
                      ; - java.net.URLClassLoader::defineClass@34
                      ; - java.net.URLClassLoader$1::run@43
                      ; - java.net.URLClassLoader$1::run@1
                      ; - java.security.AccessController::executePrivileged@29
                      ; - java.security.AccessController::doPrivileged@13
                      ; - java.net.URLClassLoader::findClass@13
  0x000002cd5cb45964: 1891 31ff 

  0x000002cd5cb45968: ;   {other}
  0x000002cd5cb45968: 0f1f 8400 | 5842 0033 | 4889 4424 | 4849 8b87 | b801 0000 | 4c8b d049 | 83c2 184d | 3b97 c801 
  0x000002cd5cb45988: 0000 0f83 | 2d34 0000 | 4d89 97b8 | 0100 0041 | 0f0d 8ac0 | 0000 0048 | c700 0100 

  0x000002cd5cb459a4: ;   {metadata('java/util/jar/Manifest')}
  0x000002cd5cb459a4: 0000 c740 | 0810 4c05 | 0044 8960 | 0c4c 8960 | 104c 8bd8 | 4c8b c545 | 8b48 1449 | 8b87 b801 
  0x000002cd5cb459c4: 0000 4c8b | d049 83c2 | 104d 3b97 | c801 0000 | 0f83 b233 | 0000 4d89 | 97b8 0100 | 0041 0f0d 
  0x000002cd5cb459e4: 8ac0 0000 | 0048 c700 | 0100 0000 

  0x000002cd5cb459f0: ;   {metadata('java/util/jar/Attributes')}
  0x000002cd5cb459f0: c740 0868 | 8409 0044 | 8960 0c4c | 8944 2458 | 4c89 5c24 | 7044 894c | 2444 488b | e849 8b87 
  0x000002cd5cb45a10: b801 0000 | 4c8b d049 | 83c2 400f | 1f44 0000 | 4d3b 97c8 | 0100 000f | 83b0 3300 | 004d 8997 
  0x000002cd5cb45a30: b801 0000 | 410f 0d8a | c000 0000 | 48c7 0001 

  0x000002cd5cb45a40: ;   {metadata('java/util/LinkedHashMap')}
  0x000002cd5cb45a40: 0000 00c7 | 4008 4869 | 0000 4489 | 600c 4c89 | 6010 4c89 | 6018 4c89 | 6020 4c89 | 6028 4c89 
  0x000002cd5cb45a60: 6030 4c89 | 6038 4c8b | d04c 8994 | 2488 0000 | 00ba 1000 | 0000 6690 

  0x000002cd5cb45a78: ;   {static_call}
  0x000002cd5cb45a78: c5f8 77e8 

  0x000002cd5cb45a7c: ; ImmutableOopMap {rbp=Oop [40]=Oop [48]=Oop [56]=Oop [68]=NarrowOop [72]=Oop [88]=Oop [96]=Oop [104]=Oop [112]=Oop [120]=Oop [128]=NarrowOop [132]=NarrowOop [136]=Oop [240]=Oop }
                      ;*invokestatic calculateHashMapCapacity {reexecute=0 rethrow=0 return_oop=0}
                      ; - java.util.LinkedHashMap::newLinkedHashMap@36
                      ; - java.util.jar.Attributes::<init>@6
                      ; - java.util.jar.Attributes::<init>@3
                      ; - java.util.jar.Manifest::<init>@9
                      ; - java.util.jar.Manifest::<init>@4
                      ; - java.util.jar.JarFile::getManifestFromReference@143
                      ; - java.util.jar.JarFile::getManifest@1
                      ; - java.util.jar.JarFile::maybeInstantiateVerifier@31
                      ; - java.util.jar.JarFile::ensureInitialization@1
                      ; - java.util.jar.JavaUtilJarAccessImpl::ensureInitialization@1
                      ; - jdk.internal.loader.URLClassPath$JarLoader$2::getManifest@10
                      ; - java.net.URLClassLoader::defineClass@34
                      ; - java.net.URLClassLoader$1::run@43
                      ; - java.net.URLClassLoader$1::run@1
                      ; - java.security.AccessController::executePrivileged@29
                      ; - java.security.AccessController::doPrivileged@13
                      ; - java.net.URLClassLoader::findClass@13
  0x000002cd5cb45a7c: 0096 31ff 

  0x000002cd5cb45a80: ;   {other}
  0x000002cd5cb45a80: 0f1f 8400 | 7043 0034 | 488b 9424 | 8800 0000 | 448b c090 

  0x000002cd5cb45a94: ;   {optimized virtual_call}
  0x000002cd5cb45a94: c5f8 77e8 

  0x000002cd5cb45a98: ; ImmutableOopMap {rbp=Oop [40]=Oop [48]=Oop [56]=Oop [68]=NarrowOop [72]=Oop [88]=Oop [96]=Oop [104]=Oop [112]=Oop [120]=Oop [128]=NarrowOop [132]=NarrowOop [136]=Oop [240]=Oop }
                      ;*invokespecial <init> {reexecute=0 rethrow=0 return_oop=0}
                      ; - java.util.LinkedHashMap::newLinkedHashMap@39
                      ; - java.util.jar.Attributes::<init>@6
                      ; - java.util.jar.Attributes::<init>@3
                      ; - java.util.jar.Manifest::<init>@9
                      ; - java.util.jar.Manifest::<init>@4
                      ; - java.util.jar.JarFile::getManifestFromReference@143
                      ; - java.util.jar.JarFile::getManifest@1
                      ; - java.util.jar.JarFile::maybeInstantiateVerifier@31
                      ; - java.util.jar.JarFile::ensureInitialization@1
                      ; - java.util.jar.JavaUtilJarAccessImpl::ensureInitialization@1
                      ; - jdk.internal.loader.URLClassPath$JarLoader$2::getManifest@10
                      ; - java.net.URLClassLoader::defineClass@34
                      ; - java.net.URLClassLoader$1::run@43
                      ; - java.net.URLClassLoader$1::run@1
                      ; - java.security.AccessController::executePrivileged@29
                      ; - java.security.AccessController::doPrivileged@13
                      ; - java.net.URLClassLoader::findClass@13
  0x000002cd5cb45a98: e48f 31ff 

  0x000002cd5cb45a9c: ;   {other}
  0x000002cd5cb45a9c: 0f1f 8400 | 8c43 0035 | 4180 7f40 | 000f 8598 | 2e00 004c | 8bd5 4c8b | 9c24 8800 | 0000 4d33 
  0x000002cd5cb45abc: da4c 8b84 | 2488 0000 | 0049 c1e8 | 0344 8945 | 0c49 c1eb | 1548 8bdd | 48c1 eb03 | 448b 4c24 
  0x000002cd5cb45adc: 444d 8bc1 | 49c1 e003 | 4c89 8424 | 8800 0000 | 4d85 db74 | 1a49 c1ea | 0948 b900 | 00c1 60cd 
  0x000002cd5cb45afc: 0200 0049 | 03ca 8039 | 020f 855a | 2f00 0041 | 807f 4000 | 0f85 a92d | 0000 4c8b | 5424 7041 
  0x000002cd5cb45b1c: 895a 0c4c | 8bd5 4c8b | 5c24 704d | 33d3 49c1 | ea15 4d85 | d274 1a49 | c1eb 0948 | b900 00c1 
  0x000002cd5cb45b3c: 60cd 0200 | 0049 03cb | 8039 020f | 8572 2e00 | 004d 8b97 | b801 0000 | 4d8b da49 | 83c3 300f 
  0x000002cd5cb45b5c: 1f44 0000 | 4d3b 9fc8 | 0100 000f | 8390 3200 | 004d 899f | b801 0000 | 410f 0d8b | c000 0000 
  0x000002cd5cb45b7c: 4d8b c249 | c700 0100 

  0x000002cd5cb45b84: ;   {metadata('java/util/HashMap')}
  0x000002cd5cb45b84: 0000 41c7 | 4008 78dd | 0600 4589 | 600c 4d89 | 6010 4d89 | 6018 4d89 | 6028 49c7 | 4020 0000 
  0x000002cd5cb45ba4: 403f 4180 | 7f40 000f | 854e 2d00 | 004c 8b4c | 2470 4d8b | d849 c1eb | 0345 8959 | 104d 8bd1 
  0x000002cd5cb45bc4: 4d8b d84d | 33da 49c1 | eb15 4d85 | db74 1a49 | c1ea 0948 | b900 00c1 | 60cd 0200 | 0049 03ca 
  0x000002cd5cb45be4: 8039 020f | 8523 2e00 | 0049 8be9 | 498b d14c | 8b44 2448 | 4c8b 8c24 | 8800 0000 

  0x000002cd5cb45c00: ;   {optimized virtual_call}
  0x000002cd5cb45c00: c5f8 77e8 

  0x000002cd5cb45c04: ; ImmutableOopMap {rbp=Oop [40]=Oop [48]=Oop [56]=Oop [72]=Oop [88]=Oop [96]=Oop [104]=Oop [120]=Oop [128]=NarrowOop [132]=NarrowOop [240]=Oop }
                      ;*invokevirtual read {reexecute=0 rethrow=0 return_oop=0}
                      ; - java.util.jar.Manifest::<init>@29
                      ; - java.util.jar.Manifest::<init>@4
                      ; - java.util.jar.JarFile::getManifestFromReference@143
                      ; - java.util.jar.JarFile::getManifest@1
                      ; - java.util.jar.JarFile::maybeInstantiateVerifier@31
                      ; - java.util.jar.JarFile::ensureInitialization@1
                      ; - java.util.jar.JavaUtilJarAccessImpl::ensureInitialization@1
                      ; - jdk.internal.loader.URLClassPath$JarLoader$2::getManifest@10
                      ; - java.net.URLClassLoader::defineClass@34
                      ; - java.net.URLClassLoader$1::run@43
                      ; - java.net.URLClassLoader$1::run@1
                      ; - java.security.AccessController::executePrivileged@29
                      ; - java.security.AccessController::doPrivileged@13
                      ; - java.net.URLClassLoader::findClass@13
  0x000002cd5cb45c04: 788e 31ff 

  0x000002cd5cb45c08: ;   {other}
  0x000002cd5cb45c08: 0f1f 8400 | f844 0036 | 4180 7f40 | 000f 8564 | 2d00 004c | 8bc5 4589 | 6014 4c8b | 4c24 4845 
  0x000002cd5cb45c28: ;   {metadata('java/util/zip/ZipFile$ZipFileInflaterInputStream')}
  0x000002cd5cb45c28: 8b59 0841 | 81fb 086d | 0900 0f85 | b319 0000 | 498b e849 | 8bd1 6690 

  0x000002cd5cb45c40: ;   {optimized virtual_call}
  0x000002cd5cb45c40: c5f8 77e8 

  0x000002cd5cb45c44: ; ImmutableOopMap {rbp=Oop [40]=Oop [48]=Oop [56]=Oop [88]=Oop [96]=Oop [104]=Oop [120]=Oop [128]=NarrowOop [132]=NarrowOop [240]=Oop }
                      ;*invokevirtual close {reexecute=0 rethrow=0 return_oop=0}
                      ; - java.util.jar.JarFile::getManifestFromReference@152
                      ; - java.util.jar.JarFile::getManifest@1
                      ; - java.util.jar.JarFile::maybeInstantiateVerifier@31
                      ; - java.util.jar.JarFile::ensureInitialization@1
                      ; - java.util.jar.JavaUtilJarAccessImpl::ensureInitialization@1
                      ; - jdk.internal.loader.URLClassPath$JarLoader$2::getManifest@10
                      ; - java.net.URLClassLoader::defineClass@34
                      ; - java.net.URLClassLoader$1::run@43
                      ; - java.net.URLClassLoader$1::run@1
                      ; - java.security.AccessController::executePrivileged@29
                      ; - java.security.AccessController::doPrivileged@13
                      ; - java.net.URLClassLoader::findClass@13
  0x000002cd5cb45c44: 388e 31ff 

  0x000002cd5cb45c48: ;   {other}
  0x000002cd5cb45c48: 0f1f 8400 | 3845 0037 | e960 0d00 | 0048 8944 | 2448 498b | d04c 8bc0 

  0x000002cd5cb45c60: ;   {optimized virtual_call}
  0x000002cd5cb45c60: c5f8 77e8 

  0x000002cd5cb45c64: ; ImmutableOopMap {rbp=Oop [40]=Oop [48]=Oop [56]=Oop [72]=Oop [96]=Oop [104]=Oop [120]=Oop [128]=NarrowOop [132]=NarrowOop [240]=Oop }
                      ;*invokevirtual getBytes {reexecute=0 rethrow=0 return_oop=1}
                      ; - java.util.jar.JarFile::getManifestFromReference@44
                      ; - java.util.jar.JarFile::getManifest@1
                      ; - java.util.jar.JarFile::maybeInstantiateVerifier@31
                      ; - java.util.jar.JarFile::ensureInitialization@1
                      ; - java.util.jar.JavaUtilJarAccessImpl::ensureInitialization@1
                      ; - jdk.internal.loader.URLClassPath$JarLoader$2::getManifest@10
                      ; - java.net.URLClassLoader::defineClass@34
                      ; - java.net.URLClassLoader$1::run@43
                      ; - java.net.URLClassLoader$1::run@1
                      ; - java.security.AccessController::executePrivileged@29
                      ; - java.security.AccessController::doPrivileged@13
                      ; - java.net.URLClassLoader::findClass@13
  0x000002cd5cb45c64: 188e 31ff 

  0x000002cd5cb45c68: ;   {other}
  0x000002cd5cb45c68: 0f1f 8400 | 5845 0038 | 4889 4424 | 704c 8bc5 | 410f b668 | 1166 6690 | 85ed 0f85 | ff33 0000 
  0x000002cd5cb45c88: 4c89 8424 | 8800 0000 | 498b d090 

  0x000002cd5cb45c94: ;   {optimized virtual_call}
  0x000002cd5cb45c94: c5f8 77e8 

  0x000002cd5cb45c98: ; ImmutableOopMap {[40]=Oop [48]=Oop [56]=Oop [72]=Oop [96]=Oop [104]=Oop [112]=Oop [120]=Oop [128]=NarrowOop [132]=NarrowOop [136]=Oop [240]=Oop }
                      ;*invokevirtual getManifestNum {reexecute=0 rethrow=0 return_oop=0}
                      ; - java.util.zip.ZipFile$1::getManifestNum@1
                      ; - java.util.jar.JarFile::getManifestFromReference@59
                      ; - java.util.jar.JarFile::getManifest@1
                      ; - java.util.jar.JarFile::maybeInstantiateVerifier@31
                      ; - java.util.jar.JarFile::ensureInitialization@1
                      ; - java.util.jar.JavaUtilJarAccessImpl::ensureInitialization@1
                      ; - jdk.internal.loader.URLClassPath$JarLoader$2::getManifest@10
                      ; - java.net.URLClassLoader::defineClass@34
                      ; - java.net.URLClassLoader$1::run@43
                      ; - java.net.URLClassLoader$1::run@1
                      ; - java.security.AccessController::executePrivileged@29
                      ; - java.security.AccessController::doPrivileged@13
                      ; - java.net.URLClassLoader::findClass@13
  0x000002cd5cb45c98: e48d 31ff 

  0x000002cd5cb45c9c: ;   {other}
  0x000002cd5cb45c9c: 0f1f 8400 | 8c45 0039 | 83f8 010f | 853f 3400 | 0049 8b87 | b801 0000 | 4c8b d049 | 83c2 400f 
  0x000002cd5cb45cbc: 1f44 0000 | 4d3b 97c8 | 0100 000f | 832f 2e00 | 004d 8997 | b801 0000 | 410f 0d8a | c000 0000 
  0x000002cd5cb45cdc: 48c7 0001 

  0x000002cd5cb45ce0: ;   {metadata('java/util/jar/JarVerifier')}
  0x000002cd5cb45ce0: 0000 00c7 | 4008 f87e | 0900 4489 | 600c 4c89 | 6010 4c89 | 6018 4c89 | 6020 4c89 | 6028 4c89 
  0x000002cd5cb45d00: 6030 4c89 | 6038 4c8b | c04c 8b4c | 2448 458b 

  0x000002cd5cb45d10: ;   {metadata('java/util/jar/JarFile$JarFileEntry')}
  0x000002cd5cb45d10: 5908 4181 | fbf8 6309 | 000f 85a1 | 3100 004d | 8bd1 41c6 | 400e 0145 | 8b52 6045 | 8950 3041 
  0x000002cd5cb45d30: c640 0d01 | 498b d84c | 8b5c 2470 | 4d8b c349 | c1e8 0344 | 8944 2444 | 4d8b da49 | c1e3 034c 
  0x000002cd5cb45d50: 8bc3 4d33 | d849 c1eb | 154d 85db | 7421 6690 | 4585 d274 | 1a49 c1e8 | 0948 b900 | 00c1 60cd 
  0x000002cd5cb45d70: 0200 0049 | 03c8 8039 | 020f 8546 | 2a00 0090 | 4180 7f40 | 000f 855f | 2100 004c | 8bc3 448b 
  0x000002cd5cb45d90: 5c24 4445 | 8958 2c4d | 8bd0 4c89 | 8424 9000 | 0000 4c8b | 5c24 704d | 33da 49c1 | eb15 4d85 
  0x000002cd5cb45db0: db74 2f4c | 8b5c 2470 | 4d85 db74 | 2049 8bdb | 49c1 ea09 | 48b9 0000 | c160 cd02 | 0000 4903 
  0x000002cd5cb45dd0: ca80 3902 | 0f85 3d2a | 0000 4c8b | db4c 895c | 2470 498b | 87b8 0100 | 004c 8bd0 | 4983 c230 
  0x000002cd5cb45df0: 4d3b 97c8 | 0100 000f | 8320 2d00 | 004d 8997 | b801 0000 | 410f 0d8a | c000 0000 | 48c7 0001 
  0x000002cd5cb45e10: ;   {no_reloc}
  0x000002cd5cb45e10: 0000 00c7 | 4008 509b | 0400 4489 | 600c 4c89 | 6010 4c89 | 6018 4c89 | 6020 4c89 | 6028 488b 
  0x000002cd5cb45e30: ;   {section_word}
  0x000002cd5cb45e30: e8c5 fa10 | 05cf c1ff | ff66 6690 

  0x000002cd5cb45e3c: ;   {static_call}
  0x000002cd5cb45e3c: c5f8 77e8 

  0x000002cd5cb45e40: ; ImmutableOopMap {rbp=Oop [40]=Oop [48]=Oop [56]=Oop [68]=NarrowOop [96]=Oop [104]=Oop [112]=Oop [120]=Oop [128]=NarrowOop [132]=NarrowOop [136]=Oop [144]=Oop [240]=Oop }
                      ;*invokestatic isNaN {reexecute=0 rethrow=0 return_oop=0}
                      ; - java.util.Hashtable::<init>@47
                      ; - java.util.Hashtable::<init>@5
                      ; - java.util.jar.JarVerifier::<init>@39
                      ; - java.util.jar.JarFile::getManifestFromReference@78
                      ; - java.util.jar.JarFile::getManifest@1
                      ; - java.util.jar.JarFile::maybeInstantiateVerifier@31
                      ; - java.util.jar.JarFile::ensureInitialization@1
                      ; - java.util.jar.JavaUtilJarAccessImpl::ensureInitialization@1
                      ; - jdk.internal.loader.URLClassPath$JarLoader$2::getManifest@10
                      ; - java.net.URLClassLoader::defineClass@34
                      ; - java.net.URLClassLoader$1::run@43
                      ; - java.net.URLClassLoader$1::run@1
                      ; - java.security.AccessController::executePrivileged@29
                      ; - java.security.AccessController::doPrivileged@13
                      ; - java.net.URLClassLoader::findClass@13
  0x000002cd5cb45e40: 3c92 31ff 

  0x000002cd5cb45e44: ;   {other}
  0x000002cd5cb45e44: 0f1f 8400 | 3447 003a | 85c0 0f85 | dc30 0000 | c745 1400 | 0040 3f4d | 8b97 b801 | 0000 4d8b 
  0x000002cd5cb45e64: da49 83c3 | 404d 3b9f | c801 0000 | 0f83 e72c | 0000 4d89 | 9fb8 0100 | 0041 0f0d | 8bc0 0000 
  0x000002cd5cb45e84: 0049 c702 | 0100 0000 | 410f 0d8b | 0001 0000 

  0x000002cd5cb45e94: ;   {metadata('java/util/Hashtable$Entry'[])}
  0x000002cd5cb45e94: 41c7 4208 | 08f1 0700 | 410f 0d8b | 4001 0000 | 41c7 420c | 0b00 0000 | 410f 0d8b | 8001 0000 
  0x000002cd5cb45eb4: 4d89 6210 | 4d89 6218 | 4d89 6220 | 4d89 6228 | 4d89 6230 | 4d89 6238 | 498b da41 | 807f 4000 
  0x000002cd5cb45ed4: 0f85 8c20 | 0000 4c8b | d34d 8bda | 49c1 eb03 | 4489 5d1c | 4c8b dd4d | 33d3 488b | fd48 c1ef 
  0x000002cd5cb45ef4: 0349 c1ea | 154d 85d2 | 741a 49c1 | eb09 48b9 | 0000 c160 | cd02 0000 | 4903 cb80 | 3902 0f85 
  0x000002cd5cb45f14: cd23 0000 | 0f1f 8400 | 0000 0000 | 4180 7f40 | 000f 85fc | 1f00 004c | 8b94 2490 | 0000 0041 
  0x000002cd5cb45f34: 897a 14c7 | 4510 0800 | 0000 4c8b | d54c 8b9c | 2490 0000 | 004d 33d3 | 49c1 ea15 | 4d85 d274 
  0x000002cd5cb45f54: 1a49 c1eb | 0948 b900 | 00c1 60cd | 0200 0049 | 03cb 8039 | 020f 85c8 | 2300 0049 | 8b87 b801 
  0x000002cd5cb45f74: 0000 4c8b | d049 83c2 | 3066 6690 | 4d3b 97c8 | 0100 000f | 83b0 2b00 | 004d 8997 

  0x000002cd5cb45f90: ;   {no_reloc}
  0x000002cd5cb45f90: b801 0000 | 410f 0d8a | c000 0000 | 48c7 0001 

  0x000002cd5cb45fa0: ;   {metadata('java/util/Hashtable')}
  0x000002cd5cb45fa0: 0000 00c7 | 4008 509b | 0400 4489 | 600c 4c89 | 6010 4c89 | 6018 4c89 | 6020 4c89 | 6028 488b 
  0x000002cd5cb45fc0: ;   {section_word}
  0x000002cd5cb45fc0: e8c5 fa10 | 053f c0ff | ff66 6690 

  0x000002cd5cb45fcc: ;   {static_call}
  0x000002cd5cb45fcc: c5f8 77e8 

  0x000002cd5cb45fd0: ; ImmutableOopMap {rbp=Oop [40]=Oop [48]=Oop [56]=Oop [68]=NarrowOop [96]=Oop [104]=Oop [112]=Oop [120]=Oop [128]=NarrowOop [132]=NarrowOop [136]=Oop [144]=Oop [240]=Oop }
                      ;*invokestatic isNaN {reexecute=0 rethrow=0 return_oop=0}
                      ; - java.util.Hashtable::<init>@47
                      ; - java.util.Hashtable::<init>@5
                      ; - java.util.jar.JarVerifier::<init>@50
                      ; - java.util.jar.JarFile::getManifestFromReference@78
                      ; - java.util.jar.JarFile::getManifest@1
                      ; - java.util.jar.JarFile::maybeInstantiateVerifier@31
                      ; - java.util.jar.JarFile::ensureInitialization@1
                      ; - java.util.jar.JavaUtilJarAccessImpl::ensureInitialization@1
                      ; - jdk.internal.loader.URLClassPath$JarLoader$2::getManifest@10
                      ; - java.net.URLClassLoader::defineClass@34
                      ; - java.net.URLClassLoader$1::run@43
                      ; - java.net.URLClassLoader$1::run@1
                      ; - java.security.AccessController::executePrivileged@29
                      ; - java.security.AccessController::doPrivileged@13
                      ; - java.net.URLClassLoader::findClass@13
  0x000002cd5cb45fd0: ac90 31ff 

  0x000002cd5cb45fd4: ;   {other}
  0x000002cd5cb45fd4: 0f1f 8400 | c448 003b | 0f1f 4000 | 85c0 0f85 | a42f 0000 | c745 1400 | 0040 3f4d | 8b97 b801 
  0x000002cd5cb45ff4: 0000 4d8b | da49 83c3 | 4066 6690 | 4d3b 9fc8 | 0100 000f | 837b 2b00 | 004d 899f | b801 0000 
  0x000002cd5cb46014: 410f 0d8b | c000 0000 | 49c7 0201 | 0000 0041 | 0f0d 8b00 

  0x000002cd5cb46028: ;   {metadata('java/util/Hashtable$Entry'[])}
  0x000002cd5cb46028: 0100 0041 | c742 0808 | f107 0041 | 0f0d 8b40 | 0100 0041 | c742 0c0b | 0000 0041 | 0f0d 8b80 
  0x000002cd5cb46048: 0100 004d | 8962 104d | 8962 184d | 8962 204d | 8962 284d | 8962 304d | 8962 3849 | 8bda 4180 
  0x000002cd5cb46068: 7f40 000f | 856e 1f00 | 004c 8bd3 | 49c1 ea03 | 4489 551c | 4c8b d34c | 8bdd 4d33 | d348 8bdd 
  0x000002cd5cb46088: 48c1 eb03 | 49c1 ea15 | 4d85 d274 | 1a49 c1eb | 0948 b900 | 00c1 60cd | 0200 0049 | 03cb 8039 
  0x000002cd5cb460a8: 020f 85d9 | 2200 0041 | 807f 4000 | 0f85 e51e | 0000 4c8b | 9424 9000 | 0000 4189 | 5a10 c745 
  0x000002cd5cb460c8: 1008 0000 | 004c 8bd5 | 4c8b 9c24 | 9000 0000 | 4d33 d349 | c1ea 1590 | 4d85 d274 | 1a49 c1eb 
  0x000002cd5cb460e8: 0948 b900 | 00c1 60cd | 0200 0049 | 03cb 8039 | 020f 85da | 2200 0049 | 8b87 b801 | 0000 4c8b 
  0x000002cd5cb46108: d049 83c2 | 304d 3b97 | c801 0000 | 0f83 962a | 0000 4d89 | 97b8 0100 | 0041 0f0d | 8ac0 0000 
  0x000002cd5cb46128: ;   {no_reloc}
  0x000002cd5cb46128: 0048 c700 | 0100 0000 

  0x000002cd5cb46130: ;   {metadata('java/util/Hashtable')}
  0x000002cd5cb46130: c740 0850 | 9b04 0044 | 8960 0c4c | 8960 104c | 8960 184c | 8960 204c | 8960 2848 

  0x000002cd5cb4614c: ;   {section_word}
  0x000002cd5cb4614c: 8be8 c5fa | 1005 b2be | ffff 6690 

  0x000002cd5cb46158: ;   {static_call}
  0x000002cd5cb46158: c5f8 77e8 

  0x000002cd5cb4615c: ; ImmutableOopMap {rbp=Oop [40]=Oop [48]=Oop [56]=Oop [68]=NarrowOop [96]=Oop [104]=Oop [112]=Oop [120]=Oop [128]=NarrowOop [132]=NarrowOop [136]=Oop [144]=Oop [240]=Oop }
                      ;*invokestatic isNaN {reexecute=0 rethrow=0 return_oop=0}
                      ; - java.util.Hashtable::<init>@47
                      ; - java.util.Hashtable::<init>@4
                      ; - java.util.jar.JarVerifier::<init>@63
                      ; - java.util.jar.JarFile::getManifestFromReference@78
                      ; - java.util.jar.JarFile::getManifest@1
                      ; - java.util.jar.JarFile::maybeInstantiateVerifier@31
                      ; - java.util.jar.JarFile::ensureInitialization@1
                      ; - java.util.jar.JavaUtilJarAccessImpl::ensureInitialization@1
                      ; - jdk.internal.loader.URLClassPath$JarLoader$2::getManifest@10
                      ; - java.net.URLClassLoader::defineClass@34
                      ; - java.net.URLClassLoader$1::run@43
                      ; - java.net.URLClassLoader$1::run@1
                      ; - java.security.AccessController::executePrivileged@29
                      ; - java.security.AccessController::doPrivileged@13
                      ; - java.net.URLClassLoader::findClass@13
  0x000002cd5cb4615c: 208f 31ff 

  0x000002cd5cb46160: ;   {other}
  0x000002cd5cb46160: 0f1f 8400 | 504a 003c | 85c0 0f85 | 782e 0000 | c745 1400 | 0040 3f4d | 8b97 b801 | 0000 4d8b 
  0x000002cd5cb46180: da49 83c3 | 404d 3b9f | c801 0000 | 0f83 3b2b | 0000 4d89 | 9fb8 0100 | 0041 0f0d | 8bc0 0000 
  0x000002cd5cb461a0: 0049 c702 | 0100 0000 | 410f 0d8b | 0001 0000 

  0x000002cd5cb461b0: ;   {metadata('java/util/Hashtable$Entry'[])}
  0x000002cd5cb461b0: 41c7 4208 | 08f1 0700 | 410f 0d8b | 4001 0000 | 41c7 420c | 0b00 0000 | 410f 0d8b | 8001 0000 
  0x000002cd5cb461d0: 4d89 6210 | 4d89 6218 | 4d89 6220 | 4d89 6228 | 4d89 6230 | 4d89 6238 | 498b da41 | 807f 4000 
  0x000002cd5cb461f0: 0f85 a91f | 0000 4c8b | d34d 8bda | 49c1 eb03 | 4489 5d1c | 4c8b 9424 | 9000 0000 | 4d8b da49 
  0x000002cd5cb46210: c1eb 0344 | 899c 24e8 | 0000 0048 | 8bf5 48c1 | ee03 4c8b | d54c 8bdb | 4d33 da49 | c1eb 154d 
  0x000002cd5cb46230: 85db 741a | 49c1 ea09 | 48b9 0000 | c160 cd02 | 0000 4903 | ca80 3902 | 0f85 2924 | 0000 4180 
  0x000002cd5cb46250: 7f40 000f | 8506 1f00 | 004c 8b94 | 2490 0000 | 0041 8972 | 18c7 4510 | 0800 0000 | 4c8b d54c 
  0x000002cd5cb46270: 8b9c 2490 | 0000 004d | 33d3 49c1 | ea15 6690 | 4d85 d274 | 1a49 c1eb | 0948 b900 | 00c1 60cd 
  0x000002cd5cb46290: 0200 0049 | 03cb 8039 | 020f 85da | 2200 004d | 8b97 b801 | 0000 4d8b | da49 83c3 

  0x000002cd5cb462ac: ;   {no_reloc}
  0x000002cd5cb462ac: 184d 3b9f | c801 0000 | 0f83 a329 | 0000 4d89 | 9fb8 0100 | 0041 0f0d | 8bc0 0000 | 0049 c702 
  0x000002cd5cb462cc: 0100 0000 

  0x000002cd5cb462d0: ;   {metadata('java/util/ArrayList')}
  0x000002cd5cb462d0: 41c7 4208 | 107e 0500 | 4589 620c | 4589 6210 

  0x000002cd5cb462e0: ;   {oop(a 'java/lang/Object'[0] {0x00000007004299f0})}
  0x000002cd5cb462e0: 41c7 4214 | 3e53 08e0 | 498b da41 | 807f 4000 | 0f85 291d | 0000 4c8b | d349 c1ea | 034c 8b9c 
  0x000002cd5cb46300: 2490 0000 | 0045 8953 | 1c4d 8bd3 | 4c8b db4d | 33da 49c1 | eb15 4d85 | db74 1a49 | c1ea 0948 
  0x000002cd5cb46320: b900 00c1 | 60cd 0200 | 0049 03ca | 8039 020f | 85f0 2200 | 004d 8b97 | b801 0000 | 4d8b da49 
  0x000002cd5cb46340: 83c3 184d | 3b9f c801 | 0000 0f83 | a428 0000 | 4d89 9fb8 | 0100 0041 | 0f0d 8bc0 | 0000 0049 
  0x000002cd5cb46360: c702 0100 

  0x000002cd5cb46364: ;   {metadata('java/io/ByteArrayOutputStream')}
  0x000002cd5cb46364: 0000 41c7 | 4208 7881 | 0900 4589 | 620c 4d89 | 6210 498b | ea49 8b87 | b801 0000 | 4c8b d049 
  0x000002cd5cb46384: 83c2 304d | 3b97 c801 | 0000 0f83 | 1429 0000 | 4d89 97b8 | 0100 0041 | 0f0d 8ac0 | 0000 0048 
  0x000002cd5cb463a4: c700 0100 | 0000 410f | 0d8a 0001 

  0x000002cd5cb463b0: ;   {metadata({type array byte})}
  0x000002cd5cb463b0: 0000 c740 | 08c8 0a04 | 0041 0f0d | 8a40 0100 | 00c7 400c | 2000 0000 | 410f 0d8a | 8001 0000 
  0x000002cd5cb463d0: 4c89 6010 | 4c89 6018 | 4c89 6020 | 4c89 6028 | 4c8b d549 | 8bfa 48c1 | ef03 4c8b | d049 c1ea 
  0x000002cd5cb463f0: 0344 8955 | 104c 8bd0 | 4c8b dd4d | 33d3 49c1 | ea15 4d85 | d274 2249 | c1eb 0948 | b900 00c1 
  0x000002cd5cb46410: 60cd 0200 | 0049 03cb | 0f1f 8400 | 0000 0000 | 8039 020f | 8501 2000 | 0041 807f | 4000 0f85 
  0x000002cd5cb46430: 2b1c 0000 | 4c8b 9424 | 9000 0000 | 4189 7a24 | 4c8b d54c | 8b9c 2490 | 0000 004d | 33d3 49c1 
  0x000002cd5cb46450: ea15 4d85 | d274 1a49 | c1eb 0948 | b900 00c1 | 60cd 0200 | 0049 03cb | 8039 020f | 85b7 2000 
  0x000002cd5cb46470: 004d 8b97 | b801 0000 | 4d8b da49 | 83c3 1890 | 4d3b 9fc8 | 0100 000f | 83f8 2700 | 004d 899f 
  0x000002cd5cb46490: b801 0000 | 410f 0d8b | c000 0000 | 49c7 0201 

  0x000002cd5cb464a0: ;   {metadata('java/util/ArrayList')}
  0x000002cd5cb464a0: 0000 0041 | c742 0810 | 7e05 0045 | 8962 0c45 

  0x000002cd5cb464b0: ;   {oop(a 'java/lang/Object'[0] {0x00000007004299f0})}
  0x000002cd5cb464b0: 8962 1041 | c742 143e | 5308 e049 | 8bda 6690 | 4180 7f40 | 000f 85d4 | 1b00 004c | 8bd3 49c1 
  0x000002cd5cb464d0: ea03 4c8b | 9c24 9000 | 0000 4589 | 5334 4d8b | d34c 8bdb | 4d33 da49 | c1eb 154d | 85db 741a 
  0x000002cd5cb464f0: 49c1 ea09 | 48b9 0000 | c160 cd02 | 0000 4903 | ca80 3902 | 0f85 cd1f | 0000 4d8b | 97b8 0100 
  0x000002cd5cb46510: 004d 8bda | 4983 c330 | 0f1f 8400 | 0000 0000 | 4d3b 9fc8 | 0100 000f | 83a4 2600 | 004d 899f 
  0x000002cd5cb46530: b801 0000 | 410f 0d8b | c000 0000 | 49c7 0201 

  0x000002cd5cb46540: ;   {metadata('java/util/HashMap')}
  0x000002cd5cb46540: 0000 0041 | c742 0878 | dd06 0045 | 8962 0c4d | 8962 104d | 8962 184d | 8962 2849 | c742 2000 
  0x000002cd5cb46560: 0040 3f49 | 8bda 4180 | 7f40 000f | 856e 1b00 | 004c 8bd3 | 49c1 ea03 | 4c8b 9c24 | 9000 0000 
  0x000002cd5cb46580: 4589 5338 | 4d8b d34c | 8bdb 4d33 | da49 c1eb | 154d 85db | 741a 49c1 | ea09 48b9 | 0000 c160 
  0x000002cd5cb465a0: cd02 0000 | 4903 ca80 | 3902 0f85 | 1a20 0000 | 4180 7f40 | 000f 8564 | 1b00 004c | 8b84 2488 
  0x000002cd5cb465c0: 0000 0044 | 8b9c 24e8 | 0000 0045 | 8958 304c | 8b94 2490 | 0000 004d | 8bd8 4d33 | d349 c1ea 
  0x000002cd5cb465e0: 154d 85d2 | 7423 49c1 | eb09 48b9 | 0000 c160 | cd02 0000 | 4903 cb66 | 0f1f 8400 | 0000 0000 
  0x000002cd5cb46600: 8039 020f | 857c 1e00 | 0049 8b87 | b801 0000 | 4c8b d049 | 83c2 1866 | 0f1f 8400 | 0000 0000 
  0x000002cd5cb46620: 4d3b 97c8 | 0100 000f | 830c 2600 | 004d 8997 | b801 0000 | 410f 0d8a | c000 0000 | 48c7 0001 
  0x000002cd5cb46640: ;   {no_reloc}
  0x000002cd5cb46640: 0000 00c7 | 4008 104c | 0500 4489 | 600c 4c89 | 6010 4c89 | 4424 584c | 8bd0 4c89 | 9424 8800 
  0x000002cd5cb46660: 0000 4c8b | 5424 5845 | 8b52 3044 | 8994 2490 | 0000 0049 | 8b87 b801 | 0000 4c8b | d049 83c2 
  0x000002cd5cb46680: 2044 8b84 | 2490 0000 | 004d 8bd8 | 49c1 e303 | 4c89 5c24 | 4866 6666 | 0f1f 8400 | 0000 0000 
  0x000002cd5cb466a0: 4d3b 97c8 | 0100 000f | 836b 2500 | 004d 8997 | b801 0000 | 410f 0d8a | c000 0000 | 48c7 0001 
  0x000002cd5cb466c0: ;   {metadata('java/io/ByteArrayInputStream')}
  0x000002cd5cb466c0: 0000 00c7 | 4008 7844 | 0500 4489 | 600c 4c89 | 6010 4c89 | 6018 4c8b | d04c 8994 | 2498 0000 
  0x000002cd5cb466e0: 0044 8b5c | 2444 4589 | 5a18 4c8b | 5424 7045 | 8b5a 0c4c | 8b94 2498 | 0000 0045 | 895a 144c 
  0x000002cd5cb46700: 8b54 2458 | 458b 5a14 | 4489 5c24 | 4449 8b87 | b801 0000 | 4c8b d049 | 83c2 100f | 1f44 0000 
  0x000002cd5cb46720: 4d3b 97c8 | 0100 000f | 83cb 2500 | 004d 8997 | b801 0000 | 410f 0d8a | c000 0000 | 48c7 0001 
  0x000002cd5cb46740: ;   {metadata('java/util/jar/Attributes')}
  0x000002cd5cb46740: 0000 00c7 | 4008 6884 | 0900 4489 | 600c 488b | e849 8b87 | b801 0000 | 4c8b d049 | 83c2 4090 
  0x000002cd5cb46760: 4d3b 97c8 | 0100 000f | 83ac 2500 | 004d 8997 | b801 0000 | 410f 0d8a | c000 0000 | 48c7 0001 
  0x000002cd5cb46780: ;   {metadata('java/util/LinkedHashMap')}
  0x000002cd5cb46780: 0000 00c7 | 4008 4869 | 0000 4489 | 600c 4c89 | 6010 4c89 | 6018 4c89 | 6020 4c89 | 6028 4c89 
  0x000002cd5cb467a0: 6030 4c89 | 6038 4c8b | d04c 8954 | 2470 498b | d244 8b44 | 2440 6690 

  0x000002cd5cb467b8: ;   {optimized virtual_call}
  0x000002cd5cb467b8: c5f8 77e8 

  0x000002cd5cb467bc: ; ImmutableOopMap {rbp=Oop [40]=Oop [48]=Oop [56]=Oop [68]=NarrowOop [72]=Oop [88]=Oop [96]=Oop [104]=Oop [112]=Oop [120]=Oop [128]=NarrowOop [132]=NarrowOop [136]=Oop [144]=NarrowOop [152]=Oop [240]=Oop }
                      ;*invokespecial <init> {reexecute=0 rethrow=0 return_oop=0}
                      ; - java.util.LinkedHashMap::<init>@2
                      ; - java.util.LinkedHashMap::newLinkedHashMap@39
                      ; - java.util.jar.Attributes::<init>@6
                      ; - java.util.jar.Attributes::<init>@3
                      ; - java.util.jar.Manifest::<init>@9
                      ; - java.util.jar.JarFile::getManifestFromReference@121
                      ; - java.util.jar.JarFile::getManifest@1
                      ; - java.util.jar.JarFile::maybeInstantiateVerifier@31
                      ; - java.util.jar.JarFile::ensureInitialization@1
                      ; - java.util.jar.JavaUtilJarAccessImpl::ensureInitialization@1
                      ; - jdk.internal.loader.URLClassPath$JarLoader$2::getManifest@10
                      ; - java.net.URLClassLoader::defineClass@34
                      ; - java.net.URLClassLoader$1::run@43
                      ; - java.net.URLClassLoader$1::run@1
                      ; - java.security.AccessController::executePrivileged@29
                      ; - java.security.AccessController::doPrivileged@13
                      ; - java.net.URLClassLoader::findClass@13
  0x000002cd5cb467bc: c082 31ff 

  0x000002cd5cb467c0: ;   {other}
  0x000002cd5cb467c0: 0f1f 8400 | b050 003d | 4c8b 5424 | 7045 8862 | 3045 8962 | 2c66 6666 | 0f1f 8400 | 0000 0000 
  0x000002cd5cb467e0: 4180 7f40 | 000f 8534 | 1a00 004c | 8bd5 4c8b | 5c24 704d | 33da 4c8b | 4424 704d | 8bc8 49c1 
  0x000002cd5cb46800: e903 4489 | 4d0c 49c1 | eb15 448b | 4c24 444d | 8bc1 49c1 | e003 4c89 | 4424 7048 | 8bfd 48c1 
  0x000002cd5cb46820: ef03 4d85 | db74 2249 | c1ea 0948 | b900 00c1 | 60cd 0200 | 0049 03ca | 0f1f 8400 | 0000 0000 
  0x000002cd5cb46840: 8039 020f | 8521 1f00 | 0041 807f | 4000 0f85 | 8b19 0000 | 4c8b 9424 | 8800 0000 | 4189 7a0c 
  0x000002cd5cb46860: 4c8b d54c | 8b9c 2488 | 0000 004d | 33d3 49c1 | ea15 4d85 | d274 1a49 | c1eb 0948 | b900 00c1 
  0x000002cd5cb46880: 60cd 0200 | 0049 03cb | 8039 020f | 8537 1e00 | 004d 8b97 | b801 0000 | 4d8b da49 | 83c3 3090 
  0x000002cd5cb468a0: 4d3b 9fc8 | 0100 000f | 838c 2400 | 004d 899f | b801 0000 | 410f 0d8b | c000 0000 

  0x000002cd5cb468bc: ;   {no_reloc}
  0x000002cd5cb468bc: 49c7 0201 

  0x000002cd5cb468c0: ;   {metadata('java/util/HashMap')}
  0x000002cd5cb468c0: 0000 0041 | c742 0878 | dd06 0045 | 8962 0c4d | 8962 104d | 8962 184d | 8962 2849 | c742 2000 
  0x000002cd5cb468e0: 0040 3f49 | 8bda 4180 | 7f40 000f | 856e 1900 | 004c 8b94 | 2488 0000 | 004c 8bdb | 49c1 eb03 
  0x000002cd5cb46900: 4c8b 8424 | 8800 0000 | 4589 5810 | 4c8b db4d | 33da 49c1 | eb15 4d85 | db74 1a49 | c1ea 0948 
  0x000002cd5cb46920: b900 00c1 | 60cd 0200 | 0049 03ca | 8039 020f | 85e4 1d00 | 0048 8b94 | 2488 0000 | 004c 8b84 
  0x000002cd5cb46940: 2498 0000 | 004c 8b4c | 2470 6690 

  0x000002cd5cb4694c: ;   {optimized virtual_call}
  0x000002cd5cb4694c: c5f8 77e8 

  0x000002cd5cb46950: ; ImmutableOopMap {[40]=Oop [48]=Oop [56]=Oop [72]=Oop [88]=Oop [96]=Oop [104]=Oop [120]=Oop [128]=NarrowOop [132]=NarrowOop [136]=Oop [144]=NarrowOop [240]=Oop }
                      ;*invokevirtual read {reexecute=0 rethrow=0 return_oop=0}
                      ; - java.util.jar.Manifest::<init>@29
                      ; - java.util.jar.JarFile::getManifestFromReference@121
                      ; - java.util.jar.JarFile::getManifest@1
                      ; - java.util.jar.JarFile::maybeInstantiateVerifier@31
                      ; - java.util.jar.JarFile::ensureInitialization@1
                      ; - java.util.jar.JavaUtilJarAccessImpl::ensureInitialization@1
                      ; - jdk.internal.loader.URLClassPath$JarLoader$2::getManifest@10
                      ; - java.net.URLClassLoader::defineClass@34
                      ; - java.net.URLClassLoader$1::run@43
                      ; - java.net.URLClassLoader$1::run@1
                      ; - java.security.AccessController::executePrivileged@29
                      ; - java.security.AccessController::doPrivileged@13
                      ; - java.net.URLClassLoader::findClass@13
  0x000002cd5cb46950: 2c81 31ff 

  0x000002cd5cb46954: ;   {other}
  0x000002cd5cb46954: 0f1f 8400 | 4452 003e | 0f1f 4000 | 4180 7f40 | 000f 8534 | 1900 004c | 8b84 2488 | 0000 0044 
  0x000002cd5cb46974: 8b8c 2490 | 0000 0045 | 8948 144c | 8b54 2448 | 4d8b d84d | 33d3 49c1 | ea15 4d85 | d274 1f45 
  0x000002cd5cb46994: 85c9 741a | 49c1 eb09 | 48b9 0000 | c160 cd02 | 0000 4903 | cb80 3902 | 0f85 b61e | 0000 498b 
  0x000002cd5cb469b4: e84d 8b87 | b801 0000 | 4d8b d049 | 83c2 284d | 3b97 c801 | 0000 0f83 | 0921 0000 | 4d89 97b8 
  0x000002cd5cb469d4: 0100 0041 | 0f0d 8ac0 | 0000 0049 | c700 0100 

  0x000002cd5cb469e4: ;   {metadata('java/lang/ref/SoftReference')}
  0x000002cd5cb469e4: 0000 41c7 | 4008 5871 | 0400 4589 | 600c 4d89 | 6010 4d89 | 6018 4d89 | 6020 4c8b | dd49 c1eb 
  0x000002cd5cb46a04: 0345 8958 | 0c41 807f | 4000 0f85 | 4414 0000 

  0x000002cd5cb46a14: ;   {oop(a 'java/lang/ref/ReferenceQueue$Null'{0x0000000700401540})}
  0x000002cd5cb46a14: 41c7 4010 | a802 08e0 | 498b f848 | c1ef 0349 

  0x000002cd5cb46a24: ;   {oop(a 'java/lang/ref/ReferenceQueue$Null'{0x0000000700401540})}
  0x000002cd5cb46a24: 8bd8 49ba | 4015 4000 | 0700 0000 | 4d8b d84d | 33d3 49c1 | ea15 4d85 | d274 1a49 | c1eb 0948 
  0x000002cd5cb46a44: b900 00c1 | 60cd 0200 | 0049 03cb | 8039 020f | 8540 1400 | 00f0 8344 | 24c0 0090 | 4180 7f40 
  0x000002cd5cb46a64: 000f 85a9 | 1300 004c | 8b5c 2458 | 4189 7b28 

  0x000002cd5cb46a74: ;   {oop(a 'java/lang/Class'{0x00000007007bbc08} = 'java/lang/ref/SoftReference')}
  0x000002cd5cb46a74: 49ba 08bc | 7b00 0700 | 0000 4d8b | 5270 4c8b | c34d 8950 | 204d 8bd0 | 4d33 d349 | c1ea 154d 
  0x000002cd5cb46a94: 85d2 0f84 | 51dd ffff | 49c1 eb09 | 48b9 0000 | c160 cd02 | 0000 4903 | cb80 3902 | 0f84 37dd 
  0x000002cd5cb46ab4: ffff 4d8b | 5748 4d8b | 5f58 f083 | 4424 c000 | 8039 000f | 8420 ddff | ff44 8821 | 4d85 d275 
  0x000002cd5cb46ad4: 2049 8bd7 | c5f8 7749 | bae0 2920 | 24fc 7f00 | 0041 ffd2 

  0x000002cd5cb46ae8: ;   {other}
  0x000002cd5cb46ae8: 0f1f 8400 | 0000 0000 | e9f8 dcff | ff4b 894c | 13f8 4983 | c2f8 4d89 | 5748 e9e6 | dcff ff4d 
  0x000002cd5cb46b08: 894c fc20 | e9c8 dcff 

  0x000002cd5cb46b10: ;   {metadata('java/lang/ref/SoftReference')}
  0x000002cd5cb46b10: ff48 ba58 | 7104 0008 | 0000 0090 

  0x000002cd5cb46b1c: ;   {runtime_call _new_instance_Java}
  0x000002cd5cb46b1c: c5f8 77e8 

  0x000002cd5cb46b20: ; ImmutableOopMap {rbp=Oop [40]=Oop [48]=Oop [96]=Oop [104]=Oop [120]=Oop [128]=NarrowOop [136]=Oop [240]=Oop }
                      ;*new {reexecute=0 rethrow=0 return_oop=1}
                      ; - java.util.jar.JarFile::getManifestFromReference@184
                      ; - java.util.jar.JarFile::getManifest@1
                      ; - jdk.internal.loader.URLClassPath$JarLoader$2::getManifest@22
                      ; - java.net.URLClassLoader::defineClass@34
                      ; - java.net.URLClassLoader$1::run@43
                      ; - java.net.URLClassLoader$1::run@1
                      ; - java.security.AccessController::executePrivileged@29
                      ; - java.security.AccessController::doPrivileged@13
                      ; - java.net.URLClassLoader::findClass@13
  0x000002cd5cb46b20: dc65 3dff 

  0x000002cd5cb46b24: ;   {other}
  0x000002cd5cb46b24: 0f1f 8400 | 1454 003f | 4c8b c0e9 | f7d4 ffff 

  0x000002cd5cb46b34: ;   {metadata('java/util/jar/JarVerifier')}
  0x000002cd5cb46b34: 48ba f87e | 0900 0800 | 0000 6690 

  0x000002cd5cb46b40: ;   {runtime_call _new_instance_Java}
  0x000002cd5cb46b40: c5f8 77e8 

  0x000002cd5cb46b44: ; ImmutableOopMap {[40]=Oop [48]=Oop [56]=Oop [96]=Oop [104]=Oop [120]=Oop [128]=NarrowOop [136]=Oop [144]=Oop [240]=Oop }
                      ;*new {reexecute=0 rethrow=0 return_oop=1}
                      ; - java.util.jar.JarFile::getManifestFromReference@69
                      ; - java.util.jar.JarFile::getManifest@1
                      ; - jdk.internal.loader.URLClassPath$JarLoader$2::getManifest@22
                      ; - java.net.URLClassLoader::defineClass@34
                      ; - java.net.URLClassLoader$1::run@43
                      ; - java.net.URLClassLoader$1::run@1
                      ; - java.security.AccessController::executePrivileged@29
                      ; - java.security.AccessController::doPrivileged@13
                      ; - java.net.URLClassLoader::findClass@13
  0x000002cd5cb46b44: b865 3dff 

  0x000002cd5cb46b48: ;   {other}
  0x000002cd5cb46b48: 0f1f 8400 | 3854 0040 | 4c8b c0e9 | 0fc8 ffff | 4489 4c24 | 244c 8984 | 2498 0000 

  0x000002cd5cb46b64: ;   {metadata('java/util/Hashtable')}
  0x000002cd5cb46b64: 0048 ba50 | 9b04 0008 | 0000 0090 

  0x000002cd5cb46b70: ;   {runtime_call _new_instance_Java}
  0x000002cd5cb46b70: c5f8 77e8 

  0x000002cd5cb46b74: ; ImmutableOopMap {[36]=NarrowOop [40]=Oop [48]=Oop [96]=Oop [104]=Oop [120]=Oop [128]=NarrowOop [136]=Oop [144]=Oop [152]=Oop [240]=Oop }
                      ;*new {reexecute=0 rethrow=0 return_oop=1}
                      ; - java.util.jar.JarVerifier::<init>@35
                      ; - java.util.jar.JarFile::getManifestFromReference@78
                      ; - java.util.jar.JarFile::getManifest@1
                      ; - jdk.internal.loader.URLClassPath$JarLoader$2::getManifest@22
                      ; - java.net.URLClassLoader::defineClass@34
                      ; - java.net.URLClassLoader$1::run@43
                      ; - java.net.URLClassLoader$1::run@1
                      ; - java.security.AccessController::executePrivileged@29
                      ; - java.security.AccessController::doPrivileged@13
                      ; - java.net.URLClassLoader::findClass@13
  0x000002cd5cb46b74: 8865 3dff 

  0x000002cd5cb46b78: ;   {other}
  0x000002cd5cb46b78: 0f1f 8400 | 6854 0041 | 488b e8e9 | 04c9 ffff | 4c89 8424 | 9800 0000 

  0x000002cd5cb46b90: ;   {metadata('java/util/Hashtable')}
  0x000002cd5cb46b90: 48ba 509b | 0400 0800 | 0000 6690 

  0x000002cd5cb46b9c: ;   {runtime_call _new_instance_Java}
  0x000002cd5cb46b9c: c5f8 77e8 

  0x000002cd5cb46ba0: ; ImmutableOopMap {[36]=NarrowOop [40]=Oop [48]=Oop [96]=Oop [104]=Oop [120]=Oop [128]=NarrowOop [136]=Oop [144]=Oop [152]=Oop [240]=Oop }
                      ;*new {reexecute=0 rethrow=0 return_oop=1}
                      ; - java.util.jar.JarVerifier::<init>@46
                      ; - java.util.jar.JarFile::getManifestFromReference@78
                      ; - java.util.jar.JarFile::getManifest@1
                      ; - jdk.internal.loader.URLClassPath$JarLoader$2::getManifest@22
                      ; - java.net.URLClassLoader::defineClass@34
                      ; - java.net.URLClassLoader$1::run@43
                      ; - java.net.URLClassLoader$1::run@1
                      ; - java.security.AccessController::executePrivileged@29
                      ; - java.security.AccessController::doPrivileged@13
                      ; - java.net.URLClassLoader::findClass@13
  0x000002cd5cb46ba0: 5c65 3dff 

  0x000002cd5cb46ba4: ;   {other}
  0x000002cd5cb46ba4: 0f1f 8400 | 9454 0042 | 488b e8e9 | 55ca ffff 

  0x000002cd5cb46bb4: ;   {metadata('java/util/Hashtable$Entry'[])}
  0x000002cd5cb46bb4: 48ba 08f1 | 0700 0800 | 0000 41b8 | 0b00 0000 

  0x000002cd5cb46bc4: ;   {runtime_call _new_array_Java}
  0x000002cd5cb46bc4: c5f8 77e8 

  0x000002cd5cb46bc8: ; ImmutableOopMap {rbp=Oop [36]=NarrowOop [40]=Oop [48]=Oop [96]=Oop [104]=Oop [120]=Oop [128]=NarrowOop [136]=Oop [144]=Oop [152]=Oop [240]=Oop }
                      ;*anewarray {reexecute=0 rethrow=0 return_oop=1}
                      ; - java.util.Hashtable::<init>@93
                      ; - java.util.Hashtable::<init>@5
                      ; - java.util.jar.JarVerifier::<init>@39
                      ; - java.util.jar.JarFile::getManifestFromReference@78
                      ; - java.util.jar.JarFile::getManifest@1
                      ; - jdk.internal.loader.URLClassPath$JarLoader$2::getManifest@22
                      ; - java.net.URLClassLoader::defineClass@34
                      ; - java.net.URLClassLoader$1::run@43
                      ; - java.net.URLClassLoader$1::run@1
                      ; - java.security.AccessController::executePrivileged@29
                      ; - java.security.AccessController::doPrivileged@13
                      ; - java.net.URLClassLoader::findClass@13
  0x000002cd5cb46bc8: b47b 3dff 

  0x000002cd5cb46bcc: ;   {other}
  0x000002cd5cb46bcc: 0f1f 8400 | bc54 0043 | 4c8b d0e9 | 48c9 ffff 

  0x000002cd5cb46bdc: ;   {metadata('java/util/Hashtable$Entry'[])}
  0x000002cd5cb46bdc: 48ba 08f1 | 0700 0800 | 0000 41b8 | 0b00 0000 

  0x000002cd5cb46bec: ;   {runtime_call _new_array_Java}
  0x000002cd5cb46bec: c5f8 77e8 

  0x000002cd5cb46bf0: ; ImmutableOopMap {rbp=Oop [36]=NarrowOop [40]=Oop [48]=Oop [96]=Oop [104]=Oop [120]=Oop [128]=NarrowOop [136]=Oop [144]=Oop [152]=Oop [240]=Oop }
                      ;*anewarray {reexecute=0 rethrow=0 return_oop=1}
                      ; - java.util.Hashtable::<init>@93
                      ; - java.util.Hashtable::<init>@5
                      ; - java.util.jar.JarVerifier::<init>@50
                      ; - java.util.jar.JarFile::getManifestFromReference@78
                      ; - java.util.jar.JarFile::getManifest@1
                      ; - jdk.internal.loader.URLClassPath$JarLoader$2::getManifest@22
                      ; - java.net.URLClassLoader::defineClass@34
                      ; - java.net.URLClassLoader$1::run@43
                      ; - java.net.URLClassLoader$1::run@1
                      ; - java.security.AccessController::executePrivileged@29
                      ; - java.security.AccessController::doPrivileged@13
                      ; - java.net.URLClassLoader::findClass@13
  0x000002cd5cb46bf0: 8c7b 3dff 

  0x000002cd5cb46bf4: ;   {other}
  0x000002cd5cb46bf4: 0f1f 8400 | e454 0044 | 4c8b d090 | e99f caff | ff4c 8984 | 2498 0000 

  0x000002cd5cb46c0c: ;   {metadata('java/util/Hashtable')}
  0x000002cd5cb46c0c: 0048 ba50 | 9b04 0008 | 0000 0090 

  0x000002cd5cb46c18: ;   {runtime_call _new_instance_Java}
  0x000002cd5cb46c18: c5f8 77e8 

  0x000002cd5cb46c1c: ; ImmutableOopMap {[36]=NarrowOop [40]=Oop [48]=Oop [96]=Oop [104]=Oop [120]=Oop [128]=NarrowOop [136]=Oop [144]=Oop [152]=Oop [240]=Oop }
                      ;*new {reexecute=0 rethrow=0 return_oop=1}
                      ; - java.util.jar.JarVerifier::<init>@57
                      ; - java.util.jar.JarFile::getManifestFromReference@78
                      ; - java.util.jar.JarFile::getManifest@1
                      ; - jdk.internal.loader.URLClassPath$JarLoader$2::getManifest@22
                      ; - java.net.URLClassLoader::defineClass@34
                      ; - java.net.URLClassLoader$1::run@43
                      ; - java.net.URLClassLoader$1::run@1
                      ; - java.security.AccessController::executePrivileged@29
                      ; - java.security.AccessController::doPrivileged@13
                      ; - java.net.URLClassLoader::findClass@13
  0x000002cd5cb46c1c: e064 3dff 

  0x000002cd5cb46c20: ;   {other}
  0x000002cd5cb46c20: 0f1f 8400 | 1055 0045 | 488b e8e9 | 64cb ffff 

  0x000002cd5cb46c30: ;   {metadata('java/util/HashMap')}
  0x000002cd5cb46c30: 488b eb48 | ba78 dd06 | 0008 0000 | 0066 6690 

  0x000002cd5cb46c40: ;   {runtime_call _new_instance_Java}
  0x000002cd5cb46c40: c5f8 77e8 

  0x000002cd5cb46c44: ; ImmutableOopMap {rbp=Oop [36]=NarrowOop [40]=Oop [48]=Oop [96]=Oop [104]=Oop [120]=Oop [128]=NarrowOop [132]=NarrowOop [136]=Oop [144]=Oop [240]=Oop }
                      ;*new {reexecute=0 rethrow=0 return_oop=1}
                      ; - java.util.jar.JarVerifier::<init>@103
                      ; - java.util.jar.JarFile::getManifestFromReference@78
                      ; - java.util.jar.JarFile::getManifest@1
                      ; - jdk.internal.loader.URLClassPath$JarLoader$2::getManifest@22
                      ; - java.net.URLClassLoader::defineClass@34
                      ; - java.net.URLClassLoader$1::run@43
                      ; - java.net.URLClassLoader$1::run@1
                      ; - java.security.AccessController::executePrivileged@29
                      ; - java.security.AccessController::doPrivileged@13
                      ; - java.net.URLClassLoader::findClass@13
  0x000002cd5cb46c44: b864 3dff 

  0x000002cd5cb46c48: ;   {other}
  0x000002cd5cb46c48: 0f1f 8400 | 3855 0046 | 488b dd4c | 8bc0 e920 | cfff ff48 

  0x000002cd5cb46c5c: ;   {metadata('java/util/ArrayList')}
  0x000002cd5cb46c5c: 8beb 48ba | 107e 0500 | 0800 0000 

  0x000002cd5cb46c68: ;   {runtime_call _new_instance_Java}
  0x000002cd5cb46c68: c5f8 77e8 

  0x000002cd5cb46c6c: ; ImmutableOopMap {rbp=Oop [36]=NarrowOop [40]=Oop [48]=Oop [96]=Oop [104]=Oop [120]=Oop [128]=NarrowOop [132]=NarrowOop [136]=Oop [144]=Oop [240]=Oop }
                      ;*new {reexecute=0 rethrow=0 return_oop=1}
                      ; - java.util.jar.JarVerifier::<init>@92
                      ; - java.util.jar.JarFile::getManifestFromReference@78
                      ; - java.util.jar.JarFile::getManifest@1
                      ; - jdk.internal.loader.URLClassPath$JarLoader$2::getManifest@22
                      ; - java.net.URLClassLoader::defineClass@34
                      ; - java.net.URLClassLoader$1::run@43
                      ; - java.net.URLClassLoader$1::run@1
                      ; - java.security.AccessController::executePrivileged@29
                      ; - java.security.AccessController::doPrivileged@13
                      ; - java.net.URLClassLoader::findClass@13
  0x000002cd5cb46c6c: 9064 3dff 

  0x000002cd5cb46c70: ;   {other}
  0x000002cd5cb46c70: 0f1f 8400 | 6055 0047 | 488b dd4c | 8bc0 6690 | e95b ceff | ff49 8be9 

  0x000002cd5cb46c88: ;   {metadata('java/util/jar/Manifest')}
  0x000002cd5cb46c88: 48ba 104c | 0500 0800 | 0000 6690 

  0x000002cd5cb46c94: ;   {runtime_call _new_instance_Java}
  0x000002cd5cb46c94: c5f8 77e8 

  0x000002cd5cb46c98: ; ImmutableOopMap {rbp=Oop [36]=NarrowOop [40]=Oop [48]=Oop [96]=Oop [104]=Oop [120]=Oop [128]=NarrowOop [136]=Oop [240]=Oop }
                      ;*new {reexecute=0 rethrow=0 return_oop=1}
                      ; - java.util.jar.JarFile::getManifestFromReference@101
                      ; - java.util.jar.JarFile::getManifest@1
                      ; - jdk.internal.loader.URLClassPath$JarLoader$2::getManifest@22
                      ; - java.net.URLClassLoader::defineClass@34
                      ; - java.net.URLClassLoader$1::run@43
                      ; - java.net.URLClassLoader$1::run@1
                      ; - java.security.AccessController::executePrivileged@29
                      ; - java.security.AccessController::doPrivileged@13
                      ; - java.net.URLClassLoader::findClass@13
  0x000002cd5cb46c98: 6464 3dff 

  0x000002cd5cb46c9c: ;   {other}
  0x000002cd5cb46c9c: 0f1f 8400 | 8c55 0048 | 4c8b cde9 | a8cf ffff | 4889 5c24 | 4844 8954 | 2440 4c89 | 5c24 3849 
  0x000002cd5cb46cbc: ;   {metadata('java/io/ByteArrayInputStream')}
  0x000002cd5cb46cbc: 8be9 48ba | 7844 0500 | 0800 0000 

  0x000002cd5cb46cc8: ;   {runtime_call _new_instance_Java}
  0x000002cd5cb46cc8: c5f8 77e8 

  0x000002cd5cb46ccc: ; ImmutableOopMap {rbp=Oop [36]=NarrowOop [40]=Oop [48]=Oop [56]=Oop [64]=NarrowOop [72]=Oop [96]=Oop [104]=Oop [120]=Oop [128]=NarrowOop [136]=Oop [240]=Oop }
                      ;*new {reexecute=0 rethrow=0 return_oop=1}
                      ; - java.util.jar.JarFile::getManifestFromReference@109
                      ; - java.util.jar.JarFile::getManifest@1
                      ; - jdk.internal.loader.URLClassPath$JarLoader$2::getManifest@22
                      ; - java.net.URLClassLoader::defineClass@34
                      ; - java.net.URLClassLoader$1::run@43
                      ; - java.net.URLClassLoader$1::run@1
                      ; - java.security.AccessController::executePrivileged@29
                      ; - java.security.AccessController::doPrivileged@13
                      ; - java.net.URLClassLoader::findClass@13
  0x000002cd5cb46ccc: 3064 3dff 

  0x000002cd5cb46cd0: ;   {other}
  0x000002cd5cb46cd0: 0f1f 8400 | c055 0049 | 4c8b cd4c | 8b5c 2438 | 448b 5424 | 4048 8b5c | 2448 e9b7 

  0x000002cd5cb46cec: ;   {metadata('java/util/Hashtable$Entry'[])}
  0x000002cd5cb46cec: cfff ff48 | ba08 f107 | 0008 0000 | 0041 b80b | 0000 0090 

  0x000002cd5cb46d00: ;   {runtime_call _new_array_Java}
  0x000002cd5cb46d00: c5f8 77e8 

  0x000002cd5cb46d04: ; ImmutableOopMap {rbp=Oop [36]=NarrowOop [40]=Oop [48]=Oop [96]=Oop [104]=Oop [120]=Oop [128]=NarrowOop [136]=Oop [144]=Oop [152]=Oop [240]=Oop }
                      ;*anewarray {reexecute=0 rethrow=0 return_oop=1}
                      ; - java.util.Hashtable::<init>@93
                      ; - java.util.Hashtable::<init>@4
                      ; - java.util.jar.JarVerifier::<init>@63
                      ; - java.util.jar.JarFile::getManifestFromReference@78
                      ; - java.util.jar.JarFile::getManifest@1
                      ; - jdk.internal.loader.URLClassPath$JarLoader$2::getManifest@22
                      ; - java.net.URLClassLoader::defineClass@34
                      ; - java.net.URLClassLoader$1::run@43
                      ; - java.net.URLClassLoader$1::run@1
                      ; - java.security.AccessController::executePrivileged@29
                      ; - java.security.AccessController::doPrivileged@13
                      ; - java.net.URLClassLoader::findClass@13
  0x000002cd5cb46d04: 787a 3dff 

  0x000002cd5cb46d08: ;   {other}
  0x000002cd5cb46d08: 0f1f 8400 | f855 004a | 4c8b d0e9 | 14cb ffff | 4c89 4424 

  0x000002cd5cb46d1c: ;   {metadata({type array byte})}
  0x000002cd5cb46d1c: 3848 bac8 | 0a04 0008 | 0000 0041 | b820 0000 | 0066 6690 

  0x000002cd5cb46d30: ;   {runtime_call _new_array_Java}
  0x000002cd5cb46d30: c5f8 77e8 

  0x000002cd5cb46d34: ; ImmutableOopMap {rbp=Oop [36]=NarrowOop [40]=Oop [48]=Oop [56]=Oop [96]=Oop [104]=Oop [120]=Oop [128]=NarrowOop [132]=NarrowOop [136]=Oop [144]=Oop [240]=Oop }
                      ;*newarray {reexecute=0 rethrow=0 return_oop=1}
                      ; - java.io.ByteArrayOutputStream::<init>@37
                      ; - java.io.ByteArrayOutputStream::<init>@3
                      ; - java.util.jar.JarVerifier::<init>@85
                      ; - java.util.jar.JarFile::getManifestFromReference@78
                      ; - java.util.jar.JarFile::getManifest@1
                      ; - jdk.internal.loader.URLClassPath$JarLoader$2::getManifest@22
                      ; - java.net.URLClassLoader::defineClass@34
                      ; - java.net.URLClassLoader$1::run@43
                      ; - java.net.URLClassLoader$1::run@1
                      ; - java.security.AccessController::executePrivileged@29
                      ; - java.security.AccessController::doPrivileged@13
                      ; - java.net.URLClassLoader::findClass@13
  0x000002cd5cb46d34: 487a 3dff 

  0x000002cd5cb46d38: ;   {other}
  0x000002cd5cb46d38: 0f1f 8400 | 2856 004b | 4c8b 4424 | 38e9 d0cc | ffff 498b 

  0x000002cd5cb46d4c: ;   {metadata('java/util/ArrayList')}
  0x000002cd5cb46d4c: e848 ba10 | 7e05 0008 | 0000 0090 

  0x000002cd5cb46d58: ;   {runtime_call _new_instance_Java}
  0x000002cd5cb46d58: c5f8 77e8 

  0x000002cd5cb46d5c: ; ImmutableOopMap {rbp=Oop [36]=NarrowOop [40]=Oop [48]=Oop [96]=Oop [104]=Oop [120]=Oop [128]=NarrowOop [132]=NarrowOop [136]=Oop [144]=Oop [240]=Oop }
                      ;*new {reexecute=0 rethrow=0 return_oop=1}
                      ; - java.util.jar.JarVerifier::<init>@70
                      ; - java.util.jar.JarFile::getManifestFromReference@78
                      ; - java.util.jar.JarFile::getManifest@1
                      ; - jdk.internal.loader.URLClassPath$JarLoader$2::getManifest@22
                      ; - java.net.URLClassLoader::defineClass@34
                      ; - java.net.URLClassLoader$1::run@43
                      ; - java.net.URLClassLoader$1::run@1
                      ; - java.security.AccessController::executePrivileged@29
                      ; - java.security.AccessController::doPrivileged@13
                      ; - java.net.URLClassLoader::findClass@13
  0x000002cd5cb46d5c: a063 3dff 

  0x000002cd5cb46d60: ;   {other}
  0x000002cd5cb46d60: 0f1f 8400 | 5056 004c | 4c8b c54c | 8bd8 e9a1 

  0x000002cd5cb46d70: ;   {metadata('java/io/ByteArrayOutputStream')}
  0x000002cd5cb46d70: cbff ff48 | ba78 8109 | 0008 0000 | 0066 6690 

  0x000002cd5cb46d80: ;   {runtime_call _new_instance_Java}
  0x000002cd5cb46d80: c5f8 77e8 

  0x000002cd5cb46d84: ; ImmutableOopMap {rbp=Oop [36]=NarrowOop [40]=Oop [48]=Oop [96]=Oop [104]=Oop [120]=Oop [128]=NarrowOop [132]=NarrowOop [136]=Oop [144]=Oop [240]=Oop }
                      ;*new {reexecute=0 rethrow=0 return_oop=1}
                      ; - java.util.jar.JarVerifier::<init>@81
                      ; - java.util.jar.JarFile::getManifestFromReference@78
                      ; - java.util.jar.JarFile::getManifest@1
                      ; - jdk.internal.loader.URLClassPath$JarLoader$2::getManifest@22
                      ; - java.net.URLClassLoader::defineClass@34
                      ; - java.net.URLClassLoader$1::run@43
                      ; - java.net.URLClassLoader$1::run@1
                      ; - java.security.AccessController::executePrivileged@29
                      ; - java.security.AccessController::doPrivileged@13
                      ; - java.net.URLClassLoader::findClass@13
  0x000002cd5cb46d84: 7863 3dff 

  0x000002cd5cb46d88: ;   {other}
  0x000002cd5cb46d88: 0f1f 8400 | 7856 004d | 4c8b c0e9 | 1bcc ffff | 4889 bc24 | a800 0000 | 4489 8424 | a000 0000 
  0x000002cd5cb46da8: 4889 8c24 | 9800 0000 | 4889 5c24 | 3844 8994 | 2484 0000 | 004c 899c | 2490 0000 | 004c 898c 
  0x000002cd5cb46dc8: 2488 0000 

  0x000002cd5cb46dcc: ;   {metadata('java/util/LinkedHashMap')}
  0x000002cd5cb46dcc: 0048 ba48 | 6900 0008 | 0000 0090 

  0x000002cd5cb46dd8: ;   {runtime_call _new_instance_Java}
  0x000002cd5cb46dd8: c5f8 77e8 

  0x000002cd5cb46ddc: ; ImmutableOopMap {[40]=Oop [48]=Oop [56]=Oop [96]=Oop [104]=Oop [120]=Oop [128]=NarrowOop [132]=NarrowOop [136]=Oop [144]=Oop [152]=Oop [160]=NarrowOop [168]=Oop [240]=Oop }
                      ;*new {reexecute=0 rethrow=0 return_oop=1}
                      ; - java.util.LinkedHashMap::newLinkedHashMap@31
                      ; - java.util.jar.Attributes::<init>@6
                      ; - java.util.jar.Attributes::<init>@3
                      ; - java.util.jar.Manifest::<init>@9
                      ; - java.util.jar.JarFile::getManifestFromReference@121
                      ; - java.util.jar.JarFile::getManifest@1
                      ; - jdk.internal.loader.URLClassPath$JarLoader$2::getManifest@22
                      ; - java.net.URLClassLoader::defineClass@34
                      ; - java.net.URLClassLoader$1::run@43
                      ; - java.net.URLClassLoader$1::run@1
                      ; - java.security.AccessController::executePrivileged@29
                      ; - java.security.AccessController::doPrivileged@13
                      ; - java.net.URLClassLoader::findClass@13
  0x000002cd5cb46ddc: 2063 3dff 

  0x000002cd5cb46de0: ;   {other}
  0x000002cd5cb46de0: 0f1f 8400 | d056 004e | e9ad cfff | ff44 8944 | 2458 4889 | 4c24 4848 | 895c 2440 | 4489 5424 
  0x000002cd5cb46e00: 244c 895c | 2438 498b 

  0x000002cd5cb46e08: ;   {metadata('java/util/jar/Attributes')}
  0x000002cd5cb46e08: e948 ba68 | 8409 0008 | 0000 0090 

  0x000002cd5cb46e14: ;   {runtime_call _new_instance_Java}
  0x000002cd5cb46e14: c5f8 77e8 

  0x000002cd5cb46e18: ; ImmutableOopMap {rbp=Oop [36]=NarrowOop [40]=Oop [48]=Oop [56]=Oop [64]=Oop [72]=Oop [88]=NarrowOop [96]=Oop [104]=Oop [120]=Oop [128]=NarrowOop [240]=Oop }
                      ;*new {reexecute=0 rethrow=0 return_oop=1}
                      ; - java.util.jar.Manifest::<init>@5
                      ; - java.util.jar.JarFile::getManifestFromReference@121
                      ; - java.util.jar.JarFile::getManifest@1
                      ; - jdk.internal.loader.URLClassPath$JarLoader$2::getManifest@22
                      ; - java.net.URLClassLoader::defineClass@34
                      ; - java.net.URLClassLoader$1::run@43
                      ; - java.net.URLClassLoader$1::run@1
                      ; - java.security.AccessController::executePrivileged@29
                      ; - java.security.AccessController::doPrivileged@13
                      ; - java.net.URLClassLoader::findClass@13
  0x000002cd5cb46e18: e462 3dff 

  0x000002cd5cb46e1c: ;   {other}
  0x000002cd5cb46e1c: 0f1f 8400 | 0c57 004f | 4c8b cd4c | 8b5c 2438 | 448b 5424 | 2448 8b5c | 2440 488b | 4c24 4844 
  0x000002cd5cb46e3c: 8b44 2458 | 488b f8e9 | c5ce ffff | 4c89 4424 

  0x000002cd5cb46e4c: ;   {metadata('java/util/HashMap')}
  0x000002cd5cb46e4c: 2048 ba78 | dd06 0008 | 0000 0090 

  0x000002cd5cb46e58: ;   {runtime_call _new_instance_Java}
  0x000002cd5cb46e58: c5f8 77e8 

  0x000002cd5cb46e5c: ; ImmutableOopMap {rbp=Oop [32]=Oop [40]=Oop [48]=Oop [56]=Oop [96]=Oop [104]=Oop [120]=Oop [128]=NarrowOop [132]=NarrowOop [136]=Oop [152]=Oop [160]=NarrowOop [240]=Oop }
                      ;*new {reexecute=0 rethrow=0 return_oop=1}
                      ; - java.util.jar.Manifest::<init>@16
                      ; - java.util.jar.JarFile::getManifestFromReference@121
                      ; - java.util.jar.JarFile::getManifest@1
                      ; - jdk.internal.loader.URLClassPath$JarLoader$2::getManifest@22
                      ; - java.net.URLClassLoader::defineClass@34
                      ; - java.net.URLClassLoader$1::run@43
                      ; - java.net.URLClassLoader$1::run@1
                      ; - java.security.AccessController::executePrivileged@29
                      ; - java.security.AccessController::doPrivileged@13
                      ; - java.net.URLClassLoader::findClass@13
  0x000002cd5cb46e5c: a062 3dff 

  0x000002cd5cb46e60: ;   {other}
  0x000002cd5cb46e60: 0f1f 8400 | 5057 0050 | 4c8b 4424 | 204c 8bc8 | e9a6 d0ff | ffba f6ff | ffff 4c8b | 5424 284c 
  0x000002cd5cb46e80: 8954 2420 | 4c89 4424 | 3866 6690 

  0x000002cd5cb46e8c: ;   {runtime_call UncommonTrapBlob}
  0x000002cd5cb46e8c: c5f8 77e8 

  0x000002cd5cb46e90: ; ImmutableOopMap {[32]=Oop [56]=Oop [96]=Oop [104]=Oop }
                      ;*invokevirtual getResource {reexecute=0 rethrow=0 return_oop=0}
                      ; - java.net.URLClassLoader$1::run@26
                      ; - java.net.URLClassLoader$1::run@1
                      ; - java.security.AccessController::executePrivileged@29
                      ; - java.security.AccessController::doPrivileged@13
                      ; - java.net.URLClassLoader::findClass@13
  0x000002cd5cb46e90: ecd4 31ff 

  0x000002cd5cb46e94: ;   {other}
  0x000002cd5cb46e94: 0f1f 8400 | 8457 0051 | ba76 ffff | ff49 8bea | 4c8b 5424 | 284c 8954 | 2420 894c | 2434 4489 
  0x000002cd5cb46eb4: 4c24 4890 

  0x000002cd5cb46eb8: ;   {runtime_call UncommonTrapBlob}
  0x000002cd5cb46eb8: c5f8 77e8 

  0x000002cd5cb46ebc: ; ImmutableOopMap {rbp=Oop [32]=Oop [72]=NarrowOop [104]=Oop }
                      ;*if_icmpge {reexecute=1 rethrow=0 return_oop=0}
                      ; - (reexecute) java.lang.StringLatin1::replace@19
                      ; - java.lang.String::replace@18
                      ; - java.net.URLClassLoader$1::run@8
                      ; - java.net.URLClassLoader$1::run@1
                      ; - java.security.AccessController::executePrivileged@29
                      ; - java.security.AccessController::doPrivileged@13
                      ; - java.net.URLClassLoader::findClass@13
  0x000002cd5cb46ebc: c0d4 31ff 

  0x000002cd5cb46ec0: ;   {other}
  0x000002cd5cb46ec0: 0f1f 8400 | b057 0052 | 41bb 0100 | 0000 4533 | c04c 8944 | 2470 e9cf | d2ff ff49 | 63d2 6690 
  0x000002cd5cb46ee0: e94b b6ff | ffba ccff | ffff 4c8b | 5424 284c | 8954 2420 | 4c89 4424 | 3848 897c | 2448 4889 
  0x000002cd5cb46f00: 5c24 5089 | 7424 5890 

  0x000002cd5cb46f08: ;   {runtime_call UncommonTrapBlob}
  0x000002cd5cb46f08: c5f8 77e8 

  0x000002cd5cb46f0c: ; ImmutableOopMap {[32]=Oop [56]=Oop [80]=Oop [96]=Oop [104]=Oop }
                      ;*invokestatic arraycopy {reexecute=0 rethrow=0 return_oop=0}
                      ; - java.lang.String::getBytes@22
                      ; - java.lang.StringConcatHelper::prepend@21
                      ; - java.lang.StringConcatHelper::simpleConcat@71
                      ; - java.lang.String::concat@11
                      ; - java.net.URLClassLoader$1::run@13
                      ; - java.net.URLClassLoader$1::run@1
                      ; - java.security.AccessController::executePrivileged@29
                      ; - java.security.AccessController::doPrivileged@13
                      ; - java.net.URLClassLoader::findClass@13
  0x000002cd5cb46f0c: 70d4 31ff 

  0x000002cd5cb46f10: ;   {other}
  0x000002cd5cb46f10: 0f1f 8400 | 0058 0053 | bacc ffff | ff4c 8b54 | 2428 4c89 | 5424 204c | 896c 2428 | 4889 5c24 
  0x000002cd5cb46f30: 4844 894c | 2450 6690 

  0x000002cd5cb46f38: ;   {runtime_call UncommonTrapBlob}
  0x000002cd5cb46f38: c5f8 77e8 

  0x000002cd5cb46f3c: ; ImmutableOopMap {[32]=Oop [40]=Oop [72]=Oop [96]=Oop [104]=Oop }
                      ;*invokestatic arraycopy {reexecute=0 rethrow=0 return_oop=0}
                      ; - java.lang.String::getBytes@22
                      ; - java.lang.StringConcatHelper::prepend@21
                      ; - java.lang.StringConcatHelper::simpleConcat@81
                      ; - java.lang.String::concat@11
                      ; - java.net.URLClassLoader$1::run@13
                      ; - java.net.URLClassLoader$1::run@1
                      ; - java.security.AccessController::executePrivileged@29
                      ; - java.security.AccessController::doPrivileged@13
                      ; - java.net.URLClassLoader::findClass@13
  0x000002cd5cb46f3c: 40d4 31ff 

  0x000002cd5cb46f40: ;   {other}
  0x000002cd5cb46f40: 0f1f 8400 | 3058 0054 

  0x000002cd5cb46f48: ;   {metadata('java/util/jar/Manifest')}
  0x000002cd5cb46f48: 48ba 104c | 0500 0800 | 0000 6690 

  0x000002cd5cb46f54: ;   {runtime_call _new_instance_Java}
  0x000002cd5cb46f54: c5f8 77e8 

  0x000002cd5cb46f58: ; ImmutableOopMap {rbp=Oop [40]=Oop [48]=Oop [96]=Oop [104]=Oop [120]=Oop [128]=NarrowOop [144]=Oop [240]=Oop }
                      ;*new {reexecute=0 rethrow=0 return_oop=1}
                      ; - java.util.jar.JarFile::getManifestFromReference@134
                      ; - java.util.jar.JarFile::getManifest@1
                      ; - jdk.internal.loader.URLClassPath$JarLoader$2::getManifest@22
                      ; - java.net.URLClassLoader::defineClass@34
                      ; - java.net.URLClassLoader$1::run@43
                      ; - java.net.URLClassLoader$1::run@1
                      ; - java.security.AccessController::executePrivileged@29
                      ; - java.security.AccessController::doPrivileged@13
                      ; - java.net.URLClassLoader::findClass@13
  0x000002cd5cb46f58: a461 3dff 

  0x000002cd5cb46f5c: ;   {other}
  0x000002cd5cb46f5c: 0f1f 8400 | 4c58 0055 | e969 c0ff | ff44 898c | 2484 0000 | 004c 899c | 2498 0000 | 004c 8984 
  0x000002cd5cb46f7c: 2488 0000 

  0x000002cd5cb46f80: ;   {metadata('java/util/LinkedHashMap')}
  0x000002cd5cb46f80: 0048 ba48 | 6900 0008 | 0000 0090 

  0x000002cd5cb46f8c: ;   {runtime_call _new_instance_Java}
  0x000002cd5cb46f8c: c5f8 77e8 

  0x000002cd5cb46f90: ; ImmutableOopMap {rbp=Oop [40]=Oop [48]=Oop [96]=Oop [104]=Oop [120]=Oop [128]=NarrowOop [132]=NarrowOop [136]=Oop [144]=Oop [152]=Oop [240]=Oop }
                      ;*new {reexecute=0 rethrow=0 return_oop=1}
                      ; - java.util.LinkedHashMap::newLinkedHashMap@31
                      ; - java.util.jar.Attributes::<init>@6
                      ; - java.util.jar.Attributes::<init>@3
                      ; - java.util.jar.Manifest::<init>@9
                      ; - java.util.jar.Manifest::<init>@4
                      ; - java.util.jar.JarFile::getManifestFromReference@143
                      ; - java.util.jar.JarFile::getManifest@1
                      ; - jdk.internal.loader.URLClassPath$JarLoader$2::getManifest@22
                      ; - java.net.URLClassLoader::defineClass@34
                      ; - java.net.URLClassLoader$1::run@43
                      ; - java.net.URLClassLoader$1::run@1
                      ; - java.security.AccessController::executePrivileged@29
                      ; - java.security.AccessController::doPrivileged@13
                      ; - java.net.URLClassLoader::findClass@13
  0x000002cd5cb46f90: 6c61 3dff 

  0x000002cd5cb46f94: ;   {other}
  0x000002cd5cb46f94: 0f1f 8400 | 8458 0056 | 0f1f 4000 | e9e0 c0ff | ff44 894c | 2424 4c89 | 5c24 404c | 8944 2438 
  0x000002cd5cb46fb4: ;   {metadata('java/util/jar/Attributes')}
  0x000002cd5cb46fb4: 48ba 6884 | 0900 0800 | 0000 6690 

  0x000002cd5cb46fc0: ;   {runtime_call _new_instance_Java}
  0x000002cd5cb46fc0: c5f8 77e8 

  0x000002cd5cb46fc4: ; ImmutableOopMap {[36]=NarrowOop [40]=Oop [48]=Oop [56]=Oop [64]=Oop [96]=Oop [104]=Oop [120]=Oop [128]=NarrowOop [144]=Oop [240]=Oop }
                      ;*new {reexecute=0 rethrow=0 return_oop=1}
                      ; - java.util.jar.Manifest::<init>@5
                      ; - java.util.jar.Manifest::<init>@4
                      ; - java.util.jar.JarFile::getManifestFromReference@143
                      ; - java.util.jar.JarFile::getManifest@1
                      ; - jdk.internal.loader.URLClassPath$JarLoader$2::getManifest@22
                      ; - java.net.URLClassLoader::defineClass@34
                      ; - java.net.URLClassLoader$1::run@43
                      ; - java.net.URLClassLoader$1::run@1
                      ; - java.security.AccessController::executePrivileged@29
                      ; - java.security.AccessController::doPrivileged@13
                      ; - java.net.URLClassLoader::findClass@13
  0x000002cd5cb46fc4: 3861 3dff 

  0x000002cd5cb46fc8: ;   {other}
  0x000002cd5cb46fc8: 0f1f 8400 | b858 0057 | 488b e84c | 8b44 2438 | 4c8b 5c24 | 4044 8b4c | 2424 e932 | c0ff ff4c 
  0x000002cd5cb46fe8: 894c 2420 | 458b da49 

  0x000002cd5cb46ff0: ;   {metadata('java/util/HashMap')}
  0x000002cd5cb46ff0: 8be8 48ba | 78dd 0600 | 0800 0000 | 4489 9c24 | 8400 0000 

  0x000002cd5cb47004: ;   {runtime_call _new_instance_Java}
  0x000002cd5cb47004: c5f8 77e8 

  0x000002cd5cb47008: ; ImmutableOopMap {rbp=Oop [32]=Oop [40]=Oop [48]=Oop [96]=Oop [104]=Oop [120]=Oop [128]=NarrowOop [132]=NarrowOop [136]=Oop [144]=Oop [240]=Oop }
                      ;*new {reexecute=0 rethrow=0 return_oop=1}
                      ; - java.util.jar.Manifest::<init>@16
                      ; - java.util.jar.Manifest::<init>@4
                      ; - java.util.jar.JarFile::getManifestFromReference@143
                      ; - java.util.jar.JarFile::getManifest@1
                      ; - jdk.internal.loader.URLClassPath$JarLoader$2::getManifest@22
                      ; - java.net.URLClassLoader::defineClass@34
                      ; - java.net.URLClassLoader$1::run@43
                      ; - java.net.URLClassLoader$1::run@1
                      ; - java.security.AccessController::executePrivileged@29
                      ; - java.security.AccessController::doPrivileged@13
                      ; - java.net.URLClassLoader::findClass@13
  0x000002cd5cb47008: f460 3dff 

  0x000002cd5cb4700c: ;   {other}
  0x000002cd5cb4700c: 0f1f 8400 | fc58 0058 | 4c8b c54c | 8b4c 2420 | 488b d890 | e9d5 c1ff | ff44 8b53 

  0x000002cd5cb47028: ;   {metadata('java/security/PrivilegedActionException')}
  0x000002cd5cb47028: 0849 bb08 | cb0b 0008 | 0000 0049 | b800 0000 | 0008 0000 | 004d 03c2 | 4d8b 5048 | 4d3b d30f 
  0x000002cd5cb47048: 855e 0500 | 0048 8bd3 | e9a6 e8ff | ffba 76ff | ffff 4c8b | 5424 604c | 8954 2420 | 4c89 5c24 
  0x000002cd5cb47068: 4089 4c24 | 4844 894c | 244c 6690 

  0x000002cd5cb47074: ;   {runtime_call UncommonTrapBlob}
  0x000002cd5cb47074: c5f8 77e8 

  0x000002cd5cb47078: ; ImmutableOopMap {[32]=Oop [40]=Oop [64]=Oop [76]=NarrowOop [104]=Oop }
                      ;*if_icmpge {reexecute=1 rethrow=0 return_oop=0}
                      ; - (reexecute) java.lang.StringLatin1::replace@82
                      ; - java.lang.String::replace@18
                      ; - java.net.URLClassLoader$1::run@8
                      ; - java.net.URLClassLoader$1::run@1
                      ; - java.security.AccessController::executePrivileged@29
                      ; - java.security.AccessController::doPrivileged@13
                      ; - java.net.URLClassLoader::findClass@13
  0x000002cd5cb47078: 04d3 31ff 

  0x000002cd5cb4707c: ;   {other}
  0x000002cd5cb4707c: 0f1f 8400 | 6c59 0059 | bade ffff | ff4c 8b5c | 2428 4c89 | 5c24 2048 | 8974 2440 | 4c8b 5c24 
  0x000002cd5cb4709c: 504c 895c | 2448 4489 | 5424 5048 | 8974 2458 

  0x000002cd5cb470ac: ;   {runtime_call UncommonTrapBlob}
  0x000002cd5cb470ac: c5f8 77e8 

  0x000002cd5cb470b0: ; ImmutableOopMap {[32]=Oop [64]=Oop [88]=Oop [96]=Oop [104]=Oop }
                      ;*invokevirtual getCodeSourceURL {reexecute=0 rethrow=0 return_oop=0}
                      ; - java.net.URLClassLoader::defineClass@13
                      ; - java.net.URLClassLoader$1::run@43
                      ; - java.net.URLClassLoader$1::run@1
                      ; - java.security.AccessController::executePrivileged@29
                      ; - java.security.AccessController::doPrivileged@13
                      ; - java.net.URLClassLoader::findClass@13
  0x000002cd5cb470b0: ccd2 31ff 

  0x000002cd5cb470b4: ;   {other}
  0x000002cd5cb470b4: 0f1f 8400 | a459 005a | bade ffff | ff48 8b6c | 2460 4c8b | 4424 284c | 8944 2420 | 4889 7424 
  0x000002cd5cb470d4: 284c 8b44 | 2450 4c89 | 4424 404c | 8b44 2468 | 4c89 4424 | 5044 8974 | 2460 4c89 | 6c24 7044 
  0x000002cd5cb470f4: 8954 2464 | 4489 5c24 | 7866 6690 

  0x000002cd5cb47100: ;   {runtime_call UncommonTrapBlob}
  0x000002cd5cb47100: c5f8 77e8 

  0x000002cd5cb47104: ; ImmutableOopMap {rbp=Oop [32]=Oop [40]=Oop [80]=Oop [96]=NarrowOop [100]=NarrowOop [112]=Oop [120]=NarrowOop [240]=Oop }
                      ;*invokeinterface ensureInitialization {reexecute=0 rethrow=0 return_oop=0}
                      ; - jdk.internal.loader.URLClassPath$JarLoader$2::getManifest@10
                      ; - java.net.URLClassLoader::defineClass@34
                      ; - java.net.URLClassLoader$1::run@43
                      ; - java.net.URLClassLoader$1::run@1
                      ; - java.security.AccessController::executePrivileged@29
                      ; - java.security.AccessController::doPrivileged@13
                      ; - java.net.URLClassLoader::findClass@13
  0x000002cd5cb47104: 78d2 31ff 

  0x000002cd5cb47108: ;   {other}
  0x000002cd5cb47108: 0f1f 8400 | f859 005b | 4c89 4424 | 7844 895c | 245c 4489 | 7424 584c | 896c 2448 | 4889 7424 
  0x000002cd5cb47128: 404c 8b54 | 2428 4c89 | 5424 384c | 8b54 2470 | 4c89 5424 | 304c 8b54 | 2468 4c89 | 5424 2049 
  0x000002cd5cb47148: 8bd0 4c8d | 8424 0001 | 0000 6690 

  0x000002cd5cb47154: ;   {runtime_call _complete_monitor_locking_Java}
  0x000002cd5cb47154: c5f8 77e8 

  0x000002cd5cb47158: ; ImmutableOopMap {[32]=Oop [56]=Oop [64]=Oop [72]=Oop [88]=NarrowOop [92]=NarrowOop [96]=Oop [120]=Oop [240]=Oop }
                      ;*synchronization entry
                      ; - java.util.jar.JarFile::ensureInitialization@-1
                      ; - java.util.jar.JavaUtilJarAccessImpl::ensureInitialization@1
                      ; - jdk.internal.loader.URLClassPath$JarLoader$2::getManifest@10
                      ; - java.net.URLClassLoader::defineClass@34
                      ; - java.net.URLClassLoader$1::run@43
                      ; - java.net.URLClassLoader$1::run@1
                      ; - java.security.AccessController::executePrivileged@29
                      ; - java.security.AccessController::doPrivileged@13
                      ; - java.net.URLClassLoader::findClass@13
  0x000002cd5cb47158: a4a6 3dff 

  0x000002cd5cb4715c: ;   {other}
  0x000002cd5cb4715c: 0f1f 8400 | 4c5a 005c | 4c8b 5424 | 204c 8954 | 2468 4c8b | 5424 304c | 8954 2470 | 4c8b 5424 
  0x000002cd5cb4717c: 384c 8954 | 2428 488b | 7424 404c | 8b6c 2448 | 448b 7424 | 5844 8b5c | 245c 4c8b | 4424 780f 
  0x000002cd5cb4719c: 1f44 0000 | e981 b9ff | ff44 8954 | 2424 4489 | 7424 204d | 8bf5 4c8b | ee48 8b74 | 2470 498b 
  0x000002cd5cb471bc: c848 8d94 | 2400 0100 | 004d 8bc7 | c5f8 7749 | bab0 d761 | 24fc 7f00 | 0041 ffd2 

  0x000002cd5cb471d8: ;   {other}
  0x000002cd5cb471d8: 0f1f 8400 | 0000 0000 | 4889 7424 | 7049 8bf5 | 4d8b ee44 | 8b74 2420 | 448b 5424 | 24e9 0cba 
  0x000002cd5cb471f8: ffff bade | ffff ff48 | 8974 2430 | 4c8b 5424 | 604c 8954 | 2440 4c8b | 5424 504c | 8954 2448 
  0x000002cd5cb47218: 4c8b 5424 | 604c 8954 | 2450 4c8b | 5424 684c | 8954 2458 | 4c89 6c24 | 6044 8974 | 2468 6690 
  0x000002cd5cb47238: ;   {runtime_call UncommonTrapBlob}
  0x000002cd5cb47238: c5f8 77e8 

  0x000002cd5cb4723c: ; ImmutableOopMap {rbp=NarrowOop [40]=Oop [48]=Oop [64]=Oop [80]=Oop [88]=Oop [96]=Oop [104]=NarrowOop [240]=Oop }
                      ;*invokevirtual getManifest {reexecute=0 rethrow=0 return_oop=0}
                      ; - jdk.internal.loader.URLClassPath$JarLoader$2::getManifest@22
                      ; - java.net.URLClassLoader::defineClass@34
                      ; - java.net.URLClassLoader$1::run@43
                      ; - java.net.URLClassLoader$1::run@1
                      ; - java.security.AccessController::executePrivileged@29
                      ; - java.security.AccessController::doPrivileged@13
                      ; - java.net.URLClassLoader::findClass@13
  0x000002cd5cb4723c: 40d1 31ff 

  0x000002cd5cb47240: ;   {other}
  0x000002cd5cb47240: 0f1f 8400 | 305b 005d | 33ed 4585 | d240 0f94 | c5ba 45ff | ffff 4c8b | 5424 604c | 8954 2420 
  0x000002cd5cb47260: ;   {runtime_call UncommonTrapBlob}
  0x000002cd5cb47260: c5f8 77e8 

  0x000002cd5cb47264: ; ImmutableOopMap {[32]=Oop [40]=Oop [104]=Oop }
                      ;*ifeq {reexecute=1 rethrow=0 return_oop=0}
                      ; - (reexecute) java.lang.String::replace@9
                      ; - java.net.URLClassLoader$1::run@8
                      ; - java.net.URLClassLoader$1::run@1
                      ; - java.security.AccessController::executePrivileged@29
                      ; - java.security.AccessController::doPrivileged@13
                      ; - java.net.URLClassLoader::findClass@13
  0x000002cd5cb47264: 18d1 31ff 

  0x000002cd5cb47268: ;   {other}
  0x000002cd5cb47268: 0f1f 8400 | 585b 005e | ba76 ffff | ff4c 8b54 | 2460 4c89 | 5424 2089 | 4c24 384c | 895c 2440 
  0x000002cd5cb47288: 4489 4c24 | 5866 6690 

  0x000002cd5cb47290: ;   {runtime_call UncommonTrapBlob}
  0x000002cd5cb47290: c5f8 77e8 

  0x000002cd5cb47294: ; ImmutableOopMap {[32]=Oop [40]=Oop [64]=Oop [88]=NarrowOop [104]=Oop }
                      ;*if_icmpge {reexecute=1 rethrow=0 return_oop=0}
                      ; - (reexecute) java.lang.StringLatin1::replace@61
                      ; - java.lang.String::replace@18
                      ; - java.net.URLClassLoader$1::run@8
                      ; - java.net.URLClassLoader$1::run@1
                      ; - java.security.AccessController::executePrivileged@29
                      ; - java.security.AccessController::doPrivileged@13
                      ; - java.net.URLClassLoader::findClass@13
  0x000002cd5cb47294: e8d0 31ff 

  0x000002cd5cb47298: ;   {other}
  0x000002cd5cb47298: 0f1f 8400 | 885b 005f | ba01 0000 | 00e9 50b0 | ffff ba45 | ffff ff48 | 8b6c 2460 | 4c8b 5424 
  0x000002cd5cb472b8: 284c 8954 | 2420 4c89 | 4424 3889 | 7424 4090 

  0x000002cd5cb472c8: ;   {runtime_call UncommonTrapBlob}
  0x000002cd5cb472c8: c5f8 77e8 

  0x000002cd5cb472cc: ; ImmutableOopMap {rbp=Oop [32]=Oop [56]=Oop [104]=Oop }
                      ;*iflt {reexecute=1 rethrow=0 return_oop=0}
                      ; - (reexecute) java.lang.StringConcatHelper::checkOverflow@2
                      ; - java.lang.StringConcatHelper::mix@23
                      ; - java.lang.StringConcatHelper::simpleConcat@46
                      ; - java.lang.String::concat@11
                      ; - java.net.URLClassLoader$1::run@13
                      ; - java.net.URLClassLoader$1::run@1
                      ; - java.security.AccessController::executePrivileged@29
                      ; - java.security.AccessController::doPrivileged@13
                      ; - java.net.URLClassLoader::findClass@13
  0x000002cd5cb472cc: b0d0 31ff 

  0x000002cd5cb472d0: ;   {other}
  0x000002cd5cb472d0: 0f1f 8400 | c05b 0060 | ba45 ffff | ff4c 8b54 | 2460 4c89 | 5424 204c | 8944 2440 

  0x000002cd5cb472ec: ;   {runtime_call UncommonTrapBlob}
  0x000002cd5cb472ec: c5f8 77e8 

  0x000002cd5cb472f0: ; ImmutableOopMap {[32]=Oop [40]=Oop [64]=Oop [104]=Oop }
                      ;*iflt {reexecute=1 rethrow=0 return_oop=0}
                      ; - (reexecute) java.lang.StringConcatHelper::checkOverflow@2
                      ; - java.lang.StringConcatHelper::mix@23
                      ; - java.lang.StringConcatHelper::simpleConcat@54
                      ; - java.lang.String::concat@11
                      ; - java.net.URLClassLoader$1::run@13
                      ; - java.net.URLClassLoader$1::run@1
                      ; - java.security.AccessController::executePrivileged@29
                      ; - java.security.AccessController::doPrivileged@13
                      ; - java.net.URLClassLoader::findClass@13
  0x000002cd5cb472f0: 8cd0 31ff 

  0x000002cd5cb472f4: ;   {other}
  0x000002cd5cb472f4: 0f1f 8400 | e45b 0061 | ba45 ffff | ff48 8b6c | 2460 4c8b | 5424 284c | 8954 2420 | 4c89 4424 
  0x000002cd5cb47314: 3848 897c | 2440 894c | 2448 6690 

  0x000002cd5cb47320: ;   {runtime_call UncommonTrapBlob}
  0x000002cd5cb47320: c5f8 77e8 

  0x000002cd5cb47324: ; ImmutableOopMap {rbp=Oop [32]=Oop [56]=Oop [104]=Oop }
                      ;*if_icmpne {reexecute=1 rethrow=0 return_oop=0}
                      ; - (reexecute) java.lang.StringConcatHelper::mix@13
                      ; - java.lang.StringConcatHelper::simpleConcat@46
                      ; - java.lang.String::concat@11
                      ; - java.net.URLClassLoader$1::run@13
                      ; - java.net.URLClassLoader$1::run@1
                      ; - java.security.AccessController::executePrivileged@29
                      ; - java.security.AccessController::doPrivileged@13
                      ; - java.net.URLClassLoader::findClass@13
  0x000002cd5cb47324: 58d0 31ff 

  0x000002cd5cb47328: ;   {other}
  0x000002cd5cb47328: 0f1f 8400 | 185c 0062 | ba45 ffff | ff48 8b6c | 2460 4c8b | 5c24 284c | 895c 2420 | 4c89 4424 
  0x000002cd5cb47348: 3848 8944 | 2440 4489 | 5424 4890 

  0x000002cd5cb47354: ;   {runtime_call UncommonTrapBlob}
  0x000002cd5cb47354: c5f8 77e8 

  0x000002cd5cb47358: ; ImmutableOopMap {rbp=Oop [32]=Oop [56]=Oop [104]=Oop }
                      ;*ifge {reexecute=1 rethrow=0 return_oop=0}
                      ; - (reexecute) java.lang.StringConcatHelper::newArray@13
                      ; - java.lang.StringConcatHelper::simpleConcat@61
                      ; - java.lang.String::concat@11
                      ; - java.net.URLClassLoader$1::run@13
                      ; - java.net.URLClassLoader$1::run@1
                      ; - java.security.AccessController::executePrivileged@29
                      ; - java.security.AccessController::doPrivileged@13
                      ; - java.net.URLClassLoader::findClass@13
  0x000002cd5cb47358: 24d0 31ff 

  0x000002cd5cb4735c: ;   {other}
  0x000002cd5cb4735c: 0f1f 8400 | 4c5c 0063 | 33ed 85c9 | 400f 94c5 | ba45 ffff | ff48 8974 | 2448 4489 | 4c24 7090 
  0x000002cd5cb4737c: ;   {runtime_call UncommonTrapBlob}
  0x000002cd5cb4737c: c5f8 77e8 

  0x000002cd5cb47380: ; ImmutableOopMap {[40]=Oop [72]=Oop [96]=Oop [104]=Oop }
                      ;*ifeq {reexecute=1 rethrow=0 return_oop=0}
                      ; - (reexecute) java.lang.String::lastIndexOf@4
                      ; - java.lang.String::lastIndexOf@8
                      ; - java.net.URLClassLoader::defineClass@7
                      ; - java.net.URLClassLoader$1::run@43
                      ; - java.net.URLClassLoader$1::run@1
                      ; - java.security.AccessController::executePrivileged@29
                      ; - java.security.AccessController::doPrivileged@13
                      ; - java.net.URLClassLoader::findClass@13
  0x000002cd5cb47380: fccf 31ff 

  0x000002cd5cb47384: ;   {other}
  0x000002cd5cb47384: 0f1f 8400 | 745c 0064 | 498b d7c5 | f877 49ba | 002a 2024 | fc7f 0000 

  0x000002cd5cb4739c: ;   {other}
  0x000002cd5cb4739c: 41ff d20f | 1f84 0000 | 0000 00e9 | a0b8 ffff | ba45 ffff | ff48 8b6c | 2460 4c8b | 5c24 284c 
  0x000002cd5cb473bc: 895c 2420 | 4889 7424 | 284c 8b5c | 2450 4c89 | 5c24 4044 | 8954 2448 | 4c89 6c24 | 6044 8974 
  0x000002cd5cb473dc: 244c 6690 

  0x000002cd5cb473e0: ;   {runtime_call UncommonTrapBlob}
  0x000002cd5cb473e0: c5f8 77e8 

  0x000002cd5cb473e4: ; ImmutableOopMap {rbp=Oop [32]=Oop [40]=Oop [76]=NarrowOop [96]=Oop [104]=Oop }
                      ;*if_icmpeq {reexecute=1 rethrow=0 return_oop=0}
                      ; - (reexecute) java.net.URLClassLoader::defineClass@21
                      ; - java.net.URLClassLoader$1::run@43
                      ; - java.net.URLClassLoader$1::run@1
                      ; - java.security.AccessController::executePrivileged@29
                      ; - java.security.AccessController::doPrivileged@13
                      ; - java.net.URLClassLoader::findClass@13
  0x000002cd5cb473e4: 98cf 31ff 

  0x000002cd5cb473e8: ;   {other}
  0x000002cd5cb473e8: 0f1f 8400 | d85c 0065 | ba45 ffff | ff4c 8b44 | 2428 4c89 | 4424 2048 | 8974 2428 | 4c8b 4424 
  0x000002cd5cb47408: 504c 8944 | 2440 4489 | 5424 5444 | 8954 2458 | 4c89 6c24 | 7044 8974 | 245c 4489 | 5c24 7c44 
  0x000002cd5cb47428: 899c 2480 | 0000 0090 

  0x000002cd5cb47430: ;   {runtime_call UncommonTrapBlob}
  0x000002cd5cb47430: c5f8 77e8 

  0x000002cd5cb47434: ; ImmutableOopMap {[32]=Oop [40]=Oop [92]=NarrowOop [96]=Oop [104]=Oop [112]=Oop }
                      ;*if_icmple {reexecute=1 rethrow=0 return_oop=0}
                      ; - (reexecute) jdk.internal.util.Preconditions::checkFromToIndex@11
                      ; - java.lang.String::checkBoundsBeginEnd@6
                      ; - java.lang.String::substring@8
                      ; - java.net.URLClassLoader::defineClass@28
                      ; - java.net.URLClassLoader$1::run@43
                      ; - java.net.URLClassLoader$1::run@1
                      ; - java.security.AccessController::executePrivileged@29
                      ; - java.security.AccessController::doPrivileged@13
                      ; - java.net.URLClassLoader::findClass@13
  0x000002cd5cb47434: 48cf 31ff 

  0x000002cd5cb47438: ;   {other}
  0x000002cd5cb47438: 0f1f 8400 | 285d 0066 | ba45 ffff | ff48 8b6c | 2460 4c8b | 5424 284c | 8954 2420 | 4c8b 5424 
  0x000002cd5cb47458: 304c 8954 | 2428 4c8b | 5424 504c | 8954 2440 | 4c8b 5424 | 684c 8954 | 2450 4889 | 4424 7090 
  0x000002cd5cb47478: ;   {runtime_call UncommonTrapBlob}
  0x000002cd5cb47478: c5f8 77e8 

  0x000002cd5cb4747c: ; ImmutableOopMap {rbp=Oop [32]=Oop [40]=Oop [80]=Oop [88]=NarrowOop [112]=Oop [120]=Oop }
                      ;*ifnull {reexecute=1 rethrow=0 return_oop=0}
                      ; - (reexecute) java.net.URLClassLoader::defineClass@139
                      ; - java.net.URLClassLoader$1::run@43
                      ; - java.net.URLClassLoader$1::run@1
                      ; - java.security.AccessController::executePrivileged@29
                      ; - java.security.AccessController::doPrivileged@13
                      ; - java.net.URLClassLoader::findClass@13
  0x000002cd5cb4747c: 00cf 31ff 

  0x000002cd5cb47480: ;   {other}
  0x000002cd5cb47480: 0f1f 8400 | 705d 0067 | 4c89 4c24 | 3848 895c | 2430 4489 | 7424 204d | 8bf5 4c8b | ee48 8b74 
  0x000002cd5cb474a0: 2470 498b | d7c5 f877 | 49ba 002a | 2024 fc7f | 0000 41ff 

  0x000002cd5cb474b4: ;   {other}
  0x000002cd5cb474b4: d20f 1f84 | 0000 0000 | 0048 8974 | 2470 498b | f54d 8bee | 448b 7424 | 2048 8b5c | 2430 4c8b 
  0x000002cd5cb474d4: 4c24 38e9 | 52b5 ffff | 4d63 da90 | e994 b3ff | ff49 83c3 | fe49 8bcb | 488b fa48 | 33c0 4883 
  0x000002cd5cb474f4: f908 7f10 | 48ff c978 | 4f48 8904 | cf48 ffc9 | 7df7 eb44 | c5fd efc0 | e90d 0000 | 00c5 fe7f 
  0x000002cd5cb47514: 07c5 fe7f | 4720 4883 | c740 4883 | e908 7ded | 4883 c104 | 7c0c c5fe | 7f07 4883 | c720 4883 
  0x000002cd5cb47534: e904 4883 | c104 7e10 | 48ff c9c5 | f9d6 0748 | 83c7 0848 | ffc9 7df3 | e9f7 b3ff | ffba ccff 
  0x000002cd5cb47554: ffff 488b | 6c24 604c | 8b5c 2428 | 4c89 5c24 | 2048 8974 | 2428 4c8b | 5c24 504c | 895c 2440 
  0x000002cd5cb47574: 4489 5424 | 4c4c 8b54 | 2468 4c89 | 5424 584c | 896c 2460 | 4489 7424 | 6848 895c | 2478 4489 
  0x000002cd5cb47594: 4424 6c90 

  0x000002cd5cb47598: ;   {runtime_call UncommonTrapBlob}
  0x000002cd5cb47598: c5f8 77e8 

  0x000002cd5cb4759c: ; ImmutableOopMap {rbp=Oop [32]=Oop [40]=Oop [88]=Oop [96]=Oop [104]=NarrowOop [108]=NarrowOop [120]=Oop }
                      ;*newarray {reexecute=1 rethrow=0 return_oop=0}
                      ; - (reexecute) java.util.Arrays::copyOfRangeByte@10
                      ; - java.util.Arrays::copyOfRange@13
                      ; - java.lang.StringLatin1::newString@16
                      ; - java.lang.String::substring@41
                      ; - java.net.URLClassLoader::defineClass@28
                      ; - java.net.URLClassLoader$1::run@43
                      ; - java.net.URLClassLoader$1::run@1
                      ; - java.security.AccessController::executePrivileged@29
                      ; - java.security.AccessController::doPrivileged@13
                      ; - java.net.URLClassLoader::findClass@13
  0x000002cd5cb4759c: e0cd 31ff 

  0x000002cd5cb475a0: ;   {other}
  0x000002cd5cb475a0: 0f1f 8400 | 905e 0068 | 488b d848 | 8bd3 e968 | b1ff ff85 | ed0f 84fd | d1ff ff49 | 8bd8 4d8b 
  0x000002cd5cb475c0: 5728 488b | cd48 c1e1 | 034d 85d2 | 0f84 b218 | 0000 4d8b | 5f38 4b89 | 4c13 f849 | 83c2 f84d 
  0x000002cd5cb475e0: 8957 284c | 8bc3 e9cd | d1ff ff49 | 8be8 498b | d190 c5f8 | 7748 b8ff | ffff ffff 

  0x000002cd5cb475fc: ;   {virtual_call}
  0x000002cd5cb475fc: ffff ffe8 

  0x000002cd5cb47600: ; ImmutableOopMap {rbp=Oop [40]=Oop [48]=Oop [56]=Oop [88]=Oop [96]=Oop [104]=Oop [120]=Oop [128]=NarrowOop [132]=NarrowOop [240]=Oop }
                      ;*invokevirtual close {reexecute=0 rethrow=0 return_oop=0}
                      ; - java.util.jar.JarFile::getManifestFromReference@152
                      ; - java.util.jar.JarFile::getManifest@1
                      ; - java.util.jar.JarFile::maybeInstantiateVerifier@31
                      ; - java.util.jar.JarFile::ensureInitialization@1
                      ; - java.util.jar.JavaUtilJarAccessImpl::ensureInitialization@1
                      ; - jdk.internal.loader.URLClassPath$JarLoader$2::getManifest@10
                      ; - java.net.URLClassLoader::defineClass@34
                      ; - java.net.URLClassLoader$1::run@43
                      ; - java.net.URLClassLoader$1::run@1
                      ; - java.security.AccessController::executePrivileged@29
                      ; - java.security.AccessController::doPrivileged@13
                      ; - java.net.URLClassLoader::findClass@13
  0x000002cd5cb47600: 7c77 31ff 

  0x000002cd5cb47604: ;   {other}
  0x000002cd5cb47604: 0f1f 8400 | f45e 0069 | e9a4 f3ff | ffba deff | ffff 488b | 6c24 604c | 8b5c 2428 | 4c89 5c24 
  0x000002cd5cb47624: 204c 8b5c | 2430 4c89 | 5c24 284c | 8b5c 2450 | 4c89 5c24 | 404c 8b5c | 2468 4c89 | 5c24 504c 
  0x000002cd5cb47644: 8b5c 2478 | 4c89 5c24 | 5844 8b9c | 2480 0000 | 0044 895c | 2460 4c8b | 9c24 9000 | 0000 4c89 
  0x000002cd5cb47664: 5c24 704c | 8b9c 2488 | 0000 004c | 895c 2478 | 4c89 8424 | 9000 0000 | 4c89 9424 | 9800 0000 
  0x000002cd5cb47684: ;   {runtime_call UncommonTrapBlob}
  0x000002cd5cb47684: c5f8 77e8 

  0x000002cd5cb47688: ; ImmutableOopMap {rbp=Oop [32]=Oop [40]=Oop [80]=Oop [88]=Oop [96]=NarrowOop [112]=Oop [120]=Oop [144]=Oop [152]=Oop [240]=Oop }
                      ;*invokevirtual getName {reexecute=0 rethrow=0 return_oop=0}
                      ; - java.util.jar.JarFile::getManifestFromReference@74
                      ; - java.util.jar.JarFile::getManifest@1
                      ; - jdk.internal.loader.URLClassPath$JarLoader$2::getManifest@22
                      ; - java.net.URLClassLoader::defineClass@34
                      ; - java.net.URLClassLoader$1::run@43
                      ; - java.net.URLClassLoader$1::run@1
                      ; - java.security.AccessController::executePrivileged@29
                      ; - java.security.AccessController::doPrivileged@13
                      ; - java.net.URLClassLoader::findClass@13
  0x000002cd5cb47688: f4cc 31ff 

  0x000002cd5cb4768c: ;   {other}
  0x000002cd5cb4768c: 0f1f 8400 | 7c5f 006a | ba0f 0000 | 004c 8b54 | 2460 4c89 | 5424 404c | 8b54 2450 | 4c89 5424 
  0x000002cd5cb476ac: 484c 8b54 | 2460 4c89 | 5424 504c | 8b54 2468 | 4c89 5424 | 584c 8b54 | 2478 4c89 | 5424 6044 
  0x000002cd5cb476cc: 8b9c 2480 | 0000 0044 | 895c 2468 | 4c8b 9424 | 9000 0000 | 4c89 5424 | 784c 8b94 | 2488 0000 
  0x000002cd5cb476ec: 004c 8994 | 2480 0000 | 0066 6690 

  0x000002cd5cb476f8: ;   {runtime_call UncommonTrapBlob}
  0x000002cd5cb476f8: c5f8 77e8 

  0x000002cd5cb476fc: ; ImmutableOopMap {rbp=Oop [40]=Oop [48]=Oop [64]=Oop [80]=Oop [88]=Oop [96]=Oop [104]=NarrowOop [120]=Oop [128]=Oop [152]=Oop [240]=Oop }
                      ;*new {reexecute=0 rethrow=0 return_oop=0}
                      ; - java.util.Hashtable::<init>@53
                      ; - java.util.Hashtable::<init>@5
                      ; - java.util.jar.JarVerifier::<init>@39
                      ; - java.util.jar.JarFile::getManifestFromReference@78
                      ; - java.util.jar.JarFile::getManifest@1
                      ; - jdk.internal.loader.URLClassPath$JarLoader$2::getManifest@22
                      ; - java.net.URLClassLoader::defineClass@34
                      ; - java.net.URLClassLoader$1::run@43
                      ; - java.net.URLClassLoader$1::run@1
                      ; - java.security.AccessController::executePrivileged@29
                      ; - java.security.AccessController::doPrivileged@13
                      ; - java.net.URLClassLoader::findClass@13
  0x000002cd5cb476fc: 80cc 31ff 

  0x000002cd5cb47700: ;   {other}
  0x000002cd5cb47700: 0f1f 8400 | f05f 006b | ba0f 0000 | 004c 8b54 | 2460 4c89 | 5424 404c | 8b54 2450 | 4c89 5424 
  0x000002cd5cb47720: 484c 8b54 | 2460 4c89 | 5424 504c | 8b54 2468 | 4c89 5424 | 584c 8b54 | 2478 4c89 | 5424 6044 
  0x000002cd5cb47740: 8b9c 2480 | 0000 0044 | 895c 2468 | 4c8b 9424 | 9000 0000 | 4c89 5424 | 784c 8b94 | 2488 0000 
  0x000002cd5cb47760: 004c 8994 | 2480 0000 | 0066 6690 

  0x000002cd5cb4776c: ;   {runtime_call UncommonTrapBlob}
  0x000002cd5cb4776c: c5f8 77e8 

  0x000002cd5cb47770: ; ImmutableOopMap {rbp=Oop [40]=Oop [48]=Oop [64]=Oop [80]=Oop [88]=Oop [96]=Oop [104]=NarrowOop [120]=Oop [128]=Oop [152]=Oop [240]=Oop }
                      ;*new {reexecute=0 rethrow=0 return_oop=0}
                      ; - java.util.Hashtable::<init>@53
                      ; - java.util.Hashtable::<init>@5
                      ; - java.util.jar.JarVerifier::<init>@50
                      ; - java.util.jar.JarFile::getManifestFromReference@78
                      ; - java.util.jar.JarFile::getManifest@1
                      ; - jdk.internal.loader.URLClassPath$JarLoader$2::getManifest@22
                      ; - java.net.URLClassLoader::defineClass@34
                      ; - java.net.URLClassLoader$1::run@43
                      ; - java.net.URLClassLoader$1::run@1
                      ; - java.security.AccessController::executePrivileged@29
                      ; - java.security.AccessController::doPrivileged@13
                      ; - java.net.URLClassLoader::findClass@13
  0x000002cd5cb47770: 0ccc 31ff 

  0x000002cd5cb47774: ;   {other}
  0x000002cd5cb47774: 0f1f 8400 | 6460 006c | ba0f 0000 | 004c 8b54 | 2460 4c89 | 5424 404c | 8b54 2450 | 4c89 5424 
  0x000002cd5cb47794: 484c 8b54 | 2460 4c89 | 5424 504c | 8b54 2468 | 4c89 5424 | 584c 8b54 | 2478 4c89 | 5424 6044 
  0x000002cd5cb477b4: 8b9c 2480 | 0000 0044 | 895c 2468 | 4c8b 9424 | 9000 0000 | 4c89 5424 | 784c 8b94 | 2488 0000 
  0x000002cd5cb477d4: 004c 8994 | 2480 0000 | 0066 6690 

  0x000002cd5cb477e0: ;   {runtime_call UncommonTrapBlob}
  0x000002cd5cb477e0: c5f8 77e8 

  0x000002cd5cb477e4: ; ImmutableOopMap {rbp=Oop [40]=Oop [48]=Oop [64]=Oop [80]=Oop [88]=Oop [96]=Oop [104]=NarrowOop [120]=Oop [128]=Oop [152]=Oop [240]=Oop }
                      ;*new {reexecute=0 rethrow=0 return_oop=0}
                      ; - java.util.Hashtable::<init>@53
                      ; - java.util.Hashtable::<init>@4
                      ; - java.util.jar.JarVerifier::<init>@63
                      ; - java.util.jar.JarFile::getManifestFromReference@78
                      ; - java.util.jar.JarFile::getManifest@1
                      ; - jdk.internal.loader.URLClassPath$JarLoader$2::getManifest@22
                      ; - java.net.URLClassLoader::defineClass@34
                      ; - java.net.URLClassLoader$1::run@43
                      ; - java.net.URLClassLoader$1::run@1
                      ; - java.security.AccessController::executePrivileged@29
                      ; - java.security.AccessController::doPrivileged@13
                      ; - java.net.URLClassLoader::findClass@13
  0x000002cd5cb477e4: 98cb 31ff 

  0x000002cd5cb477e8: ;   {other}
  0x000002cd5cb477e8: 0f1f 8400 | d860 006d | 498b d849 | 8bd7 c5f8 | 7749 ba00 | 2a20 24fc | 7f00 0041 

  0x000002cd5cb47804: ;   {other}
  0x000002cd5cb47804: ffd2 0f1f | 8400 0000 | 0000 4c8b | c3e9 35c8 | ffff 498b | f049 8bd7 | c5f8 7749 | ba00 2a20 
  0x000002cd5cb47824: 24fc 7f00 | 0041 ffd2 

  0x000002cd5cb4782c: ;   {other}
  0x000002cd5cb4782c: 0f1f 8400 | 0000 0000 | 4c8b 8c24 | 8800 0000 | 4c8b c690 | e961 c8ff | ffba 45ff | ffff 4c8b 
  0x000002cd5cb4784c: 5424 604c | 8954 2440 | 4c8b 5424 | 504c 8954 | 2448 4c8b | 5424 604c | 8954 2450 | 4c8b 5424 
  0x000002cd5cb4786c: 684c 8954 | 2458 4c8b | 5424 784c | 8954 2460 | 448b 9c24 | 8000 0000 | 4489 5c24 | 684c 8944 
  0x000002cd5cb4788c: 2478 6690 

  0x000002cd5cb47890: ;   {runtime_call UncommonTrapBlob}
  0x000002cd5cb47890: c5f8 77e8 

  0x000002cd5cb47894: ; ImmutableOopMap {[40]=Oop [48]=Oop [64]=Oop [80]=Oop [88]=Oop [96]=Oop [104]=NarrowOop [120]=Oop [136]=Oop [240]=Oop }
                      ;*ifne {reexecute=1 rethrow=0 return_oop=0}
                      ; - (reexecute) java.util.jar.JarFile::getManifestFromReference@52
                      ; - java.util.jar.JarFile::getManifest@1
                      ; - jdk.internal.loader.URLClassPath$JarLoader$2::getManifest@22
                      ; - java.net.URLClassLoader::defineClass@34
                      ; - java.net.URLClassLoader$1::run@43
                      ; - java.net.URLClassLoader$1::run@1
                      ; - java.security.AccessController::executePrivileged@29
                      ; - java.security.AccessController::doPrivileged@13
                      ; - java.net.URLClassLoader::findClass@13
  0x000002cd5cb47894: e8ca 31ff 

  0x000002cd5cb47898: ;   {other}
  0x000002cd5cb47898: 0f1f 8400 | 8861 006e | ba45 ffff | ff48 8b6c | 2460 4c8b | 5424 284c | 8954 2420 | 4c8b 5424 
  0x000002cd5cb478b8: 304c 8954 | 2428 4c8b | 5424 504c | 8954 2440 | 4c8b 5424 | 684c 8954 | 2450 4c8b | 5424 784c 
  0x000002cd5cb478d8: 8954 2458 | 8944 2464 

  0x000002cd5cb478e0: ;   {runtime_call UncommonTrapBlob}
  0x000002cd5cb478e0: c5f8 77e8 

  0x000002cd5cb478e4: ; ImmutableOopMap {rbp=Oop [32]=Oop [40]=Oop [80]=Oop [88]=Oop [128]=NarrowOop [136]=Oop [144]=Oop [240]=Oop }
                      ;*if_icmpne {reexecute=1 rethrow=0 return_oop=0}
                      ; - (reexecute) java.util.jar.JarFile::getManifestFromReference@65
                      ; - java.util.jar.JarFile::getManifest@1
                      ; - jdk.internal.loader.URLClassPath$JarLoader$2::getManifest@22
                      ; - java.net.URLClassLoader::defineClass@34
                      ; - java.net.URLClassLoader$1::run@43
                      ; - java.net.URLClassLoader$1::run@1
                      ; - java.security.AccessController::executePrivileged@29
                      ; - java.security.AccessController::doPrivileged@13
                      ; - java.net.URLClassLoader::findClass@13
  0x000002cd5cb478e4: 98ca 31ff 

  0x000002cd5cb478e8: ;   {other}
  0x000002cd5cb478e8: 0f1f 8400 | d861 006f | 498b d7c5 | f877 49ba | 002a 2024 | fc7f 0000 

  0x000002cd5cb47900: ;   {other}
  0x000002cd5cb47900: 41ff d20f | 1f84 0000 | 0000 00e9 | 50d2 ffff | 498b d7c5 | f877 49ba | 002a 2024 | fc7f 0000 
  0x000002cd5cb47920: ;   {other}
  0x000002cd5cb47920: 41ff d20f | 1f84 0000 | 0000 00e9 | aad2 ffff | 498b d7c5 | f877 49ba | 002a 2024 | fc7f 0000 
  0x000002cd5cb47940: ;   {other}
  0x000002cd5cb47940: 41ff d20f | 1f84 0000 | 0000 00e9 | 25bc ffff | 498b d7c5 | f877 49ba | 002a 2024 | fc7f 0000 
  0x000002cd5cb47960: ;   {other}
  0x000002cd5cb47960: 41ff d20f | 1f84 0000 | 0000 00e9 | 8bbd ffff | 498b d7c5 | f877 49ba | 002a 2024 | fc7f 0000 
  0x000002cd5cb47980: ;   {other}
  0x000002cd5cb47980: 41ff d20f | 1f84 0000 | 0000 00e9 | 22bd ffff | 488b fb49 | 8bd9 498b | d7c5 f877 | 49ba 002a 
  0x000002cd5cb479a0: 2024 fc7f | 0000 41ff 

  0x000002cd5cb479a8: ;   {other}
  0x000002cd5cb479a8: d20f 1f84 | 0000 0000 | 004c 8bcb | 488b dfe9 | 20c2 ffff | 498b f049 | 8bd7 c5f8 | 7749 ba00 
  0x000002cd5cb479c8: 2a20 24fc | 7f00 0041 

  0x000002cd5cb479d0: ;   {other}
  0x000002cd5cb479d0: ffd2 0f1f | 8400 0000 | 0000 e9be | d2ff ff49 | 8bf8 498b | d7c5 f877 | 49ba 002a | 2024 fc7f 
  0x000002cd5cb479f0: 0000 41ff 

  0x000002cd5cb479f4: ;   {other}
  0x000002cd5cb479f4: d20f 1f84 | 0000 0000 | 0066 6690 | e918 d3ff | ff49 8bf8 | 498b d7c5 | f877 49ba | 002a 2024 
  0x000002cd5cb47a14: fc7f 0000 

  0x000002cd5cb47a18: ;   {other}
  0x000002cd5cb47a18: 41ff d20f | 1f84 0000 | 0000 00e9 | b5d2 ffff | 498b d7c5 | f877 49ba | 002a 2024 | fc7f 0000 
  0x000002cd5cb47a38: ;   {other}
  0x000002cd5cb47a38: 41ff d20f | 1f84 0000 | 0000 00e9 | 52d3 ffff | 498b d7c5 | f877 49ba | 002a 2024 | fc7f 0000 
  0x000002cd5cb47a58: ;   {other}
  0x000002cd5cb47a58: 41ff d20f | 1f84 0000 | 0000 00e9 | 2cbe ffff | 498b d7c5 | f877 49ba | 002a 2024 | fc7f 0000 
  0x000002cd5cb47a78: ;   {other}
  0x000002cd5cb47a78: 41ff d20f | 1f84 0000 | 0000 00e9 | 55d3 ffff | 498b f849 | 8bd7 c5f8 | 7749 ba00 | 2a20 24fc 
  0x000002cd5cb47a98: 7f00 0041 

  0x000002cd5cb47a9c: ;   {other}
  0x000002cd5cb47a9c: ffd2 0f1f | 8400 0000 | 0000 4c8b | c7e9 f4d3 | ffff 498b | f949 8bd8 | 498b d7c5 | f877 49ba 
  0x000002cd5cb47abc: 002a 2024 | fc7f 0000 

  0x000002cd5cb47ac4: ;   {other}
  0x000002cd5cb47ac4: 41ff d20f | 1f84 0000 | 0000 004c | 8bc3 4c8b | cfe9 54c4 | ffff 498b | d7c5 f877 | 49ba 002a 
  0x000002cd5cb47ae4: 2024 fc7f | 0000 41ff 

  0x000002cd5cb47aec: ;   {other}
  0x000002cd5cb47aec: d20f 1f84 | 0000 0000 | 00e9 65d3 | ffff 498b | d7c5 f877 | 49ba 002a | 2024 fc7f | 0000 41ff 
  0x000002cd5cb47b0c: ;   {other}
  0x000002cd5cb47b0c: d20f 1f84 | 0000 0000 | 00e9 82c4 | ffff ba3d | ffff ff48 | 8b6c 2460 | 4c8b 5c24 | 284c 895c 
  0x000002cd5cb47b2c: 2420 4c8b | 5c24 304c | 895c 2428 | 4c8b 5c24 | 504c 895c | 2440 4c8b | 5c24 684c | 895c 2450 
  0x000002cd5cb47b4c: 4c8b 5c24 | 784c 895c | 2460 448b | 9c24 8000 | 0000 4489 | 5c24 684c | 8b9c 2488 | 0000 004c 
  0x000002cd5cb47b6c: 895c 2478 | 448b 8424 | 8400 0000 | 4489 4424 | 6c4c 8b9c | 2498 0000 | 004c 899c | 2480 0000 
  0x000002cd5cb47b8c: 0044 8b9c | 24a0 0000 | 0044 899c | 2498 0000 | 0044 8994 | 24c8 0000 | 0066 6690 

  0x000002cd5cb47ba8: ;   {runtime_call UncommonTrapBlob}
  0x000002cd5cb47ba8: c5f8 77e8 

  0x000002cd5cb47bac: ; ImmutableOopMap {rbp=Oop [32]=Oop [40]=Oop [80]=Oop [88]=Oop [96]=Oop [104]=NarrowOop [108]=NarrowOop [120]=Oop [128]=Oop [144]=Oop [152]=NarrowOop [168]=Oop [240]=Oop }
                      ;*ifge {reexecute=1 rethrow=0 return_oop=0}
                      ; - (reexecute) java.util.HashMap::<init>@5
                      ; - java.util.HashMap::<init>@4
                      ; - java.util.LinkedHashMap::<init>@2
                      ; - java.util.LinkedHashMap::newLinkedHashMap@39
                      ; - java.util.jar.Attributes::<init>@6
                      ; - java.util.jar.Attributes::<init>@3
                      ; - java.util.jar.Manifest::<init>@9
                      ; - java.util.jar.JarFile::getManifestFromReference@121
                      ; - java.util.jar.JarFile::getManifest@1
                      ; - jdk.internal.loader.URLClassPath$JarLoader$2::getManifest@22
                      ; - java.net.URLClassLoader::defineClass@34
                      ; - java.net.URLClassLoader$1::run@43
                      ; - java.net.URLClassLoader$1::run@1
                      ; - java.security.AccessController::executePrivileged@29
                      ; - java.security.AccessController::doPrivileged@13
                      ; - java.net.URLClassLoader::findClass@13
  0x000002cd5cb47bac: d0c7 31ff 

  0x000002cd5cb47bb0: ;   {other}
  0x000002cd5cb47bb0: 0f1f 8400 | a064 0070 | ba45 ffff | ff4c 8b54 | 2460 4c89 | 5424 404c | 8b54 2450 | 4c89 5424 
  0x000002cd5cb47bd0: 484c 8b54 | 2460 4c89 | 5424 504c | 8b54 2468 | 4c89 5424 | 584c 8b54 | 2478 4c89 | 5424 6044 
  0x000002cd5cb47bf0: 8b9c 2480 | 0000 0044 | 895c 2468 | 4c8b 9424 | 8800 0000 | 4c89 5424 | 7844 8b94 | 2484 0000 
  0x000002cd5cb47c10: 0044 8954 | 246c 4c8b | 9424 9800 | 0000 4c89 | 9424 8000 | 0000 448b | 9c24 a000 | 0000 4489 
  0x000002cd5cb47c30: 9c24 9800 | 0000 4c89 | 8424 c000 | 0000 4c89 | 8424 c800 | 0000 6690 

  0x000002cd5cb47c48: ;   {runtime_call UncommonTrapBlob}
  0x000002cd5cb47c48: c5f8 77e8 

  0x000002cd5cb47c4c: ; ImmutableOopMap {[40]=Oop [48]=Oop [64]=Oop [80]=Oop [88]=Oop [96]=Oop [104]=NarrowOop [108]=NarrowOop [120]=Oop [128]=Oop [144]=Oop [152]=NarrowOop [168]=Oop [192]=Oop [200]=Oop [240]=Oop }
                      ;*if_icmplt {reexecute=1 rethrow=0 return_oop=0}
                      ; - (reexecute) java.util.HashMap::tableSizeFor@20
                      ; - java.util.HashMap::<init>@91
                      ; - java.util.HashMap::<init>@4
                      ; - java.util.LinkedHashMap::<init>@2
                      ; - java.util.LinkedHashMap::newLinkedHashMap@39
                      ; - java.util.jar.Attributes::<init>@6
                      ; - java.util.jar.Attributes::<init>@3
                      ; - java.util.jar.Manifest::<init>@9
                      ; - java.util.jar.JarFile::getManifestFromReference@121
                      ; - java.util.jar.JarFile::getManifest@1
                      ; - jdk.internal.loader.URLClassPath$JarLoader$2::getManifest@22
                      ; - java.net.URLClassLoader::defineClass@34
                      ; - java.net.URLClassLoader$1::run@43
                      ; - java.net.URLClassLoader$1::run@1
                      ; - java.security.AccessController::executePrivileged@29
                      ; - java.security.AccessController::doPrivileged@13
                      ; - java.net.URLClassLoader::findClass@13
  0x000002cd5cb47c4c: 30c7 31ff 

  0x000002cd5cb47c50: ;   {other}
  0x000002cd5cb47c50: 0f1f 8400 | 4065 0071 | 498b f145 | 8bea 498b | d7c5 f877 | 49ba 002a | 2024 fc7f | 0000 41ff 
  0x000002cd5cb47c70: ;   {other}
  0x000002cd5cb47c70: d20f 1f84 | 0000 0000 | 004c 8b84 | 2498 0000 | 0045 8bd5 | 4c8b cee9 | f0b4 ffff | 498b d949 
  0x000002cd5cb47c90: 8bd7 c5f8 | 7749 ba00 | 2a20 24fc | 7f00 0041 

  0x000002cd5cb47ca0: ;   {other}
  0x000002cd5cb47ca0: ffd2 0f1f | 8400 0000 | 0000 4c8b | cbe9 69b4 | ffff 488b | f349 8bf9 | 498b d849 | 8bd7 c5f8 
  0x000002cd5cb47cc0: 7749 ba00 | 2a20 24fc | 7f00 0041 

  0x000002cd5cb47ccc: ;   {other}
  0x000002cd5cb47ccc: ffd2 0f1f | 8400 0000 | 0000 4c8b | c34c 8bcf | 488b de90 | e928 b5ff | ff49 8bd7 | c5f8 7749 
  0x000002cd5cb47cec: ba00 2a20 | 24fc 7f00 | 0041 ffd2 

  0x000002cd5cb47cf8: ;   {other}
  0x000002cd5cb47cf8: 0f1f 8400 | 0000 0000 | e971 b5ff | ffba 3dff | ffff 4c8b | 5c24 604c | 895c 2440 | 4c8b 5c24 
  0x000002cd5cb47d18: 504c 895c | 2448 4c8b | 5c24 604c | 895c 2450 | 4c8b 5c24 | 684c 895c | 2458 4c8b | 5c24 784c 
  0x000002cd5cb47d38: 895c 2460 | 448b 9c24 | 8000 0000 | 4489 5c24 | 684c 8b9c | 2488 0000 | 004c 895c | 2478 448b 
  0x000002cd5cb47d58: 8424 8400 | 0000 4489 | 4424 6c4c | 8b9c 2498 | 0000 004c | 899c 2480 | 0000 0044 | 8994 24c4 
  0x000002cd5cb47d78: 0000 0090 

  0x000002cd5cb47d7c: ;   {runtime_call UncommonTrapBlob}
  0x000002cd5cb47d7c: c5f8 77e8 

  0x000002cd5cb47d80: ; ImmutableOopMap {rbp=Oop [40]=Oop [48]=Oop [64]=Oop [80]=Oop [88]=Oop [96]=Oop [104]=NarrowOop [108]=NarrowOop [120]=Oop [128]=Oop [144]=Oop [160]=Oop [240]=Oop }
                      ;*ifge {reexecute=1 rethrow=0 return_oop=0}
                      ; - (reexecute) java.util.HashMap::<init>@5
                      ; - java.util.HashMap::<init>@4
                      ; - java.util.LinkedHashMap::<init>@2
                      ; - java.util.LinkedHashMap::newLinkedHashMap@39
                      ; - java.util.jar.Attributes::<init>@6
                      ; - java.util.jar.Attributes::<init>@3
                      ; - java.util.jar.Manifest::<init>@9
                      ; - java.util.jar.Manifest::<init>@4
                      ; - java.util.jar.JarFile::getManifestFromReference@143
                      ; - java.util.jar.JarFile::getManifest@1
                      ; - jdk.internal.loader.URLClassPath$JarLoader$2::getManifest@22
                      ; - java.net.URLClassLoader::defineClass@34
                      ; - java.net.URLClassLoader$1::run@43
                      ; - java.net.URLClassLoader$1::run@1
                      ; - java.security.AccessController::executePrivileged@29
                      ; - java.security.AccessController::doPrivileged@13
                      ; - java.net.URLClassLoader::findClass@13
  0x000002cd5cb47d80: fcc5 31ff 

  0x000002cd5cb47d84: ;   {other}
  0x000002cd5cb47d84: 0f1f 8400 | 7466 0072 | ba45 ffff | ff4c 8b5c | 2460 4c89 | 5c24 404c | 8b5c 2450 | 4c89 5c24 
  0x000002cd5cb47da4: 484c 8b5c | 2460 4c89 | 5c24 504c | 8b5c 2468 | 4c89 5c24 | 584c 8b5c | 2478 4c89 | 5c24 6044 
  0x000002cd5cb47dc4: 8b9c 2480 | 0000 0044 | 895c 2468 | 4c8b 9c24 | 8800 0000 | 4c89 5c24 | 7844 8b84 | 2484 0000 
  0x000002cd5cb47de4: 0044 8944 | 246c 4c8b | 9c24 9800 | 0000 4c89 | 9c24 8000 | 0000 8984 | 24b8 0000 | 0066 6690 
  0x000002cd5cb47e04: ;   {runtime_call UncommonTrapBlob}
  0x000002cd5cb47e04: c5f8 77e8 

  0x000002cd5cb47e08: ; ImmutableOopMap {rbp=Oop [40]=Oop [48]=Oop [64]=Oop [80]=Oop [88]=Oop [96]=Oop [104]=NarrowOop [108]=NarrowOop [120]=Oop [128]=Oop [144]=Oop [160]=Oop [240]=Oop }
                      ;*ifeq {reexecute=1 rethrow=0 return_oop=0}
                      ; - (reexecute) java.util.HashMap::<init>@54
                      ; - java.util.HashMap::<init>@4
                      ; - java.util.LinkedHashMap::<init>@2
                      ; - java.util.LinkedHashMap::newLinkedHashMap@39
                      ; - java.util.jar.Attributes::<init>@6
                      ; - java.util.jar.Attributes::<init>@3
                      ; - java.util.jar.Manifest::<init>@9
                      ; - java.util.jar.Manifest::<init>@4
                      ; - java.util.jar.JarFile::getManifestFromReference@143
                      ; - java.util.jar.JarFile::getManifest@1
                      ; - jdk.internal.loader.URLClassPath$JarLoader$2::getManifest@22
                      ; - java.net.URLClassLoader::defineClass@34
                      ; - java.net.URLClassLoader$1::run@43
                      ; - java.net.URLClassLoader$1::run@1
                      ; - java.security.AccessController::executePrivileged@29
                      ; - java.security.AccessController::doPrivileged@13
                      ; - java.net.URLClassLoader::findClass@13
  0x000002cd5cb47e08: 74c5 31ff 

  0x000002cd5cb47e0c: ;   {other}
  0x000002cd5cb47e0c: 0f1f 8400 | fc66 0073 | 4c8b 5c24 | 5845 8b53 | 2866 6690 | 4585 d20f | 8447 ecff | ff4d 8b5f 
  0x000002cd5cb47e2c: 2849 8bca | 48c1 e103 | 4d85 db0f | 842a 1200 | 004d 8b57 | 384b 894c | 1af8 4983 | c3f8 4d89 
  0x000002cd5cb47e4c: 5f28 4c8b | 5c24 58e9 | 18ec ffff | 458b 5010 | 0f1f 4000 | 4585 d20f | 84ab ebff | ff4d 8b5f 
  0x000002cd5cb47e6c: 2849 8bca | 48c1 e103 | 4d85 db0f | 84c7 1100 | 0049 8bd8 | 4d8b 5738 | 4b89 4c1a | f849 83c3 
  0x000002cd5cb47e8c: f84d 895f | 284c 8bc3 | e97b ebff | ff4d 8b57 | 484d 8b5f | 58f0 8344 | 24c0 0080 | 3900 0f84 
  0x000002cd5cb47eac: a9eb ffff | 4488 214d | 85d2 7520 | 498b d7c5 | f877 49ba | e029 2024 | fc7f 0000 

  0x000002cd5cb47ec8: ;   {other}
  0x000002cd5cb47ec8: 41ff d20f | 1f84 0000 | 0000 00e9 | 81eb ffff | 4b89 4c13 | f849 83c2 | f84d 8957 | 48e9 6feb 
  0x000002cd5cb47ee8: ffff 4c8b | c345 8b58 | 2c45 85db | 0f84 94de | ffff 4d8b | 5728 498b | cb48 c1e1 | 034d 85d2 
  0x000002cd5cb47f08: 0f84 4a12 | 0000 4d8b | 5f38 4b89 | 4c13 f849 | 83c2 f84d | 8957 284c | 8bc3 e967 | deff ff4c 
  0x000002cd5cb47f28: 8b94 2490 | 0000 0045 | 8b5a 1445 | 85db 0f84 | efdf ffff | 4d8b 5728 | 498b cb48 | c1e1 034d 
  0x000002cd5cb47f48: 85d2 0f84 | 2812 0000 | 4d8b 5f38 | 4b89 4c13 | f849 83c2 | f84d 8957 | 28e9 c5df | ffff 448b 
  0x000002cd5cb47f68: 551c 4585 | d20f 8467 | dfff ff4d | 8b5f 2849 | 8bca 48c1 | e103 6690 | 4d85 db0f | 840f 1200 
  0x000002cd5cb47f88: 004d 8b57 | 384b 894c | 1af8 4983 | c3f8 4d89 | 5f28 e93b | dfff ff4c | 8b94 2490 | 0000 0045 
  0x000002cd5cb47fa8: 8b52 1045 | 85d2 0f84 | 06e1 ffff | 4d8b 5f28 | 498b ca48 | c1e1 0390 | 4d85 db0f | 84ef 1100 
  0x000002cd5cb47fc8: ;   {no_reloc}
  0x000002cd5cb47fc8: 004d 8b57 | 384b 894c | 1af8 4983 | c3f8 4d89 | 5f28 e9db | e0ff ff44 | 8b5d 1c45 | 85db 0f84 
  0x000002cd5cb47fe8: 85e0 ffff | 4d8b 5728 | 498b cb48 | c1e1 0366 | 0f1f 8400 | 0000 0000 | 4d85 d20f | 84cf 1100 
  0x000002cd5cb48008: 004d 8b5f | 384b 894c | 13f8 4983 | c2f8 4d89 | 5728 e952 | e0ff ff4c | 8b94 2490 | 0000 0045 
  0x000002cd5cb48028: 8b5a 1c45 | 85db 0f84 | c2e2 ffff | 4d8b 5728 | 498b cb48 | c1e1 0390 | 4d85 d20f | 840f 1200 
  0x000002cd5cb48048: 004d 8b5f | 384b 894c | 13f8 4983 | c2f8 4d89 | 5728 e997 | e2ff ff4c | 8b94 2490 | 0000 0045 
  0x000002cd5cb48068: 8b5a 2445 | 85db 0f84 | c0e3 ffff | 4d8b 5728 | 498b cb48 | c1e1 0390 | 4d85 d20f | 84ef 1100 
  0x000002cd5cb48088: 004d 8b5f | 384b 894c | 13f8 4983 | c2f8 4d89 | 5728 e995 | e3ff ff4c | 8b94 2490 | 0000 0045 
  0x000002cd5cb480a8: 8b5a 3445 | 85db 0f84 | 17e4 ffff | 4d8b 5728 | 498b cb48 | c1e1 0390 | 4d85 d20f | 844f 1100 
  0x000002cd5cb480c8: ;   {no_reloc}
  0x000002cd5cb480c8: 004d 8b5f | 384b 894c | 13f8 4983 | c2f8 4d89 | 5728 e9ec | e3ff ff4c | 8b94 2490 | 0000 0045 
  0x000002cd5cb480e8: 8b5a 3845 | 85db 0f84 | 7de4 ffff | 4d8b 5728 | 498b cb48 | c1e1 0390 | 4d85 d20f | 848f 1100 
  0x000002cd5cb48108: 004d 8b5f | 384b 894c | 13f8 4983 | c2f8 4d89 | 5728 e952 | e4ff ff4c | 8b94 2488 | 0000 0045 
  0x000002cd5cb48128: 8b5a 3045 | 85db 0f84 | 87e4 ffff | 4d8b 5728 | 498b cb48 | c1e1 0390 | 4d85 d20f | 84af 1000 
  0x000002cd5cb48148: 004d 8b5f | 384b 894c | 13f8 4983 | c2f8 4d89 | 5728 e95c | e4ff ff4c | 8b94 2490 | 0000 0045 
  0x000002cd5cb48168: 8b5a 1845 | 85db 0f84 | e5e0 ffff | 4d8b 5728 | 498b cb48 | c1e1 0390 | 4d85 d20f | 84af 1000 
  0x000002cd5cb48188: 004d 8b5f | 384b 894c | 13f8 4983 | c2f8 4d89 | 5728 e9ba | e0ff ff44 | 8b55 1c45 | 85d2 0f84 
  0x000002cd5cb481a8: 4ae0 ffff | 4d8b 5f28 | 498b ca48 | c1e1 0366 | 0f1f 8400 | 0000 0000 | 4d85 db0f | 84ef 1000 
  0x000002cd5cb481c8: ;   {no_reloc}
  0x000002cd5cb481c8: 004d 8b57 | 384b 894c | 1af8 4983 | c3f8 4d89 | 5f28 e917 | e0ff ff4c | 8b94 2488 | 0000 0045 
  0x000002cd5cb481e8: 8b5a 0c45 | 85db 0f84 | 60e6 ffff | 4d8b 5728 | 498b cb48 | c1e1 0390 | 4d85 d20f | 840f 1100 
  0x000002cd5cb48208: 004d 8b5f | 384b 894c | 13f8 4983 | c2f8 4d89 | 5728 e935 | e6ff ff44 | 8b5d 0c45 | 85db 0f84 
  0x000002cd5cb48228: bfe5 ffff | 4d8b 5728 | 498b cb48 | c1e1 0366 | 0f1f 8400 | 0000 0000 | 4d85 d20f | 84af 1000 
  0x000002cd5cb48248: 004d 8b5f | 384b 894c | 13f8 4983 | c2f8 4d89 | 5728 e98c | e5ff ff4c | 8b94 2488 | 0000 0045 
  0x000002cd5cb48268: 8b5a 1045 | 85db 0f84 | 7de6 ffff | 4d8b 5728 | 498b cb48 | c1e1 0390 | 4d85 d20f | 844f 1000 
  0x000002cd5cb48288: 004d 8b5f | 384b 894c | 13f8 4983 | c2f8 4d89 | 5728 e952 | e6ff ff4c | 8b84 2488 | 0000 0045 
  0x000002cd5cb482a8: 8b58 1445 | 85db 0f84 | bfe6 ffff | 498b d84d | 8b57 2849 | 8bcb 48c1 | e103 4d85 

  0x000002cd5cb482c4: ;   {no_reloc}
  0x000002cd5cb482c4: d20f 846d | 1000 004d | 8b5f 384b | 894c 13f8 | 4983 c2f8 | 4d89 5728 | 4c8b c390 | e98e e6ff 
  0x000002cd5cb482e4: ff4d 8b57 | 584d 8b5f | 48f0 8344 | 24c0 0080 | 3900 0f84 | 1cdc ffff | 4488 2190 | 4d85 db75 
  0x000002cd5cb48304: 2049 8bd7 | c5f8 7749 | bae0 2920 | 24fc 7f00 | 0041 ffd2 

  0x000002cd5cb48318: ;   {other}
  0x000002cd5cb48318: 0f1f 8400 | 0000 0000 | e9f3 dbff | ff4b 894c | 1af8 4983 | c3f8 4d89 | 5f48 e9e1 | dbff ff4d 
  0x000002cd5cb48338: 8b57 484d | 8b5f 58f0 | 8344 24c0 | 0080 3900 | 0f84 21dc | ffff 4488 | 214d 85d2 | 7520 498b 
  0x000002cd5cb48358: d7c5 f877 | 49ba e029 | 2024 fc7f | 0000 41ff 

  0x000002cd5cb48368: ;   {other}
  0x000002cd5cb48368: d20f 1f84 | 0000 0000 | 00e9 f9db | ffff 4b89 | 4c13 f849 | 83c2 f84d | 8957 48e9 | e7db ffff 
  0x000002cd5cb48388: 4d8b 5758 | 4d8b 5f48 | f083 4424 | c000 8039 | 000f 8410 | ddff ff44 | 8821 4d85 | db75 2049 
  0x000002cd5cb483a8: 8bd7 c5f8 | 7749 bae0 | 2920 24fc | 7f00 0041 

  0x000002cd5cb483b8: ;   {other}
  0x000002cd5cb483b8: ffd2 0f1f | 8400 0000 | 0000 e9e8 | dcff ff4b | 894c 1af8 | 4983 c3f8 | 4d89 5f48 | e9d6 dcff 
  0x000002cd5cb483d8: ff4d 8b57 | 484d 8b5f | 58f0 8344 | 24c0 0080 | 3900 0f84 | 0fdd ffff | 4488 214d | 85d2 7520 
  0x000002cd5cb483f8: 498b d7c5 | f877 49ba | e029 2024 | fc7f 0000 

  0x000002cd5cb48408: ;   {other}
  0x000002cd5cb48408: 41ff d20f | 1f84 0000 | 0000 00e9 | e7dc ffff | 4b89 4c13 | f849 83c2 | f84d 8957 | 48e9 d5dc 
  0x000002cd5cb48428: ffff 4d8b | 5758 4d8b | 5f48 f083 | 4424 c000 | 0f1f 8400 | 0000 0000 | 8039 000f | 84e0 dfff 
  0x000002cd5cb48448: ff44 8821 | 4d85 db75 | 2049 8bd7 | c5f8 7749 | bae0 2920 | 24fc 7f00 | 0041 ffd2 

  0x000002cd5cb48464: ;   {other}
  0x000002cd5cb48464: 0f1f 8400 | 0000 0000 | e9b8 dfff | ff4b 894c | 1af8 4983 | c3f8 4d89 | 5f48 6690 | e9a4 dfff 
  0x000002cd5cb48484: ff49 8bd8 | 4d8b 5748 | 4d8b 5f58 | f083 4424 | c000 8039 | 0074 3444 | 8821 6690 | 4d85 d274 
  0x000002cd5cb484a4: 0f4b 894c | 13f8 4983 | c2f8 4d89 | 5748 eb1b | 498b d7c5 | f877 49ba | e029 2024 | fc7f 0000 
  0x000002cd5cb484c4: ;   {other}
  0x000002cd5cb484c4: 41ff d20f | 1f84 0000 | 0000 004c | 8bc3 e932 | e1ff ff4d | 8b57 584d | 8b5f 48f0 | 8344 24c0 
  0x000002cd5cb484e4: 0080 3900 | 0f84 1ce0 | ffff 4488 | 214d 85db | 7520 498b | d7c5 f877 | 49ba e029 | 2024 fc7f 
  0x000002cd5cb48504: 0000 41ff 

  0x000002cd5cb48508: ;   {other}
  0x000002cd5cb48508: d20f 1f84 | 0000 0000 | 00e9 f4df | ffff 4b89 | 4c1a f849 | 83c3 f84d | 895f 48e9 | e2df ffff 
  0x000002cd5cb48528: 4d8b 5748 | 4d8b 5f58 | f083 4424 | c000 8039 | 000f 8432 | dfff ff44 | 8821 4d85 | d275 2049 
  0x000002cd5cb48548: 8bd7 c5f8 | 7749 bae0 | 2920 24fc | 7f00 0041 

  0x000002cd5cb48558: ;   {other}
  0x000002cd5cb48558: ffd2 0f1f | 8400 0000 | 0000 e90a | dfff ff4b | 894c 13f8 | 4983 c2f8 | 4d89 5748 | e9f8 deff 
  0x000002cd5cb48578: ff4d 8b57 | 484d 8b5f | 58f0 8344 | 24c0 0080 | 3900 0f84 | 0fdd ffff | 4488 214d | 85d2 7520 
  0x000002cd5cb48598: 498b d7c5 | f877 49ba | e029 2024 | fc7f 0000 

  0x000002cd5cb485a8: ;   {other}
  0x000002cd5cb485a8: 41ff d20f | 1f84 0000 | 0000 00e9 | e7dc ffff | 4b89 4c13 | f849 83c2 | f84d 8957 | 48e9 d5dc 
  0x000002cd5cb485c8: ffff 4d8b | 5758 4d8b | 5f48 f083 | 4424 c000 | 0f1f 8400 | 0000 0000 | 8039 000f | 84c7 dfff 
  0x000002cd5cb485e8: ff44 8821 | 4d85 db75 | 2049 8bd7 | c5f8 7749 | bae0 2920 | 24fc 7f00 | 0041 ffd2 

  0x000002cd5cb48604: ;   {other}
  0x000002cd5cb48604: 0f1f 8400 | 0000 0000 | e99f dfff | ff4b 894c | 1af8 4983 | c3f8 4d89 | 5f48 6690 | e98b dfff 
  0x000002cd5cb48624: ff4d 8b57 | 584d 8b5f | 48f0 8344 | 24c0 0080 | 3900 0f84 | f9dc ffff | 4488 2190 | 4d85 db75 
  0x000002cd5cb48644: 2049 8bd7 | c5f8 7749 | bae0 2920 | 24fc 7f00 | 0041 ffd2 

  0x000002cd5cb48658: ;   {other}
  0x000002cd5cb48658: 0f1f 8400 | 0000 0000 | e9d0 dcff | ff4b 894c | 1af8 4983 | c3f8 4d89 | 5f48 e9be | dcff ff4d 
  0x000002cd5cb48678: 8b57 584d | 8b5f 48f0 | 8344 24c0 | 0080 3900 | 0f84 c0db | ffff 4488 | 214d 85db | 7520 498b 
  0x000002cd5cb48698: d7c5 f877 | 49ba e029 | 2024 fc7f | 0000 41ff 

  0x000002cd5cb486a8: ;   {other}
  0x000002cd5cb486a8: d20f 1f84 | 0000 0000 | 00e9 98db | ffff 4b89 | 4c1a f849 | 83c3 f84d | 895f 48e9 | 86db ffff 
  0x000002cd5cb486c8: 4d8b 5748 | 4d8b 5f58 | f083 4424 | c000 8039 | 000f 84b2 | e1ff ff44 | 8821 4d85 | d275 2049 
  0x000002cd5cb486e8: 8bd7 c5f8 | 7749 bae0 | 2920 24fc | 7f00 0041 

  0x000002cd5cb486f8: ;   {other}
  0x000002cd5cb486f8: ffd2 0f1f | 8400 0000 | 0000 e98a | e1ff ff4b | 894c 13f8 | 4983 c2f8 | 4d89 5748 | e978 e1ff 
  0x000002cd5cb48718: ff4d 8b57 | 484d 8b5f | 58f0 8344 | 24c0 0080 | 3900 0f84 | 05e2 ffff | 4488 214d | 85d2 7520 
  0x000002cd5cb48738: 498b d7c5 | f877 49ba | e029 2024 | fc7f 0000 

  0x000002cd5cb48748: ;   {other}
  0x000002cd5cb48748: 41ff d20f | 1f84 0000 | 0000 00e9 | dde1 ffff | 4b89 4c13 | f849 83c2 | f84d 8957 | 48e9 cbe1 
  0x000002cd5cb48768: ffff 4d8b | 5748 4d8b | 5f58 f083 | 4424 c000 | 0f1f 8400 | 0000 0000 | 8039 000f | 84c0 e0ff 
  0x000002cd5cb48788: ff44 8821 | 4d85 d275 | 2049 8bd7 | c5f8 7749 | bae0 2920 | 24fc 7f00 | 0041 ffd2 

  0x000002cd5cb487a4: ;   {other}
  0x000002cd5cb487a4: 0f1f 8400 | 0000 0000 | e998 e0ff | ff4b 894c | 13f8 4983 | c2f8 4d89 | 5748 6690 | e984 e0ff 
  0x000002cd5cb487c4: ff4d 8b57 | 584d 8b5f | 48f0 8344 | 24c0 0080 | 3900 0f84 | a3d5 ffff | 4488 2190 | 4d85 db75 
  0x000002cd5cb487e4: 2049 8bd7 | c5f8 7749 | bae0 2920 | 24fc 7f00 | 0041 ffd2 

  0x000002cd5cb487f8: ;   {other}
  0x000002cd5cb487f8: 0f1f 8400 | 0000 0000 | e97a d5ff | ff4b 894c | 1af8 4983 | c3f8 4d89 | 5f48 e968 | d5ff ff4d 
  0x000002cd5cb48818: 8b57 584d | 8b5f 48f0 | 8344 24c0 | 0080 3900 | 0f84 acd5 | ffff 4488 | 214d 85db | 7520 498b 
  0x000002cd5cb48838: d7c5 f877 | 49ba e029 | 2024 fc7f | 0000 41ff 

  0x000002cd5cb48848: ;   {other}
  0x000002cd5cb48848: d20f 1f84 | 0000 0000 | 00e9 84d5 | ffff 4b89 | 4c1a f849 | 83c3 f84d | 895f 48e9 | 72d5 ffff 
  0x000002cd5cb48868: 4d8b 5748 | 4d8b 5f58 | f083 4424 | c000 8039 | 000f 8433 | e1ff ff44 | 8821 4d85 | d275 2649 
  0x000002cd5cb48888: 8bd8 498b | d7c5 f877 | 49ba e029 | 2024 fc7f | 0000 41ff 

  0x000002cd5cb4889c: ;   {other}
  0x000002cd5cb4889c: d20f 1f84 | 0000 0000 | 004c 8bc3 | e905 e1ff | ff4b 894c | 13f8 4983 | c2f8 4d89 | 5748 e9f3 
  0x000002cd5cb488bc: e0ff ff4c | 8b54 2470 | 458b 520c | 4585 d20f | 8445 d2ff | ff4d 8b5f | 2849 8bca | 48c1 e103 
  0x000002cd5cb488dc: 0f1f 4000 | 4d85 db0f | 84af 0a00 | 004d 8b57 | 384b 894c | 1af8 4983 | c3f8 4d89 | 5f28 e917 
  0x000002cd5cb488fc: d2ff ff4c | 8b4c 2470 | 458b 5110 | 4585 d20f | 84a5 d2ff | ff49 8bf8 | 4d8b 5f28 | 498b ca48 
  0x000002cd5cb4891c: c1e1 0390 | 4d85 db0f | 842f 0a00 | 004d 8b57 | 384b 894c | 1af8 4983 | c3f8 4d89 | 5f28 4c8b 
  0x000002cd5cb4893c: 4c24 704c | 8bc7 e96f | d2ff ff44 | 8b55 0c45 | 85d2 0f84 | 5bd1 ffff | 4d8b 5f28 | 498b ca48 
  0x000002cd5cb4895c: c1e1 0390 | 4d85 db0f | 840f 0a00 | 004d 8b57 | 384b 894c | 1af8 4983 | c3f8 4d89 | 5f28 e930 
  0x000002cd5cb4897c: d1ff ff4c | 8bc5 458b | 5014 4585 | d20f 848f | d2ff ff4d | 8b5f 2849 | 8bca 48c1 | e103 660f 
  0x000002cd5cb4899c: ;   {no_reloc}
  0x000002cd5cb4899c: 1f44 0000 | 4d85 db0f | 840f 0a00 | 004d 8b57 | 384b 894c | 1af8 4983 | c3f8 4d89 | 5f28 e95f 
  0x000002cd5cb489bc: d2ff ff4d | 8b57 484d | 8b5f 58f0 | 8344 24c0 | 0080 3900 | 0f84 77d1 | ffff 4488 | 214d 85d2 
  0x000002cd5cb489dc: 7520 498b | d7c5 f877 | 49ba e029 | 2024 fc7f | 0000 41ff 

  0x000002cd5cb489f0: ;   {other}
  0x000002cd5cb489f0: d20f 1f84 | 0000 0000 | 00e9 4fd1 | ffff 4b89 | 4c13 f849 | 83c2 f84d | 8957 48e9 | 3dd1 ffff 
  0x000002cd5cb48a10: 498b d94d | 8b57 584d | 8b5f 48f0 | 8344 24c0 | 0080 3900 | 7432 4488 | 214d 85db | 740f 4b89 
  0x000002cd5cb48a30: 4c1a f849 | 83c3 f84d | 895f 48eb | 1b49 8bd7 | c5f8 7749 | bae0 2920 | 24fc 7f00 | 0041 ffd2 
  0x000002cd5cb48a50: ;   {other}
  0x000002cd5cb48a50: 0f1f 8400 | 0000 0000 | 4c8b cb0f | 1f44 0000 | e988 d1ff | ff4d 8b57 | 484d 8b5f | 58f0 8344 
  0x000002cd5cb48a70: 24c0 0080 | 3900 0f84 | 8fd0 ffff | 4488 2190 | 4d85 d275 | 2049 8bd7 | c5f8 7749 | bae0 2920 
  0x000002cd5cb48a90: 24fc 7f00 | 0041 ffd2 

  0x000002cd5cb48a98: ;   {other}
  0x000002cd5cb48a98: 0f1f 8400 | 0000 0000 | e966 d0ff | ff4b 894c | 13f8 4983 | c2f8 4d89 | 5748 e954 

  0x000002cd5cb48ab4: ;   {metadata('java/security/PrivilegedActionException')}
  0x000002cd5cb48ab4: d0ff ff48 | ba08 cb0b | 0008 0000 | 0066 6690 

  0x000002cd5cb48ac4: ;   {runtime_call _new_instance_Java}
  0x000002cd5cb48ac4: c5f8 77e8 

  0x000002cd5cb48ac8: ; ImmutableOopMap {[40]=Oop [96]=Oop }
                      ;*new {reexecute=0 rethrow=0 return_oop=1}
                      ; - java.security.AccessController::wrapException@0
                      ; - java.security.AccessController::doPrivileged@22
                      ; - java.net.URLClassLoader::findClass@13
  0x000002cd5cb48ac8: 3446 3dff 

  0x000002cd5cb48acc: ;   {other}
  0x000002cd5cb48acc: 0f1f 8400 | bc73 0074 | e901 ceff 

  0x000002cd5cb48ad8: ;   {metadata('java/lang/ref/SoftReference')}
  0x000002cd5cb48ad8: ff48 ba58 | 7104 0008 | 0000 0090 

  0x000002cd5cb48ae4: ;   {runtime_call _new_instance_Java}
  0x000002cd5cb48ae4: c5f8 77e8 

  0x000002cd5cb48ae8: ; ImmutableOopMap {rbp=Oop [40]=Oop [48]=Oop [56]=Oop [88]=Oop [96]=Oop [104]=Oop [120]=Oop [128]=NarrowOop [132]=NarrowOop [240]=Oop }
                      ;*new {reexecute=0 rethrow=0 return_oop=1}
                      ; - java.util.jar.JarFile::getManifestFromReference@184
                      ; - java.util.jar.JarFile::getManifest@1
                      ; - java.util.jar.JarFile::maybeInstantiateVerifier@31
                      ; - java.util.jar.JarFile::ensureInitialization@1
                      ; - java.util.jar.JavaUtilJarAccessImpl::ensureInitialization@1
                      ; - jdk.internal.loader.URLClassPath$JarLoader$2::getManifest@10
                      ; - java.net.URLClassLoader::defineClass@34
                      ; - java.net.URLClassLoader$1::run@43
                      ; - java.net.URLClassLoader$1::run@1
                      ; - java.security.AccessController::executePrivileged@29
                      ; - java.security.AccessController::doPrivileged@13
                      ; - java.net.URLClassLoader::findClass@13
  0x000002cd5cb48ae8: 1446 3dff 

  0x000002cd5cb48aec: ;   {other}
  0x000002cd5cb48aec: 0f1f 8400 | dc73 0075 | 4c8b c0e9 | 02df ffff 

  0x000002cd5cb48afc: ;   {metadata('java/util/jar/JarVerifier')}
  0x000002cd5cb48afc: 48ba f87e | 0900 0800 | 0000 6690 

  0x000002cd5cb48b08: ;   {runtime_call _new_instance_Java}
  0x000002cd5cb48b08: c5f8 77e8 

  0x000002cd5cb48b0c: ; ImmutableOopMap {[40]=Oop [48]=Oop [56]=Oop [72]=Oop [96]=Oop [104]=Oop [112]=Oop [120]=Oop [128]=NarrowOop [132]=NarrowOop [136]=Oop [240]=Oop }
                      ;*new {reexecute=0 rethrow=0 return_oop=1}
                      ; - java.util.jar.JarFile::getManifestFromReference@69
                      ; - java.util.jar.JarFile::getManifest@1
                      ; - java.util.jar.JarFile::maybeInstantiateVerifier@31
                      ; - java.util.jar.JarFile::ensureInitialization@1
                      ; - java.util.jar.JavaUtilJarAccessImpl::ensureInitialization@1
                      ; - jdk.internal.loader.URLClassPath$JarLoader$2::getManifest@10
                      ; - java.net.URLClassLoader::defineClass@34
                      ; - java.net.URLClassLoader$1::run@43
                      ; - java.net.URLClassLoader$1::run@1
                      ; - java.security.AccessController::executePrivileged@29
                      ; - java.security.AccessController::doPrivileged@13
                      ; - java.net.URLClassLoader::findClass@13
  0x000002cd5cb48b0c: f045 3dff 

  0x000002cd5cb48b10: ;   {other}
  0x000002cd5cb48b10: 0f1f 8400 | 0074 0076 | e9e9 d1ff 

  0x000002cd5cb48b1c: ;   {metadata('java/util/Hashtable')}
  0x000002cd5cb48b1c: ff48 ba50 | 9b04 0008 | 0000 0090 

  0x000002cd5cb48b28: ;   {runtime_call _new_instance_Java}
  0x000002cd5cb48b28: c5f8 77e8 

  0x000002cd5cb48b2c: ; ImmutableOopMap {[40]=Oop [48]=Oop [56]=Oop [68]=NarrowOop [96]=Oop [104]=Oop [112]=Oop [120]=Oop [128]=NarrowOop [132]=NarrowOop [136]=Oop [144]=Oop [240]=Oop }
                      ;*new {reexecute=0 rethrow=0 return_oop=1}
                      ; - java.util.jar.JarVerifier::<init>@35
                      ; - java.util.jar.JarFile::getManifestFromReference@78
                      ; - java.util.jar.JarFile::getManifest@1
                      ; - java.util.jar.JarFile::maybeInstantiateVerifier@31
                      ; - java.util.jar.JarFile::ensureInitialization@1
                      ; - java.util.jar.JavaUtilJarAccessImpl::ensureInitialization@1
                      ; - jdk.internal.loader.URLClassPath$JarLoader$2::getManifest@10
                      ; - java.net.URLClassLoader::defineClass@34
                      ; - java.net.URLClassLoader$1::run@43
                      ; - java.net.URLClassLoader$1::run@1
                      ; - java.security.AccessController::executePrivileged@29
                      ; - java.security.AccessController::doPrivileged@13
                      ; - java.net.URLClassLoader::findClass@13
  0x000002cd5cb48b2c: d045 3dff 

  0x000002cd5cb48b30: ;   {other}
  0x000002cd5cb48b30: 0f1f 8400 | 2074 0077 | e9f1 d2ff 

  0x000002cd5cb48b3c: ;   {metadata('java/util/Hashtable')}
  0x000002cd5cb48b3c: ff48 ba50 | 9b04 0008 | 0000 0090 

  0x000002cd5cb48b48: ;   {runtime_call _new_instance_Java}
  0x000002cd5cb48b48: c5f8 77e8 

  0x000002cd5cb48b4c: ; ImmutableOopMap {[40]=Oop [48]=Oop [56]=Oop [68]=NarrowOop [96]=Oop [104]=Oop [112]=Oop [120]=Oop [128]=NarrowOop [132]=NarrowOop [136]=Oop [144]=Oop [240]=Oop }
                      ;*new {reexecute=0 rethrow=0 return_oop=1}
                      ; - java.util.jar.JarVerifier::<init>@46
                      ; - java.util.jar.JarFile::getManifestFromReference@78
                      ; - java.util.jar.JarFile::getManifest@1
                      ; - java.util.jar.JarFile::maybeInstantiateVerifier@31
                      ; - java.util.jar.JarFile::ensureInitialization@1
                      ; - java.util.jar.JavaUtilJarAccessImpl::ensureInitialization@1
                      ; - jdk.internal.loader.URLClassPath$JarLoader$2::getManifest@10
                      ; - java.net.URLClassLoader::defineClass@34
                      ; - java.net.URLClassLoader$1::run@43
                      ; - java.net.URLClassLoader$1::run@1
                      ; - java.security.AccessController::executePrivileged@29
                      ; - java.security.AccessController::doPrivileged@13
                      ; - java.net.URLClassLoader::findClass@13
  0x000002cd5cb48b4c: b045 3dff 

  0x000002cd5cb48b50: ;   {other}
  0x000002cd5cb48b50: 0f1f 8400 | 4074 0078 | e961 d4ff 

  0x000002cd5cb48b5c: ;   {metadata('java/util/Hashtable$Entry'[])}
  0x000002cd5cb48b5c: ff48 ba08 | f107 0008 | 0000 0041 | b80b 0000 | 0066 6690 

  0x000002cd5cb48b70: ;   {runtime_call _new_array_Java}
  0x000002cd5cb48b70: c5f8 77e8 

  0x000002cd5cb48b74: ; ImmutableOopMap {rbp=Oop [40]=Oop [48]=Oop [56]=Oop [68]=NarrowOop [96]=Oop [104]=Oop [112]=Oop [120]=Oop [128]=NarrowOop [132]=NarrowOop [136]=Oop [144]=Oop [240]=Oop }
                      ;*anewarray {reexecute=0 rethrow=0 return_oop=1}
                      ; - java.util.Hashtable::<init>@93
                      ; - java.util.Hashtable::<init>@5
                      ; - java.util.jar.JarVerifier::<init>@39
                      ; - java.util.jar.JarFile::getManifestFromReference@78
                      ; - java.util.jar.JarFile::getManifest@1
                      ; - java.util.jar.JarFile::maybeInstantiateVerifier@31
                      ; - java.util.jar.JarFile::ensureInitialization@1
                      ; - java.util.jar.JavaUtilJarAccessImpl::ensureInitialization@1
                      ; - jdk.internal.loader.URLClassPath$JarLoader$2::getManifest@10
                      ; - java.net.URLClassLoader::defineClass@34
                      ; - java.net.URLClassLoader$1::run@43
                      ; - java.net.URLClassLoader$1::run@1
                      ; - java.security.AccessController::executePrivileged@29
                      ; - java.security.AccessController::doPrivileged@13
                      ; - java.net.URLClassLoader::findClass@13
  0x000002cd5cb48b74: 085c 3dff 

  0x000002cd5cb48b78: ;   {other}
  0x000002cd5cb48b78: 0f1f 8400 | 6874 0079 | 4c8b d0e9 | 44d3 ffff 

  0x000002cd5cb48b88: ;   {metadata('java/util/Hashtable$Entry'[])}
  0x000002cd5cb48b88: 48ba 08f1 | 0700 0800 | 0000 41b8 | 0b00 0000 

  0x000002cd5cb48b98: ;   {runtime_call _new_array_Java}
  0x000002cd5cb48b98: c5f8 77e8 

  0x000002cd5cb48b9c: ; ImmutableOopMap {rbp=Oop [40]=Oop [48]=Oop [56]=Oop [68]=NarrowOop [96]=Oop [104]=Oop [112]=Oop [120]=Oop [128]=NarrowOop [132]=NarrowOop [136]=Oop [144]=Oop [240]=Oop }
                      ;*anewarray {reexecute=0 rethrow=0 return_oop=1}
                      ; - java.util.Hashtable::<init>@93
                      ; - java.util.Hashtable::<init>@5
                      ; - java.util.jar.JarVerifier::<init>@50
                      ; - java.util.jar.JarFile::getManifestFromReference@78
                      ; - java.util.jar.JarFile::getManifest@1
                      ; - java.util.jar.JarFile::maybeInstantiateVerifier@31
                      ; - java.util.jar.JarFile::ensureInitialization@1
                      ; - java.util.jar.JavaUtilJarAccessImpl::ensureInitialization@1
                      ; - jdk.internal.loader.URLClassPath$JarLoader$2::getManifest@10
                      ; - java.net.URLClassLoader::defineClass@34
                      ; - java.net.URLClassLoader$1::run@43
                      ; - java.net.URLClassLoader$1::run@1
                      ; - java.security.AccessController::executePrivileged@29
                      ; - java.security.AccessController::doPrivileged@13
                      ; - java.net.URLClassLoader::findClass@13
  0x000002cd5cb48b9c: e05b 3dff 

  0x000002cd5cb48ba0: ;   {other}
  0x000002cd5cb48ba0: 0f1f 8400 | 9074 007a | 4c8b d0e9 | b3d4 ffff 

  0x000002cd5cb48bb0: ;   {metadata('java/util/Hashtable')}
  0x000002cd5cb48bb0: 48ba 509b | 0400 0800 | 0000 6690 

  0x000002cd5cb48bbc: ;   {runtime_call _new_instance_Java}
  0x000002cd5cb48bbc: c5f8 77e8 

  0x000002cd5cb48bc0: ; ImmutableOopMap {[40]=Oop [48]=Oop [56]=Oop [68]=NarrowOop [96]=Oop [104]=Oop [112]=Oop [120]=Oop [128]=NarrowOop [132]=NarrowOop [136]=Oop [144]=Oop [240]=Oop }
                      ;*new {reexecute=0 rethrow=0 return_oop=1}
                      ; - java.util.jar.JarVerifier::<init>@57
                      ; - java.util.jar.JarFile::getManifestFromReference@78
                      ; - java.util.jar.JarFile::getManifest@1
                      ; - java.util.jar.JarFile::maybeInstantiateVerifier@31
                      ; - java.util.jar.JarFile::ensureInitialization@1
                      ; - java.util.jar.JavaUtilJarAccessImpl::ensureInitialization@1
                      ; - jdk.internal.loader.URLClassPath$JarLoader$2::getManifest@10
                      ; - java.net.URLClassLoader::defineClass@34
                      ; - java.net.URLClassLoader$1::run@43
                      ; - java.net.URLClassLoader$1::run@1
                      ; - java.security.AccessController::executePrivileged@29
                      ; - java.security.AccessController::doPrivileged@13
                      ; - java.net.URLClassLoader::findClass@13
  0x000002cd5cb48bc0: 3c45 3dff 

  0x000002cd5cb48bc4: ;   {other}
  0x000002cd5cb48bc4: 0f1f 8400 | b474 007b | e97a d5ff 

  0x000002cd5cb48bd0: ;   {metadata('java/util/HashMap')}
  0x000002cd5cb48bd0: ff48 ba78 | dd06 0008 | 0000 0090 

  0x000002cd5cb48bdc: ;   {runtime_call _new_instance_Java}
  0x000002cd5cb48bdc: c5f8 77e8 

  0x000002cd5cb48be0: ; ImmutableOopMap {[40]=Oop [48]=Oop [56]=Oop [68]=NarrowOop [96]=Oop [104]=Oop [112]=Oop [120]=Oop [128]=NarrowOop [132]=NarrowOop [136]=Oop [144]=Oop [232]=NarrowOop [240]=Oop }
                      ;*new {reexecute=0 rethrow=0 return_oop=1}
                      ; - java.util.jar.JarVerifier::<init>@103
                      ; - java.util.jar.JarFile::getManifestFromReference@78
                      ; - java.util.jar.JarFile::getManifest@1
                      ; - java.util.jar.JarFile::maybeInstantiateVerifier@31
                      ; - java.util.jar.JarFile::ensureInitialization@1
                      ; - java.util.jar.JavaUtilJarAccessImpl::ensureInitialization@1
                      ; - jdk.internal.loader.URLClassPath$JarLoader$2::getManifest@10
                      ; - java.net.URLClassLoader::defineClass@34
                      ; - java.net.URLClassLoader$1::run@43
                      ; - java.net.URLClassLoader$1::run@1
                      ; - java.security.AccessController::executePrivileged@29
                      ; - java.security.AccessController::doPrivileged@13
                      ; - java.net.URLClassLoader::findClass@13
  0x000002cd5cb48be0: 1c45 3dff 

  0x000002cd5cb48be4: ;   {other}
  0x000002cd5cb48be4: 0f1f 8400 | d474 007c | 4c8b d0e9 | 67d9 ffff 

  0x000002cd5cb48bf4: ;   {metadata('java/io/ByteArrayOutputStream')}
  0x000002cd5cb48bf4: 48ba 7881 | 0900 0800 | 0000 6690 

  0x000002cd5cb48c00: ;   {runtime_call _new_instance_Java}
  0x000002cd5cb48c00: c5f8 77e8 

  0x000002cd5cb48c04: ; ImmutableOopMap {[40]=Oop [48]=Oop [56]=Oop [68]=NarrowOop [96]=Oop [104]=Oop [112]=Oop [120]=Oop [128]=NarrowOop [132]=NarrowOop [136]=Oop [144]=Oop [232]=NarrowOop [240]=Oop }
                      ;*new {reexecute=0 rethrow=0 return_oop=1}
                      ; - java.util.jar.JarVerifier::<init>@81
                      ; - java.util.jar.JarFile::getManifestFromReference@78
                      ; - java.util.jar.JarFile::getManifest@1
                      ; - java.util.jar.JarFile::maybeInstantiateVerifier@31
                      ; - java.util.jar.JarFile::ensureInitialization@1
                      ; - java.util.jar.JavaUtilJarAccessImpl::ensureInitialization@1
                      ; - jdk.internal.loader.URLClassPath$JarLoader$2::getManifest@10
                      ; - java.net.URLClassLoader::defineClass@34
                      ; - java.net.URLClassLoader$1::run@43
                      ; - java.net.URLClassLoader$1::run@1
                      ; - java.security.AccessController::executePrivileged@29
                      ; - java.security.AccessController::doPrivileged@13
                      ; - java.net.URLClassLoader::findClass@13
  0x000002cd5cb48c04: f844 3dff 

  0x000002cd5cb48c08: ;   {other}
  0x000002cd5cb48c08: 0f1f 8400 | f874 007d | 4c8b d0e9 | 5ed7 ffff 

  0x000002cd5cb48c18: ;   {metadata('java/io/ByteArrayInputStream')}
  0x000002cd5cb48c18: 48ba 7844 | 0500 0800 | 0000 6690 

  0x000002cd5cb48c24: ;   {runtime_call _new_instance_Java}
  0x000002cd5cb48c24: c5f8 77e8 

  0x000002cd5cb48c28: ; ImmutableOopMap {[40]=Oop [48]=Oop [56]=Oop [68]=NarrowOop [72]=Oop [88]=Oop [96]=Oop [104]=Oop [112]=Oop [120]=Oop [128]=NarrowOop [132]=NarrowOop [136]=Oop [144]=NarrowOop [240]=Oop }
                      ;*new {reexecute=0 rethrow=0 return_oop=1}
                      ; - java.util.jar.JarFile::getManifestFromReference@109
                      ; - java.util.jar.JarFile::getManifest@1
                      ; - java.util.jar.JarFile::maybeInstantiateVerifier@31
                      ; - java.util.jar.JarFile::ensureInitialization@1
                      ; - java.util.jar.JavaUtilJarAccessImpl::ensureInitialization@1
                      ; - jdk.internal.loader.URLClassPath$JarLoader$2::getManifest@10
                      ; - java.net.URLClassLoader::defineClass@34
                      ; - java.net.URLClassLoader$1::run@43
                      ; - java.net.URLClassLoader$1::run@1
                      ; - java.security.AccessController::executePrivileged@29
                      ; - java.security.AccessController::doPrivileged@13
                      ; - java.net.URLClassLoader::findClass@13
  0x000002cd5cb48c28: d444 3dff 

  0x000002cd5cb48c2c: ;   {other}
  0x000002cd5cb48c2c: 0f1f 8400 | 1c75 007e | e99d daff | ff4c 8944 

  0x000002cd5cb48c3c: ;   {metadata('java/util/jar/Manifest')}
  0x000002cd5cb48c3c: 2458 48ba | 104c 0500 | 0800 0000 

  0x000002cd5cb48c48: ;   {runtime_call _new_instance_Java}
  0x000002cd5cb48c48: c5f8 77e8 

  0x000002cd5cb48c4c: ; ImmutableOopMap {[40]=Oop [48]=Oop [56]=Oop [68]=NarrowOop [88]=Oop [96]=Oop [104]=Oop [112]=Oop [120]=Oop [128]=NarrowOop [132]=NarrowOop [240]=Oop }
                      ;*new {reexecute=0 rethrow=0 return_oop=1}
                      ; - java.util.jar.JarFile::getManifestFromReference@101
                      ; - java.util.jar.JarFile::getManifest@1
                      ; - java.util.jar.JarFile::maybeInstantiateVerifier@31
                      ; - java.util.jar.JarFile::ensureInitialization@1
                      ; - java.util.jar.JavaUtilJarAccessImpl::ensureInitialization@1
                      ; - jdk.internal.loader.URLClassPath$JarLoader$2::getManifest@10
                      ; - java.net.URLClassLoader::defineClass@34
                      ; - java.net.URLClassLoader$1::run@43
                      ; - java.net.URLClassLoader$1::run@1
                      ; - java.security.AccessController::executePrivileged@29
                      ; - java.security.AccessController::doPrivileged@13
                      ; - java.net.URLClassLoader::findClass@13
  0x000002cd5cb48c4c: b044 3dff 

  0x000002cd5cb48c50: ;   {other}
  0x000002cd5cb48c50: 0f1f 8400 | 4075 007f | e9fa d9ff 

  0x000002cd5cb48c5c: ;   {metadata('java/util/ArrayList')}
  0x000002cd5cb48c5c: ff48 ba10 | 7e05 0008 | 0000 0090 

  0x000002cd5cb48c68: ;   {runtime_call _new_instance_Java}
  0x000002cd5cb48c68: c5f8 77e8 

  0x000002cd5cb48c6c: ; ImmutableOopMap {[40]=Oop [48]=Oop [56]=Oop [68]=NarrowOop [96]=Oop [104]=Oop [112]=Oop [120]=Oop [128]=NarrowOop [132]=NarrowOop [136]=Oop [144]=Oop [232]=NarrowOop [240]=Oop }
                      ;*new {reexecute=0 rethrow=0 return_oop=1}
                      ; - java.util.jar.JarVerifier::<init>@70
                      ; - java.util.jar.JarFile::getManifestFromReference@78
                      ; - java.util.jar.JarFile::getManifest@1
                      ; - java.util.jar.JarFile::maybeInstantiateVerifier@31
                      ; - java.util.jar.JarFile::ensureInitialization@1
                      ; - java.util.jar.JavaUtilJarAccessImpl::ensureInitialization@1
                      ; - jdk.internal.loader.URLClassPath$JarLoader$2::getManifest@10
                      ; - java.net.URLClassLoader::defineClass@34
                      ; - java.net.URLClassLoader$1::run@43
                      ; - java.net.URLClassLoader$1::run@1
                      ; - java.security.AccessController::executePrivileged@29
                      ; - java.security.AccessController::doPrivileged@13
                      ; - java.net.URLClassLoader::findClass@13
  0x000002cd5cb48c6c: 9044 3dff 

  0x000002cd5cb48c70: ;   {other}
  0x000002cd5cb48c70: 0f1f 8400 | 6075 0080 | 4c8b d00f | 1f44 0000 | e95b d6ff 

  0x000002cd5cb48c84: ;   {metadata('java/util/ArrayList')}
  0x000002cd5cb48c84: ff48 ba10 | 7e05 0008 | 0000 0090 

  0x000002cd5cb48c90: ;   {runtime_call _new_instance_Java}
  0x000002cd5cb48c90: c5f8 77e8 

  0x000002cd5cb48c94: ; ImmutableOopMap {[40]=Oop [48]=Oop [56]=Oop [68]=NarrowOop [96]=Oop [104]=Oop [112]=Oop [120]=Oop [128]=NarrowOop [132]=NarrowOop [136]=Oop [144]=Oop [232]=NarrowOop [240]=Oop }
                      ;*new {reexecute=0 rethrow=0 return_oop=1}
                      ; - java.util.jar.JarVerifier::<init>@92
                      ; - java.util.jar.JarFile::getManifestFromReference@78
                      ; - java.util.jar.JarFile::getManifest@1
                      ; - java.util.jar.JarFile::maybeInstantiateVerifier@31
                      ; - java.util.jar.JarFile::ensureInitialization@1
                      ; - java.util.jar.JavaUtilJarAccessImpl::ensureInitialization@1
                      ; - jdk.internal.loader.URLClassPath$JarLoader$2::getManifest@10
                      ; - java.net.URLClassLoader::defineClass@34
                      ; - java.net.URLClassLoader$1::run@43
                      ; - java.net.URLClassLoader$1::run@1
                      ; - java.security.AccessController::executePrivileged@29
                      ; - java.security.AccessController::doPrivileged@13
                      ; - java.net.URLClassLoader::findClass@13
  0x000002cd5cb48c94: 6844 3dff 

  0x000002cd5cb48c98: ;   {other}
  0x000002cd5cb48c98: 0f1f 8400 | 8875 0081 | 4c8b d0e9 | 0bd8 ffff 

  0x000002cd5cb48ca8: ;   {metadata({type array byte})}
  0x000002cd5cb48ca8: 48ba c80a | 0400 0800 | 0000 41b8 | 2000 0000 

  0x000002cd5cb48cb8: ;   {runtime_call _new_array_Java}
  0x000002cd5cb48cb8: c5f8 77e8 

  0x000002cd5cb48cbc: ; ImmutableOopMap {rbp=Oop [40]=Oop [48]=Oop [56]=Oop [68]=NarrowOop [96]=Oop [104]=Oop [112]=Oop [120]=Oop [128]=NarrowOop [132]=NarrowOop [136]=Oop [144]=Oop [232]=NarrowOop [240]=Oop }
                      ;*newarray {reexecute=0 rethrow=0 return_oop=1}
                      ; - java.io.ByteArrayOutputStream::<init>@37
                      ; - java.io.ByteArrayOutputStream::<init>@3
                      ; - java.util.jar.JarVerifier::<init>@85
                      ; - java.util.jar.JarFile::getManifestFromReference@78
                      ; - java.util.jar.JarFile::getManifest@1
                      ; - java.util.jar.JarFile::maybeInstantiateVerifier@31
                      ; - java.util.jar.JarFile::ensureInitialization@1
                      ; - java.util.jar.JavaUtilJarAccessImpl::ensureInitialization@1
                      ; - jdk.internal.loader.URLClassPath$JarLoader$2::getManifest@10
                      ; - java.net.URLClassLoader::defineClass@34
                      ; - java.net.URLClassLoader$1::run@43
                      ; - java.net.URLClassLoader$1::run@1
                      ; - java.security.AccessController::executePrivileged@29
                      ; - java.security.AccessController::doPrivileged@13
                      ; - java.net.URLClassLoader::findClass@13
  0x000002cd5cb48cbc: c05a 3dff 

  0x000002cd5cb48cc0: ;   {other}
  0x000002cd5cb48cc0: 0f1f 8400 | b075 0082 | e913 d7ff 

  0x000002cd5cb48ccc: ;   {metadata('java/util/Hashtable$Entry'[])}
  0x000002cd5cb48ccc: ff48 ba08 | f107 0008 | 0000 0041 | b80b 0000 | 0066 6690 

  0x000002cd5cb48ce0: ;   {runtime_call _new_array_Java}
  0x000002cd5cb48ce0: c5f8 77e8 

  0x000002cd5cb48ce4: ; ImmutableOopMap {rbp=Oop [40]=Oop [48]=Oop [56]=Oop [68]=NarrowOop [96]=Oop [104]=Oop [112]=Oop [120]=Oop [128]=NarrowOop [132]=NarrowOop [136]=Oop [144]=Oop [240]=Oop }
                      ;*anewarray {reexecute=0 rethrow=0 return_oop=1}
                      ; - java.util.Hashtable::<init>@93
                      ; - java.util.Hashtable::<init>@4
                      ; - java.util.jar.JarVerifier::<init>@63
                      ; - java.util.jar.JarFile::getManifestFromReference@78
                      ; - java.util.jar.JarFile::getManifest@1
                      ; - java.util.jar.JarFile::maybeInstantiateVerifier@31
                      ; - java.util.jar.JarFile::ensureInitialization@1
                      ; - java.util.jar.JavaUtilJarAccessImpl::ensureInitialization@1
                      ; - jdk.internal.loader.URLClassPath$JarLoader$2::getManifest@10
                      ; - java.net.URLClassLoader::defineClass@34
                      ; - java.net.URLClassLoader$1::run@43
                      ; - java.net.URLClassLoader$1::run@1
                      ; - java.security.AccessController::executePrivileged@29
                      ; - java.security.AccessController::doPrivileged@13
                      ; - java.net.URLClassLoader::findClass@13
  0x000002cd5cb48ce4: 985a 3dff 

  0x000002cd5cb48ce8: ;   {other}
  0x000002cd5cb48ce8: 0f1f 8400 | d875 0083 | 4c8b d0e9 | f0d4 ffff 

  0x000002cd5cb48cf8: ;   {metadata('java/util/jar/Attributes')}
  0x000002cd5cb48cf8: 48ba 6884 | 0900 0800 | 0000 6690 

  0x000002cd5cb48d04: ;   {runtime_call _new_instance_Java}
  0x000002cd5cb48d04: c5f8 77e8 

  0x000002cd5cb48d08: ; ImmutableOopMap {[40]=Oop [48]=Oop [56]=Oop [68]=NarrowOop [72]=Oop [88]=Oop [96]=Oop [104]=Oop [120]=Oop [128]=NarrowOop [132]=NarrowOop [136]=Oop [144]=NarrowOop [152]=Oop [240]=Oop }
                      ;*new {reexecute=0 rethrow=0 return_oop=1}
                      ; - java.util.jar.Manifest::<init>@5
                      ; - java.util.jar.JarFile::getManifestFromReference@121
                      ; - java.util.jar.JarFile::getManifest@1
                      ; - java.util.jar.JarFile::maybeInstantiateVerifier@31
                      ; - java.util.jar.JarFile::ensureInitialization@1
                      ; - java.util.jar.JavaUtilJarAccessImpl::ensureInitialization@1
                      ; - jdk.internal.loader.URLClassPath$JarLoader$2::getManifest@10
                      ; - java.net.URLClassLoader::defineClass@34
                      ; - java.net.URLClassLoader$1::run@43
                      ; - java.net.URLClassLoader$1::run@1
                      ; - java.security.AccessController::executePrivileged@29
                      ; - java.security.AccessController::doPrivileged@13
                      ; - java.net.URLClassLoader::findClass@13
  0x000002cd5cb48d08: f443 3dff 

  0x000002cd5cb48d0c: ;   {other}
  0x000002cd5cb48d0c: 0f1f 8400 | fc75 0084 | e935 daff 

  0x000002cd5cb48d18: ;   {metadata('java/util/LinkedHashMap')}
  0x000002cd5cb48d18: ff48 ba48 | 6900 0008 | 0000 0090 

  0x000002cd5cb48d24: ;   {runtime_call _new_instance_Java}
  0x000002cd5cb48d24: c5f8 77e8 

  0x000002cd5cb48d28: ; ImmutableOopMap {rbp=Oop [40]=Oop [48]=Oop [56]=Oop [68]=NarrowOop [72]=Oop [88]=Oop [96]=Oop [104]=Oop [120]=Oop [128]=NarrowOop [132]=NarrowOop [136]=Oop [144]=NarrowOop [152]=Oop [240]=Oop }
                      ;*new {reexecute=0 rethrow=0 return_oop=1}
                      ; - java.util.LinkedHashMap::newLinkedHashMap@31
                      ; - java.util.jar.Attributes::<init>@6
                      ; - java.util.jar.Attributes::<init>@3
                      ; - java.util.jar.Manifest::<init>@9
                      ; - java.util.jar.JarFile::getManifestFromReference@121
                      ; - java.util.jar.JarFile::getManifest@1
                      ; - java.util.jar.JarFile::maybeInstantiateVerifier@31
                      ; - java.util.jar.JarFile::ensureInitialization@1
                      ; - java.util.jar.JavaUtilJarAccessImpl::ensureInitialization@1
                      ; - jdk.internal.loader.URLClassPath$JarLoader$2::getManifest@10
                      ; - java.net.URLClassLoader::defineClass@34
                      ; - java.net.URLClassLoader$1::run@43
                      ; - java.net.URLClassLoader$1::run@1
                      ; - java.security.AccessController::executePrivileged@29
                      ; - java.security.AccessController::doPrivileged@13
                      ; - java.net.URLClassLoader::findClass@13
  0x000002cd5cb48d28: d443 3dff 

  0x000002cd5cb48d2c: ;   {other}
  0x000002cd5cb48d2c: 0f1f 8400 | 1c76 0085 | e96d daff 

  0x000002cd5cb48d38: ;   {metadata('java/util/HashMap')}
  0x000002cd5cb48d38: ff48 ba78 | dd06 0008 | 0000 0090 

  0x000002cd5cb48d44: ;   {runtime_call _new_instance_Java}
  0x000002cd5cb48d44: c5f8 77e8 

  0x000002cd5cb48d48: ; ImmutableOopMap {[40]=Oop [48]=Oop [56]=Oop [68]=NarrowOop [72]=Oop [88]=Oop [96]=Oop [104]=Oop [112]=Oop [120]=Oop [128]=NarrowOop [132]=NarrowOop [136]=Oop [144]=NarrowOop [152]=Oop [240]=Oop }
                      ;*new {reexecute=0 rethrow=0 return_oop=1}
                      ; - java.util.jar.Manifest::<init>@16
                      ; - java.util.jar.JarFile::getManifestFromReference@121
                      ; - java.util.jar.JarFile::getManifest@1
                      ; - java.util.jar.JarFile::maybeInstantiateVerifier@31
                      ; - java.util.jar.JarFile::ensureInitialization@1
                      ; - java.util.jar.JavaUtilJarAccessImpl::ensureInitialization@1
                      ; - jdk.internal.loader.URLClassPath$JarLoader$2::getManifest@10
                      ; - java.net.URLClassLoader::defineClass@34
                      ; - java.net.URLClassLoader$1::run@43
                      ; - java.net.URLClassLoader$1::run@1
                      ; - java.security.AccessController::executePrivileged@29
                      ; - java.security.AccessController::doPrivileged@13
                      ; - java.net.URLClassLoader::findClass@13
  0x000002cd5cb48d48: b443 3dff 

  0x000002cd5cb48d4c: ;   {other}
  0x000002cd5cb48d4c: 0f1f 8400 | 3c76 0086 | 4c8b d0e9 | 7fdb ffff | bace ffff | ff4c 8b54 | 2428 4c89 | 5424 204c 
  0x000002cd5cb48d6c: 896c 2428 | 4889 5c24 | 4844 894c | 2450 6690 

  0x000002cd5cb48d7c: ;   {runtime_call UncommonTrapBlob}
  0x000002cd5cb48d7c: c5f8 77e8 

  0x000002cd5cb48d80: ; ImmutableOopMap {[32]=Oop [40]=Oop [72]=Oop [96]=Oop [104]=Oop }
                      ;*invokestatic inflate {reexecute=0 rethrow=0 return_oop=0}
                      ; - java.lang.String::getBytes@40
                      ; - java.lang.StringConcatHelper::prepend@21
                      ; - java.lang.StringConcatHelper::simpleConcat@81
                      ; - java.lang.String::concat@11
                      ; - java.net.URLClassLoader$1::run@13
                      ; - java.net.URLClassLoader$1::run@1
                      ; - java.security.AccessController::executePrivileged@29
                      ; - java.security.AccessController::doPrivileged@13
                      ; - java.net.URLClassLoader::findClass@13
  0x000002cd5cb48d80: fcb5 31ff 

  0x000002cd5cb48d84: ;   {other}
  0x000002cd5cb48d84: 0f1f 8400 | 7476 0087 | 4489 4c24 | 444c 895c | 2470 4c89 

  0x000002cd5cb48d98: ;   {metadata('java/util/jar/Attributes')}
  0x000002cd5cb48d98: 4424 5848 | ba68 8409 | 0008 0000 | 0066 6690 

  0x000002cd5cb48da8: ;   {runtime_call _new_instance_Java}
  0x000002cd5cb48da8: c5f8 77e8 

  0x000002cd5cb48dac: ; ImmutableOopMap {[40]=Oop [48]=Oop [56]=Oop [68]=NarrowOop [72]=Oop [88]=Oop [96]=Oop [104]=Oop [112]=Oop [120]=Oop [128]=NarrowOop [132]=NarrowOop [240]=Oop }
                      ;*new {reexecute=0 rethrow=0 return_oop=1}
                      ; - java.util.jar.Manifest::<init>@5
                      ; - java.util.jar.Manifest::<init>@4
                      ; - java.util.jar.JarFile::getManifestFromReference@143
                      ; - java.util.jar.JarFile::getManifest@1
                      ; - java.util.jar.JarFile::maybeInstantiateVerifier@31
                      ; - java.util.jar.JarFile::ensureInitialization@1
                      ; - java.util.jar.JavaUtilJarAccessImpl::ensureInitialization@1
                      ; - jdk.internal.loader.URLClassPath$JarLoader$2::getManifest@10
                      ; - java.net.URLClassLoader::defineClass@34
                      ; - java.net.URLClassLoader$1::run@43
                      ; - java.net.URLClassLoader$1::run@1
                      ; - java.security.AccessController::executePrivileged@29
                      ; - java.security.AccessController::doPrivileged@13
                      ; - java.net.URLClassLoader::findClass@13
  0x000002cd5cb48dac: 5043 3dff 

  0x000002cd5cb48db0: ;   {other}
  0x000002cd5cb48db0: 0f1f 8400 | a076 0088 | e94d ccff 

  0x000002cd5cb48dbc: ;   {metadata('java/util/jar/Manifest')}
  0x000002cd5cb48dbc: ff48 ba10 | 4c05 0008 | 0000 0090 

  0x000002cd5cb48dc8: ;   {runtime_call _new_instance_Java}
  0x000002cd5cb48dc8: c5f8 77e8 

  0x000002cd5cb48dcc: ; ImmutableOopMap {rbp=Oop [40]=Oop [48]=Oop [56]=Oop [72]=Oop [96]=Oop [104]=Oop [120]=Oop [128]=NarrowOop [132]=NarrowOop [240]=Oop }
                      ;*new {reexecute=0 rethrow=0 return_oop=1}
                      ; - java.util.jar.JarFile::getManifestFromReference@134
                      ; - java.util.jar.JarFile::getManifest@1
                      ; - java.util.jar.JarFile::maybeInstantiateVerifier@31
                      ; - java.util.jar.JarFile::ensureInitialization@1
                      ; - java.util.jar.JavaUtilJarAccessImpl::ensureInitialization@1
                      ; - jdk.internal.loader.URLClassPath$JarLoader$2::getManifest@10
                      ; - java.net.URLClassLoader::defineClass@34
                      ; - java.net.URLClassLoader$1::run@43
                      ; - java.net.URLClassLoader$1::run@1
                      ; - java.security.AccessController::executePrivileged@29
                      ; - java.security.AccessController::doPrivileged@13
                      ; - java.net.URLClassLoader::findClass@13
  0x000002cd5cb48dcc: 3043 3dff 

  0x000002cd5cb48dd0: ;   {other}
  0x000002cd5cb48dd0: 0f1f 8400 | c076 0089 | e9d8 cbff 

  0x000002cd5cb48ddc: ;   {metadata('java/util/LinkedHashMap')}
  0x000002cd5cb48ddc: ff48 ba48 | 6900 0008 | 0000 0090 

  0x000002cd5cb48de8: ;   {runtime_call _new_instance_Java}
  0x000002cd5cb48de8: c5f8 77e8 

  0x000002cd5cb48dec: ; ImmutableOopMap {rbp=Oop [40]=Oop [48]=Oop [56]=Oop [68]=NarrowOop [72]=Oop [88]=Oop [96]=Oop [104]=Oop [112]=Oop [120]=Oop [128]=NarrowOop [132]=NarrowOop [240]=Oop }
                      ;*new {reexecute=0 rethrow=0 return_oop=1}
                      ; - java.util.LinkedHashMap::newLinkedHashMap@31
                      ; - java.util.jar.Attributes::<init>@6
                      ; - java.util.jar.Attributes::<init>@3
                      ; - java.util.jar.Manifest::<init>@9
                      ; - java.util.jar.Manifest::<init>@4
                      ; - java.util.jar.JarFile::getManifestFromReference@143
                      ; - java.util.jar.JarFile::getManifest@1
                      ; - java.util.jar.JarFile::maybeInstantiateVerifier@31
                      ; - java.util.jar.JarFile::ensureInitialization@1
                      ; - java.util.jar.JavaUtilJarAccessImpl::ensureInitialization@1
                      ; - jdk.internal.loader.URLClassPath$JarLoader$2::getManifest@10
                      ; - java.net.URLClassLoader::defineClass@34
                      ; - java.net.URLClassLoader$1::run@43
                      ; - java.net.URLClassLoader$1::run@1
                      ; - java.security.AccessController::executePrivileged@29
                      ; - java.security.AccessController::doPrivileged@13
                      ; - java.net.URLClassLoader::findClass@13
  0x000002cd5cb48dec: 1043 3dff 

  0x000002cd5cb48df0: ;   {other}
  0x000002cd5cb48df0: 0f1f 8400 | e076 008a | e969 ccff 

  0x000002cd5cb48dfc: ;   {metadata('java/util/HashMap')}
  0x000002cd5cb48dfc: ff48 ba78 | dd06 0008 | 0000 0090 

  0x000002cd5cb48e08: ;   {runtime_call _new_instance_Java}
  0x000002cd5cb48e08: c5f8 77e8 

  0x000002cd5cb48e0c: ; ImmutableOopMap {[40]=Oop [48]=Oop [56]=Oop [68]=NarrowOop [72]=Oop [88]=Oop [96]=Oop [104]=Oop [112]=Oop [120]=Oop [128]=NarrowOop [132]=NarrowOop [136]=Oop [240]=Oop }
                      ;*new {reexecute=0 rethrow=0 return_oop=1}
                      ; - java.util.jar.Manifest::<init>@16
                      ; - java.util.jar.Manifest::<init>@4
                      ; - java.util.jar.JarFile::getManifestFromReference@143
                      ; - java.util.jar.JarFile::getManifest@1
                      ; - java.util.jar.JarFile::maybeInstantiateVerifier@31
                      ; - java.util.jar.JarFile::ensureInitialization@1
                      ; - java.util.jar.JavaUtilJarAccessImpl::ensureInitialization@1
                      ; - jdk.internal.loader.URLClassPath$JarLoader$2::getManifest@10
                      ; - java.net.URLClassLoader::defineClass@34
                      ; - java.net.URLClassLoader$1::run@43
                      ; - java.net.URLClassLoader$1::run@1
                      ; - java.security.AccessController::executePrivileged@29
                      ; - java.security.AccessController::doPrivileged@13
                      ; - java.net.URLClassLoader::findClass@13
  0x000002cd5cb48e0c: f042 3dff 

  0x000002cd5cb48e10: ;   {other}
  0x000002cd5cb48e10: 0f1f 8400 | 0077 008b | 4c8b c00f | 1f44 0000 | e979 cdff | ffba 66ff | ffff 488b | 6c24 604c 
  0x000002cd5cb48e30: 8b54 2428 | 4c89 5424 | 204c 8b54 | 2430 4c89 | 5424 284c | 8b54 2450 | 4c89 5424 | 404c 8b54 
  0x000002cd5cb48e50: 2468 4c89 | 5424 504c | 8b54 2478 | 4c89 5424 | 5844 8b9c | 2484 0000 | 0044 895c | 2478 4489 
  0x000002cd5cb48e70: 5c24 7c90 

  0x000002cd5cb48e74: ;   {runtime_call UncommonTrapBlob}
  0x000002cd5cb48e74: c5f8 77e8 

  0x000002cd5cb48e78: ; ImmutableOopMap {rbp=Oop [32]=Oop [40]=Oop [80]=Oop [88]=Oop [120]=NarrowOop [124]=NarrowOop [128]=NarrowOop [240]=Oop }
                      ;*invokevirtual getManifest {reexecute=0 rethrow=0 return_oop=0}
                      ; - java.util.jar.JarFile::maybeInstantiateVerifier@31
                      ; - java.util.jar.JarFile::ensureInitialization@1
                      ; - java.util.jar.JavaUtilJarAccessImpl::ensureInitialization@1
                      ; - jdk.internal.loader.URLClassPath$JarLoader$2::getManifest@10
                      ; - java.net.URLClassLoader::defineClass@34
                      ; - java.net.URLClassLoader$1::run@43
                      ; - java.net.URLClassLoader$1::run@1
                      ; - java.security.AccessController::executePrivileged@29
                      ; - java.security.AccessController::doPrivileged@13
                      ; - java.net.URLClassLoader::findClass@13
  0x000002cd5cb48e78: 04b5 31ff 

  0x000002cd5cb48e7c: ;   {other}
  0x000002cd5cb48e7c: 0f1f 8400 | 6c77 008c | 498b d7c5 | f877 49ba | 002a 2024 | fc7f 0000 

  0x000002cd5cb48e94: ;   {other}
  0x000002cd5cb48e94: 41ff d20f | 1f84 0000 | 0000 0090 | e93e e7ff | ffba deff | ffff 488b | e866 6690 

  0x000002cd5cb48eb0: ;   {runtime_call UncommonTrapBlob}
  0x000002cd5cb48eb0: c5f8 77e8 

  0x000002cd5cb48eb4: ; ImmutableOopMap {rbp=Oop }
                      ;*checkcast {reexecute=0 rethrow=0 return_oop=0}
                      ; - java.net.URLClassLoader::findClass@28
  0x000002cd5cb48eb4: c8b4 31ff 

  0x000002cd5cb48eb8: ;   {other}
  0x000002cd5cb48eb8: 0f1f 8400 | a877 008d | bade ffff | ff48 8b6c | 2460 4c8b | 5424 284c | 8954 2420 | 4c8b 5424 
  0x000002cd5cb48ed8: 304c 8954 | 2428 4c8b | 5424 504c | 8954 2440 | 4c8b 5424 | 684c 8954 | 2450 448b | 9424 8000 
  0x000002cd5cb48ef8: 0000 4489 | 5424 6044 | 8b9c 2484 | 0000 0044 | 899c 2480 | 0000 004c | 8984 24a0 | 0000 004c 
  0x000002cd5cb48f18: 898c 24a8 | 0000 0090 

  0x000002cd5cb48f20: ;   {runtime_call UncommonTrapBlob}
  0x000002cd5cb48f20: c5f8 77e8 

  0x000002cd5cb48f24: ; ImmutableOopMap {rbp=Oop [32]=Oop [40]=Oop [80]=Oop [96]=NarrowOop [112]=Oop [120]=Oop [128]=NarrowOop [132]=NarrowOop [136]=Oop [160]=Oop [168]=Oop [240]=Oop }
                      ;*invokevirtual getName {reexecute=0 rethrow=0 return_oop=0}
                      ; - java.util.jar.JarFile::getManifestFromReference@74
                      ; - java.util.jar.JarFile::getManifest@1
                      ; - java.util.jar.JarFile::maybeInstantiateVerifier@31
                      ; - java.util.jar.JarFile::ensureInitialization@1
                      ; - java.util.jar.JavaUtilJarAccessImpl::ensureInitialization@1
                      ; - jdk.internal.loader.URLClassPath$JarLoader$2::getManifest@10
                      ; - java.net.URLClassLoader::defineClass@34
                      ; - java.net.URLClassLoader$1::run@43
                      ; - java.net.URLClassLoader$1::run@1
                      ; - java.security.AccessController::executePrivileged@29
                      ; - java.security.AccessController::doPrivileged@13
                      ; - java.net.URLClassLoader::findClass@13
  0x000002cd5cb48f24: 58b4 31ff 

  0x000002cd5cb48f28: ;   {other}
  0x000002cd5cb48f28: 0f1f 8400 | 1878 008e | ba0f 0000 | 004c 8b54 | 2460 4c89 | 5424 404c | 8b54 2450 | 4c89 5424 
  0x000002cd5cb48f48: 484c 8b54 | 2460 4c89 | 5424 504c | 8b54 2468 | 4c89 5424 | 5844 8b94 | 2480 0000 | 0044 8954 
  0x000002cd5cb48f68: 2468 448b | 9c24 8400 | 0000 4489 | 9c24 8000 | 0000 6690 

  0x000002cd5cb48f7c: ;   {runtime_call UncommonTrapBlob}
  0x000002cd5cb48f7c: c5f8 77e8 

  0x000002cd5cb48f80: ; ImmutableOopMap {rbp=Oop [40]=Oop [48]=Oop [64]=Oop [80]=Oop [88]=Oop [104]=NarrowOop [112]=Oop [120]=Oop [128]=NarrowOop [132]=NarrowOop [136]=Oop [144]=Oop [240]=Oop }
                      ;*new {reexecute=0 rethrow=0 return_oop=0}
                      ; - java.util.Hashtable::<init>@53
                      ; - java.util.Hashtable::<init>@5
                      ; - java.util.jar.JarVerifier::<init>@39
                      ; - java.util.jar.JarFile::getManifestFromReference@78
                      ; - java.util.jar.JarFile::getManifest@1
                      ; - java.util.jar.JarFile::maybeInstantiateVerifier@31
                      ; - java.util.jar.JarFile::ensureInitialization@1
                      ; - java.util.jar.JavaUtilJarAccessImpl::ensureInitialization@1
                      ; - jdk.internal.loader.URLClassPath$JarLoader$2::getManifest@10
                      ; - java.net.URLClassLoader::defineClass@34
                      ; - java.net.URLClassLoader$1::run@43
                      ; - java.net.URLClassLoader$1::run@1
                      ; - java.security.AccessController::executePrivileged@29
                      ; - java.security.AccessController::doPrivileged@13
                      ; - java.net.URLClassLoader::findClass@13
  0x000002cd5cb48f80: fcb3 31ff 

  0x000002cd5cb48f84: ;   {other}
  0x000002cd5cb48f84: 0f1f 8400 | 7478 008f | ba0f 0000 | 004c 8b54 | 2460 4c89 | 5424 404c | 8b54 2450 | 4c89 5424 
  0x000002cd5cb48fa4: 484c 8b54 | 2460 4c89 | 5424 504c | 8b54 2468 | 4c89 5424 | 5844 8b94 | 2480 0000 | 0044 8954 
  0x000002cd5cb48fc4: 2468 448b | 9c24 8400 | 0000 4489 | 9c24 8000 | 0000 6690 

  0x000002cd5cb48fd8: ;   {runtime_call UncommonTrapBlob}
  0x000002cd5cb48fd8: c5f8 77e8 

  0x000002cd5cb48fdc: ; ImmutableOopMap {rbp=Oop [40]=Oop [48]=Oop [64]=Oop [80]=Oop [88]=Oop [104]=NarrowOop [112]=Oop [120]=Oop [128]=NarrowOop [132]=NarrowOop [136]=Oop [144]=Oop [240]=Oop }
                      ;*new {reexecute=0 rethrow=0 return_oop=0}
                      ; - java.util.Hashtable::<init>@53
                      ; - java.util.Hashtable::<init>@5
                      ; - java.util.jar.JarVerifier::<init>@50
                      ; - java.util.jar.JarFile::getManifestFromReference@78
                      ; - java.util.jar.JarFile::getManifest@1
                      ; - java.util.jar.JarFile::maybeInstantiateVerifier@31
                      ; - java.util.jar.JarFile::ensureInitialization@1
                      ; - java.util.jar.JavaUtilJarAccessImpl::ensureInitialization@1
                      ; - jdk.internal.loader.URLClassPath$JarLoader$2::getManifest@10
                      ; - java.net.URLClassLoader::defineClass@34
                      ; - java.net.URLClassLoader$1::run@43
                      ; - java.net.URLClassLoader$1::run@1
                      ; - java.security.AccessController::executePrivileged@29
                      ; - java.security.AccessController::doPrivileged@13
                      ; - java.net.URLClassLoader::findClass@13
  0x000002cd5cb48fdc: a0b3 31ff 

  0x000002cd5cb48fe0: ;   {other}
  0x000002cd5cb48fe0: 0f1f 8400 | d078 0090 | ba0f 0000 | 004c 8b54 | 2460 4c89 | 5424 404c | 8b54 2450 | 4c89 5424 
  0x000002cd5cb49000: 484c 8b54 | 2460 4c89 | 5424 504c | 8b54 2468 | 4c89 5424 | 5844 8b94 | 2480 0000 | 0044 8954 
  0x000002cd5cb49020: 2468 448b | 9c24 8400 | 0000 4489 | 9c24 8000 | 0000 6690 

  0x000002cd5cb49034: ;   {runtime_call UncommonTrapBlob}
  0x000002cd5cb49034: c5f8 77e8 

  0x000002cd5cb49038: ; ImmutableOopMap {rbp=Oop [40]=Oop [48]=Oop [64]=Oop [80]=Oop [88]=Oop [104]=NarrowOop [112]=Oop [120]=Oop [128]=NarrowOop [132]=NarrowOop [136]=Oop [144]=Oop [240]=Oop }
                      ;*new {reexecute=0 rethrow=0 return_oop=0}
                      ; - java.util.Hashtable::<init>@53
                      ; - java.util.Hashtable::<init>@4
                      ; - java.util.jar.JarVerifier::<init>@63
                      ; - java.util.jar.JarFile::getManifestFromReference@78
                      ; - java.util.jar.JarFile::getManifest@1
                      ; - java.util.jar.JarFile::maybeInstantiateVerifier@31
                      ; - java.util.jar.JarFile::ensureInitialization@1
                      ; - java.util.jar.JavaUtilJarAccessImpl::ensureInitialization@1
                      ; - jdk.internal.loader.URLClassPath$JarLoader$2::getManifest@10
                      ; - java.net.URLClassLoader::defineClass@34
                      ; - java.net.URLClassLoader$1::run@43
                      ; - java.net.URLClassLoader$1::run@1
                      ; - java.security.AccessController::executePrivileged@29
                      ; - java.security.AccessController::doPrivileged@13
                      ; - java.net.URLClassLoader::findClass@13
  0x000002cd5cb49038: 44b3 31ff 

  0x000002cd5cb4903c: ;   {other}
  0x000002cd5cb4903c: 0f1f 8400 | 2c79 0091 | 498b d849 | 8bd7 c5f8 | 7749 ba00 | 2a20 24fc | 7f00 0041 

  0x000002cd5cb49058: ;   {other}
  0x000002cd5cb49058: ffd2 0f1f | 8400 0000 | 0000 e92a | eeff ff49 | 8bd7 c5f8 | 7749 ba00 | 2a20 24fc | 7f00 0041 
  0x000002cd5cb49078: ;   {other}
  0x000002cd5cb49078: ffd2 0f1f | 8400 0000 | 0000 e9c7 | edff ffba | 45ff ffff | 4c8b 5424 | 604c 8954 | 2440 4c8b 
  0x000002cd5cb49098: 5424 504c | 8954 2448 | 4c8b 5424 | 604c 8954 | 2450 4c8b | 5424 684c | 8954 2458 | 448b 9c24 
  0x000002cd5cb490b8: 8000 0000 | 4489 5c24 | 6844 8b94 | 2484 0000 | 0044 8994 | 2480 0000 | 004c 8984 | 2490 0000 
  0x000002cd5cb490d8: 0066 6690 

  0x000002cd5cb490dc: ;   {runtime_call UncommonTrapBlob}
  0x000002cd5cb490dc: c5f8 77e8 

  0x000002cd5cb490e0: ; ImmutableOopMap {[40]=Oop [48]=Oop [64]=Oop [80]=Oop [88]=Oop [104]=NarrowOop [112]=Oop [120]=Oop [128]=NarrowOop [132]=NarrowOop [144]=Oop [240]=Oop }
                      ;*ifne {reexecute=1 rethrow=0 return_oop=0}
                      ; - (reexecute) java.util.jar.JarFile::getManifestFromReference@52
                      ; - java.util.jar.JarFile::getManifest@1
                      ; - java.util.jar.JarFile::maybeInstantiateVerifier@31
                      ; - java.util.jar.JarFile::ensureInitialization@1
                      ; - java.util.jar.JavaUtilJarAccessImpl::ensureInitialization@1
                      ; - jdk.internal.loader.URLClassPath$JarLoader$2::getManifest@10
                      ; - java.net.URLClassLoader::defineClass@34
                      ; - java.net.URLClassLoader$1::run@43
                      ; - java.net.URLClassLoader$1::run@1
                      ; - java.security.AccessController::executePrivileged@29
                      ; - java.security.AccessController::doPrivileged@13
                      ; - java.net.URLClassLoader::findClass@13
  0x000002cd5cb490e0: 9cb2 31ff 

  0x000002cd5cb490e4: ;   {other}
  0x000002cd5cb490e4: 0f1f 8400 | d479 0092 | ba45 ffff | ff48 8b6c | 2460 4c8b | 5424 284c | 8954 2420 | 4c8b 5424 
  0x000002cd5cb49104: 304c 8954 | 2428 4c8b | 5424 504c | 8954 2440 | 4c8b 5424 | 684c 8954 | 2450 448b | 9424 8000 
  0x000002cd5cb49124: 0000 4489 | 5424 6044 | 8b94 2484 | 0000 0045 | 8bda 4489 | 9c24 8000 | 0000 8984 | 2484 0000 
  0x000002cd5cb49144: 0066 6690 

  0x000002cd5cb49148: ;   {runtime_call UncommonTrapBlob}
  0x000002cd5cb49148: c5f8 77e8 

  0x000002cd5cb4914c: ; ImmutableOopMap {rbp=Oop [32]=Oop [40]=Oop [80]=Oop [96]=NarrowOop [112]=Oop [120]=Oop [128]=NarrowOop [136]=Oop [240]=Oop }
                      ;*if_icmpne {reexecute=1 rethrow=0 return_oop=0}
                      ; - (reexecute) java.util.jar.JarFile::getManifestFromReference@65
                      ; - java.util.jar.JarFile::getManifest@1
                      ; - java.util.jar.JarFile::maybeInstantiateVerifier@31
                      ; - java.util.jar.JarFile::ensureInitialization@1
                      ; - java.util.jar.JavaUtilJarAccessImpl::ensureInitialization@1
                      ; - jdk.internal.loader.URLClassPath$JarLoader$2::getManifest@10
                      ; - java.net.URLClassLoader::defineClass@34
                      ; - java.net.URLClassLoader$1::run@43
                      ; - java.net.URLClassLoader$1::run@1
                      ; - java.security.AccessController::executePrivileged@29
                      ; - java.security.AccessController::doPrivileged@13
                      ; - java.net.URLClassLoader::findClass@13
  0x000002cd5cb4914c: 30b2 31ff 

  0x000002cd5cb49150: ;   {other}
  0x000002cd5cb49150: 0f1f 8400 | 407a 0093 | 498b d7c5 | f877 49ba | 002a 2024 | fc7f 0000 

  0x000002cd5cb49168: ;   {other}
  0x000002cd5cb49168: 41ff d20f | 1f84 0000 | 0000 00e9 | a7ed ffff | 498b d7c5 | f877 49ba | 002a 2024 | fc7f 0000 
  0x000002cd5cb49188: ;   {other}
  0x000002cd5cb49188: 41ff d20f | 1f84 0000 | 0000 00e9 | 93cd ffff | 498b d7c5 | f877 49ba | 002a 2024 | fc7f 0000 
  0x000002cd5cb491a8: ;   {other}
  0x000002cd5cb491a8: 41ff d20f | 1f84 0000 | 0000 00e9 | 22cd ffff | 498b d7c5 | f877 49ba | 002a 2024 | fc7f 0000 
  0x000002cd5cb491c8: ;   {other}
  0x000002cd5cb491c8: 41ff d20f | 1f84 0000 | 0000 00e9 | e2ce ffff | 498b d7c5 | f877 49ba | 002a 2024 | fc7f 0000 
  0x000002cd5cb491e8: ;   {other}
  0x000002cd5cb491e8: 41ff d20f | 1f84 0000 | 0000 00e9 | 79ce ffff | 498b d7c5 | f877 49ba | 002a 2024 | fc7f 0000 
  0x000002cd5cb49208: ;   {other}
  0x000002cd5cb49208: 41ff d20f | 1f84 0000 | 0000 00e9 | a3d3 ffff | 498b d7c5 | f877 49ba | 002a 2024 | fc7f 0000 
  0x000002cd5cb49228: ;   {other}
  0x000002cd5cb49228: 41ff d20f | 1f84 0000 | 0000 00e9 | 93d2 ffff | 498b d7c5 | f877 49ba | 002a 2024 | fc7f 0000 
  0x000002cd5cb49248: ;   {other}
  0x000002cd5cb49248: 41ff d20f | 1f84 0000 | 0000 00e9 | 01d0 ffff | 498b d7c5 | f877 49ba | 002a 2024 | fc7f 0000 
  0x000002cd5cb49268: ;   {other}
  0x000002cd5cb49268: 41ff d20f | 1f84 0000 | 0000 00e9 | 7ed0 ffff | 498b d7c5 | f877 49ba | 002a 2024 | fc7f 0000 
  0x000002cd5cb49288: ;   {other}
  0x000002cd5cb49288: 41ff d20f | 1f84 0000 | 0000 00e9 | 9cd1 ffff | 498b d7c5 | f877 49ba | 002a 2024 | fc7f 0000 
  0x000002cd5cb492a8: ;   {other}
  0x000002cd5cb492a8: 41ff d20f | 1f84 0000 | 0000 00e9 | b9d2 ffff | 498b d7c5 | f877 49ba | 002a 2024 | fc7f 0000 
  0x000002cd5cb492c8: ;   {other}
  0x000002cd5cb492c8: 41ff d20f | 1f84 0000 | 0000 00e9 | 1ecf ffff | 498b d7c5 | f877 49ba | 002a 2024 | fc7f 0000 
  0x000002cd5cb492e8: ;   {other}
  0x000002cd5cb492e8: 41ff d20f | 1f84 0000 | 0000 00e9 | f9d5 ffff | 498b d7c5 | f877 49ba | 002a 2024 | fc7f 0000 
  0x000002cd5cb49308: ;   {other}
  0x000002cd5cb49308: 41ff d20f | 1f84 0000 | 0000 00e9 | d3d4 ffff | 498b d7c5 | f877 49ba | 002a 2024 | fc7f 0000 
  0x000002cd5cb49328: ;   {other}
  0x000002cd5cb49328: 41ff d20f | 1f84 0000 | 0000 00e9 | 1cd5 ffff | 498b d7c5 | f877 49ba | 002a 2024 | fc7f 0000 
  0x000002cd5cb49348: ;   {other}
  0x000002cd5cb49348: 41ff d20f | 1f84 0000 | 0000 00e9 | 84ef ffff | 498b d7c5 | f877 49ba | 002a 2024 | fc7f 0000 
  0x000002cd5cb49368: ;   {other}
  0x000002cd5cb49368: 41ff d20f | 1f84 0000 | 0000 00e9 | c2f5 ffff | 498b d7c5 | f877 49ba | 002a 2024 | fc7f 0000 
  0x000002cd5cb49388: ;   {other}
  0x000002cd5cb49388: 41ff d20f | 1f84 0000 | 0000 00e9 | 17c7 ffff | 498b d7c5 | f877 49ba | 002a 2024 | fc7f 0000 
  0x000002cd5cb493a8: ;   {other}
  0x000002cd5cb493a8: 41ff d20f | 1f84 0000 | 0000 00e9 | 5ec7 ffff | 498b d7c5 | f877 49ba | 002a 2024 | fc7f 0000 
  0x000002cd5cb493c8: ;   {other}
  0x000002cd5cb493c8: 41ff d20f | 1f84 0000 | 0000 004c | 8bc5 e943 | c8ff ffba | deff ffff | 4c8b 5424 | 604c 8954 
  0x000002cd5cb493e8: 2440 4c8b | 5424 504c | 8954 2448 | 4c8b 5424 | 604c 8954 | 2450 4c8b | 5424 684c | 8954 2458 
  0x000002cd5cb49408: 448b 9c24 | 8000 0000 | 4489 5c24 | 6844 8b94 | 2484 0000 | 0044 8994 | 2480 0000 | 004c 8984 
  0x000002cd5cb49428: 2488 0000 | 0066 6690 

  0x000002cd5cb49430: ;   {runtime_call UncommonTrapBlob}
  0x000002cd5cb49430: c5f8 77e8 

  0x000002cd5cb49434: ; ImmutableOopMap {rbp=NarrowOop [40]=Oop [48]=Oop [64]=Oop [80]=Oop [88]=Oop [104]=NarrowOop [120]=Oop [128]=NarrowOop [132]=NarrowOop [136]=Oop [240]=Oop }
                      ;*checkcast {reexecute=0 rethrow=0 return_oop=0}
                      ; - java.util.jar.JarFile::getManifestFromReference@14
                      ; - java.util.jar.JarFile::getManifest@1
                      ; - java.util.jar.JarFile::maybeInstantiateVerifier@31
                      ; - java.util.jar.JarFile::ensureInitialization@1
                      ; - java.util.jar.JavaUtilJarAccessImpl::ensureInitialization@1
                      ; - jdk.internal.loader.URLClassPath$JarLoader$2::getManifest@10
                      ; - java.net.URLClassLoader::defineClass@34
                      ; - java.net.URLClassLoader$1::run@43
                      ; - java.net.URLClassLoader$1::run@1
                      ; - java.security.AccessController::executePrivileged@29
                      ; - java.security.AccessController::doPrivileged@13
                      ; - java.net.URLClassLoader::findClass@13
  0x000002cd5cb49434: 48af 31ff 

  0x000002cd5cb49438: ;   {other}
  0x000002cd5cb49438: 0f1f 8400 | 287d 0094 | bade ffff | ff48 8974 | 2430 4c8b | 5424 604c | 8954 2440 | 4c8b 5424 
  0x000002cd5cb49458: 504c 8954 | 2448 4c8b | 5424 604c | 8954 2450 | 4c8b 5424 | 684c 8954 | 2458 4c89 | 6c24 6044 
  0x000002cd5cb49478: 8974 2468 | 4889 7c24 | 7866 6690 

  0x000002cd5cb49484: ;   {runtime_call UncommonTrapBlob}
  0x000002cd5cb49484: c5f8 77e8 

  0x000002cd5cb49488: ; ImmutableOopMap {rbp=NarrowOop [40]=Oop [48]=Oop [64]=Oop [80]=Oop [88]=Oop [96]=Oop [104]=NarrowOop [120]=Oop [240]=Oop }
                      ;*checkcast {reexecute=0 rethrow=0 return_oop=0}
                      ; - java.util.jar.JarFile::getManifestFromReference@14
                      ; - java.util.jar.JarFile::getManifest@1
                      ; - jdk.internal.loader.URLClassPath$JarLoader$2::getManifest@22
                      ; - java.net.URLClassLoader::defineClass@34
                      ; - java.net.URLClassLoader$1::run@43
                      ; - java.net.URLClassLoader$1::run@1
                      ; - java.security.AccessController::executePrivileged@29
                      ; - java.security.AccessController::doPrivileged@13
                      ; - java.net.URLClassLoader::findClass@13
  0x000002cd5cb49488: f4ae 31ff 

  0x000002cd5cb4948c: ;   {other}
  0x000002cd5cb4948c: 0f1f 8400 | 7c7d 0095 | baf6 ffff | ff48 8b6c | 2460 4c8b | 5424 284c | 8954 2420 

  0x000002cd5cb494a8: ;   {runtime_call UncommonTrapBlob}
  0x000002cd5cb494a8: c5f8 77e8 

  0x000002cd5cb494ac: ; ImmutableOopMap {rbp=Oop [32]=Oop [104]=Oop }
                      ;*invokevirtual replace {reexecute=0 rethrow=0 return_oop=0}
                      ; - java.net.URLClassLoader$1::run@8
                      ; - java.net.URLClassLoader$1::run@1
                      ; - java.security.AccessController::executePrivileged@29
                      ; - java.security.AccessController::doPrivileged@13
                      ; - java.net.URLClassLoader::findClass@13
  0x000002cd5cb494ac: d0ae 31ff 

  0x000002cd5cb494b0: ;   {other}
  0x000002cd5cb494b0: 0f1f 8400 | a07d 0096 | baf6 ffff | ff49 8bea | 4c8b 5424 | 284c 8954 | 2420 6690 

  0x000002cd5cb494cc: ;   {runtime_call UncommonTrapBlob}
  0x000002cd5cb494cc: c5f8 77e8 

  0x000002cd5cb494d0: ; ImmutableOopMap {rbp=Oop [32]=Oop [104]=Oop }
                      ;*arraylength {reexecute=0 rethrow=0 return_oop=0}
                      ; - java.lang.StringLatin1::replace@8
                      ; - java.lang.String::replace@18
                      ; - java.net.URLClassLoader$1::run@8
                      ; - java.net.URLClassLoader$1::run@1
                      ; - java.security.AccessController::executePrivileged@29
                      ; - java.security.AccessController::doPrivileged@13
                      ; - java.net.URLClassLoader::findClass@13
  0x000002cd5cb494d0: acae 31ff 

  0x000002cd5cb494d4: ;   {other}
  0x000002cd5cb494d4: 0f1f 8400 | c47d 0097 | baf6 ffff | ff4c 8b54 | 2428 4c89 | 5424 2048 | 8974 2440 | 4889 4424 
  0x000002cd5cb494f4: 4866 6690 

  0x000002cd5cb494f8: ;   {runtime_call UncommonTrapBlob}
  0x000002cd5cb494f8: c5f8 77e8 

  0x000002cd5cb494fc: ; ImmutableOopMap {[32]=Oop [64]=Oop [96]=Oop [104]=Oop }
                      ;*arraylength {reexecute=0 rethrow=0 return_oop=0}
                      ; - java.lang.String::length@4
                      ; - java.lang.String::lastIndexOf@3
                      ; - java.net.URLClassLoader::defineClass@7
                      ; - java.net.URLClassLoader$1::run@43
                      ; - java.net.URLClassLoader$1::run@1
                      ; - java.security.AccessController::executePrivileged@29
                      ; - java.security.AccessController::doPrivileged@13
                      ; - java.net.URLClassLoader::findClass@13
  0x000002cd5cb494fc: 80ae 31ff 

  0x000002cd5cb49500: ;   {other}
  0x000002cd5cb49500: 0f1f 8400 | f07d 0098 | baf6 ffff | ff48 8b6c | 2460 4c8b | 5c24 284c | 895c 2420 | 4889 7424 
  0x000002cd5cb49520: 284c 8b5c | 2450 4c89 | 5c24 4044 | 8954 2448 | 4c89 6c24 | 6066 6690 

  0x000002cd5cb49538: ;   {runtime_call UncommonTrapBlob}
  0x000002cd5cb49538: c5f8 77e8 

  0x000002cd5cb4953c: ; ImmutableOopMap {rbp=Oop [32]=Oop [40]=Oop [96]=Oop [104]=Oop }
                      ;*getfield csu {reexecute=1 rethrow=0 return_oop=0}
                      ; - (reexecute) jdk.internal.loader.URLClassPath$JarLoader$2::getCodeSourceURL@4
                      ; - java.net.URLClassLoader::defineClass@13
                      ; - java.net.URLClassLoader$1::run@43
                      ; - java.net.URLClassLoader$1::run@1
                      ; - java.security.AccessController::executePrivileged@29
                      ; - java.security.AccessController::doPrivileged@13
                      ; - java.net.URLClassLoader::findClass@13
  0x000002cd5cb4953c: 40ae 31ff 

  0x000002cd5cb49540: ;   {other}
  0x000002cd5cb49540: 0f1f 8400 | 307e 0099 | baf6 ffff | ff48 8b6c | 2460 4c8b | 5424 284c | 8954 2420 | 4889 7424 
  0x000002cd5cb49560: 284c 8b54 | 2450 4c89 | 5424 404c | 8b54 2468 | 4c89 5424 | 504c 896c | 2458 4489 | 7424 6090 
  0x000002cd5cb49580: ;   {runtime_call UncommonTrapBlob}
  0x000002cd5cb49580: c5f8 77e8 

  0x000002cd5cb49584: ; ImmutableOopMap {rbp=Oop [32]=Oop [40]=Oop [80]=Oop [88]=Oop [96]=NarrowOop [240]=Oop }
                      ;*getfield jar {reexecute=1 rethrow=0 return_oop=0}
                      ; - (reexecute) jdk.internal.loader.URLClassPath$JarLoader$2::getManifest@7
                      ; - java.net.URLClassLoader::defineClass@34
                      ; - java.net.URLClassLoader$1::run@43
                      ; - java.net.URLClassLoader$1::run@1
                      ; - java.security.AccessController::executePrivileged@29
                      ; - java.security.AccessController::doPrivileged@13
                      ; - java.net.URLClassLoader::findClass@13
  0x000002cd5cb49584: f8ad 31ff 

  0x000002cd5cb49588: ;   {other}
  0x000002cd5cb49588: 0f1f 8400 | 787e 009a | baf6 ffff | ff48 8b6c | 2460 4c8b | 5424 284c | 8954 2420 | 4889 7424 
  0x000002cd5cb495a8: 284c 8b54 | 2450 4c89 | 5424 404c | 8b54 2468 | 4c89 5424 | 504c 896c | 2458 4489 | 7424 6090 
  0x000002cd5cb495c8: ;   {runtime_call UncommonTrapBlob}
  0x000002cd5cb495c8: c5f8 77e8 

  0x000002cd5cb495cc: ; ImmutableOopMap {rbp=Oop [32]=Oop [40]=Oop [80]=Oop [88]=Oop [96]=NarrowOop [240]=Oop }
                      ;*invokevirtual ensureInitialization {reexecute=0 rethrow=0 return_oop=0}
                      ; - java.util.jar.JavaUtilJarAccessImpl::ensureInitialization@1
                      ; - jdk.internal.loader.URLClassPath$JarLoader$2::getManifest@10
                      ; - java.net.URLClassLoader::defineClass@34
                      ; - java.net.URLClassLoader$1::run@43
                      ; - java.net.URLClassLoader$1::run@1
                      ; - java.security.AccessController::executePrivileged@29
                      ; - java.security.AccessController::doPrivileged@13
                      ; - java.net.URLClassLoader::findClass@13
  0x000002cd5cb495cc: b0ad 31ff 

  0x000002cd5cb495d0: ;   {other}
  0x000002cd5cb495d0: 0f1f 8400 | c07e 009b | baf6 ffff | ff48 8b6c | 2460 4c8b | 5424 284c | 8954 2420 | 4889 7424 
  0x000002cd5cb495f0: 284c 8b54 | 2450 4c89 | 5424 404c | 8b54 2468 | 4c89 5424 | 504c 896c | 2458 4489 | 7424 6090 
  0x000002cd5cb49610: ;   {runtime_call UncommonTrapBlob}
  0x000002cd5cb49610: c5f8 77e8 

  0x000002cd5cb49614: ; ImmutableOopMap {rbp=Oop [32]=Oop [40]=Oop [80]=Oop [88]=Oop [96]=NarrowOop [240]=Oop }
                      ;*getfield jar {reexecute=1 rethrow=0 return_oop=0}
                      ; - (reexecute) jdk.internal.loader.URLClassPath$JarLoader$2::getManifest@19
                      ; - java.net.URLClassLoader::defineClass@34
                      ; - java.net.URLClassLoader$1::run@43
                      ; - java.net.URLClassLoader$1::run@1
                      ; - java.security.AccessController::executePrivileged@29
                      ; - java.security.AccessController::doPrivileged@13
                      ; - java.net.URLClassLoader::findClass@13
  0x000002cd5cb49614: 68ad 31ff 

  0x000002cd5cb49618: ;   {other}
  0x000002cd5cb49618: 0f1f 8400 | 087f 009c | baf6 ffff | ff48 8b6c | 2460 4c8b | 5424 284c | 8954 2420 | 4889 7424 
  0x000002cd5cb49638: 284c 8b54 | 2450 4c89 | 5424 404c | 8b54 2468 | 4c89 5424 | 504c 896c | 2458 4489 | 7424 6090 
  0x000002cd5cb49658: ;   {runtime_call UncommonTrapBlob}
  0x000002cd5cb49658: c5f8 77e8 

  0x000002cd5cb4965c: ; ImmutableOopMap {rbp=Oop [32]=Oop [40]=Oop [80]=Oop [88]=Oop [96]=NarrowOop [240]=Oop }
                      ;*invokevirtual getManifest {reexecute=0 rethrow=0 return_oop=0}
                      ; - jdk.internal.loader.URLClassPath$JarLoader$2::getManifest@22
                      ; - java.net.URLClassLoader::defineClass@34
                      ; - java.net.URLClassLoader$1::run@43
                      ; - java.net.URLClassLoader$1::run@1
                      ; - java.security.AccessController::executePrivileged@29
                      ; - java.security.AccessController::doPrivileged@13
                      ; - java.net.URLClassLoader::findClass@13
  0x000002cd5cb4965c: 20ad 31ff 

  0x000002cd5cb49660: ;   {other}
  0x000002cd5cb49660: 0f1f 8400 | 507f 009d | baf6 ffff | ff4c 8b54 | 2428 4c89 | 5424 204c | 8b54 2430 | 4c89 5424 
  0x000002cd5cb49680: 2866 6690 

  0x000002cd5cb49684: ;   {runtime_call UncommonTrapBlob}
  0x000002cd5cb49684: c5f8 77e8 

  0x000002cd5cb49688: ; ImmutableOopMap {[32]=Oop [40]=Oop [88]=Oop [96]=Oop [104]=Oop }
                      ;*arraylength {reexecute=0 rethrow=0 return_oop=0}
                      ; - java.net.URLClassLoader::defineClass@217
                      ; - java.net.URLClassLoader$1::run@43
                      ; - java.net.URLClassLoader$1::run@1
                      ; - java.security.AccessController::executePrivileged@29
                      ; - java.security.AccessController::doPrivileged@13
                      ; - java.net.URLClassLoader::findClass@13
  0x000002cd5cb49688: f4ac 31ff 

  0x000002cd5cb4968c: ;   {other}
  0x000002cd5cb4968c: 0f1f 8400 | 7c7f 009e | baf4 ffff | ff48 8b6c | 2460 4c8b | 5424 284c | 8954 2420 | 4889 7424 
  0x000002cd5cb496ac: 284c 8b54 | 2450 4c89 | 5424 404c | 8b54 2468 | 4c89 5424 | 504c 896c | 2458 4489 | 7424 6048 
  0x000002cd5cb496cc: 897c 2470 

  0x000002cd5cb496d0: ;   {runtime_call UncommonTrapBlob}
  0x000002cd5cb496d0: c5f8 77e8 

  0x000002cd5cb496d4: ; ImmutableOopMap {rbp=Oop [32]=Oop [40]=Oop [80]=Oop [88]=Oop [96]=NarrowOop [112]=Oop [240]=Oop }
                      ;*checkcast {reexecute=0 rethrow=0 return_oop=0}
                      ; - java.util.jar.JarFile::getManifestFromReference@14
                      ; - java.util.jar.JarFile::getManifest@1
                      ; - jdk.internal.loader.URLClassPath$JarLoader$2::getManifest@22
                      ; - java.net.URLClassLoader::defineClass@34
                      ; - java.net.URLClassLoader$1::run@43
                      ; - java.net.URLClassLoader$1::run@1
                      ; - java.security.AccessController::executePrivileged@29
                      ; - java.security.AccessController::doPrivileged@13
                      ; - java.net.URLClassLoader::findClass@13
  0x000002cd5cb496d4: a8ac 31ff 

  0x000002cd5cb496d8: ;   {other}
  0x000002cd5cb496d8: 0f1f 8400 | c87f 009f | ba45 ffff | ff48 8b6c | 2460 4c8b | 5c24 284c | 895c 2420 | 4889 7424 
  0x000002cd5cb496f8: 284c 8b5c | 2450 4c89 | 5c24 404c | 8b5c 2468 | 4c89 5c24 | 5044 8974 | 2460 4c89 | 6c24 7044 
  0x000002cd5cb49718: 8954 2478 

  0x000002cd5cb4971c: ;   {runtime_call UncommonTrapBlob}
  0x000002cd5cb4971c: c5f8 77e8 

  0x000002cd5cb49720: ; ImmutableOopMap {rbp=Oop [32]=Oop [40]=Oop [80]=Oop [96]=NarrowOop [112]=Oop [120]=NarrowOop [240]=Oop }
                      ;*ifnonnull {reexecute=1 rethrow=0 return_oop=0}
                      ; - (reexecute) jdk.internal.access.SharedSecrets::javaUtilJarAccess@5
                      ; - jdk.internal.loader.URLClassPath$JarLoader$2::getManifest@0
                      ; - java.net.URLClassLoader::defineClass@34
                      ; - java.net.URLClassLoader$1::run@43
                      ; - java.net.URLClassLoader$1::run@1
                      ; - java.security.AccessController::executePrivileged@29
                      ; - java.security.AccessController::doPrivileged@13
                      ; - java.net.URLClassLoader::findClass@13
  0x000002cd5cb49720: 5cac 31ff 

  0x000002cd5cb49724: ;   {other}
  0x000002cd5cb49724: 0f1f 8400 | 1480 00a0 | baf6 ffff | ff48 8b6c | 2460 4c8b | 4424 284c | 8944 2420 | 4c8b 4424 
  0x000002cd5cb49744: 304c 8944 | 2428 4c8b | 4424 504c | 8944 2440 | 4c8b 4424 | 684c 8944 | 2450 4c8b | 4424 784c 
  0x000002cd5cb49764: 8944 2458 | 448b 8424 | 8000 0000 | 4489 4424 | 604c 894c | 2470 4c89 | 9c24 8000 | 0000 4489 
  0x000002cd5cb49784: 5424 6448 | 898c 2488 | 0000 0090 

  0x000002cd5cb49790: ;   {runtime_call UncommonTrapBlob}
  0x000002cd5cb49790: c5f8 77e8 

  0x000002cd5cb49794: ; ImmutableOopMap {rbp=Oop [32]=Oop [40]=Oop [80]=Oop [88]=Oop [96]=NarrowOop [100]=NarrowOop [112]=Oop [128]=Oop [136]=Oop [240]=Oop }
                      ;*arraylength {reexecute=0 rethrow=0 return_oop=0}
                      ; - java.io.ByteArrayInputStream::<init>@21
                      ; - java.util.jar.JarFile::getManifestFromReference@114
                      ; - java.util.jar.JarFile::getManifest@1
                      ; - jdk.internal.loader.URLClassPath$JarLoader$2::getManifest@22
                      ; - java.net.URLClassLoader::defineClass@34
                      ; - java.net.URLClassLoader$1::run@43
                      ; - java.net.URLClassLoader$1::run@1
                      ; - java.security.AccessController::executePrivileged@29
                      ; - java.security.AccessController::doPrivileged@13
                      ; - java.net.URLClassLoader::findClass@13
  0x000002cd5cb49794: e8ab 31ff 

  0x000002cd5cb49798: ;   {other}
  0x000002cd5cb49798: 0f1f 8400 | 8880 00a1 | ba45 ffff | ff48 8b6c | 2460 4c8b | 5c24 284c | 895c 2420 | 4c8b 5c24 
  0x000002cd5cb497b8: 304c 895c | 2428 4c8b | 5c24 504c | 895c 2440 | 4c8b 5c24 | 684c 895c | 2450 4c8b | 5c24 784c 
  0x000002cd5cb497d8: 895c 2458 | 448b 9c24 | 8000 0000 | 4489 5c24 | 604c 8b9c | 2488 0000 | 004c 895c | 2470 4889 
  0x000002cd5cb497f8: 5c24 784c | 8994 2488 | 0000 0090 

  0x000002cd5cb49804: ;   {runtime_call UncommonTrapBlob}
  0x000002cd5cb49804: c5f8 77e8 

  0x000002cd5cb49808: ; ImmutableOopMap {rbp=Oop [32]=Oop [40]=Oop [80]=Oop [88]=Oop [96]=NarrowOop [112]=Oop [120]=Oop [136]=Oop [144]=Oop [240]=Oop }
                      ;*ifnull {reexecute=1 rethrow=0 return_oop=0}
                      ; - (reexecute) java.util.jar.JarFile::getManifestFromReference@148
                      ; - java.util.jar.JarFile::getManifest@1
                      ; - jdk.internal.loader.URLClassPath$JarLoader$2::getManifest@22
                      ; - java.net.URLClassLoader::defineClass@34
                      ; - java.net.URLClassLoader$1::run@43
                      ; - java.net.URLClassLoader$1::run@1
                      ; - java.security.AccessController::executePrivileged@29
                      ; - java.security.AccessController::doPrivileged@13
                      ; - java.net.URLClassLoader::findClass@13
  0x000002cd5cb49808: 74ab 31ff 

  0x000002cd5cb4980c: ;   {other}
  0x000002cd5cb4980c: 0f1f 8400 | fc80 00a2 | 4c8b d0eb | 034c 8bd0 | 498b da90 | e9a2 bfff | ff48 8bd8 | e97e ddff 
  0x000002cd5cb4982c: ffba 97ff | ffff 488b | 6c24 604c | 8b54 2428 | 4c89 5424 | 204c 8b54 | 2430 4c89 | 5424 284c 
  0x000002cd5cb4984c: 8b54 2450 | 4c89 5424 | 404c 8b54 | 2468 4c89 | 5424 504c | 8b94 2480 | 0000 004c | 8954 2470 
  0x000002cd5cb4986c: ;   {runtime_call UncommonTrapBlob}
  0x000002cd5cb4986c: c5f8 77e8 

  0x000002cd5cb49870: ; ImmutableOopMap {rbp=Oop [32]=Oop [40]=Oop [80]=Oop [88]=NarrowOop [92]=NarrowOop [112]=Oop [120]=Oop [128]=Oop }
                      ;*invokevirtual clone {reexecute=1 rethrow=0 return_oop=0}
                      ; - (reexecute) java.util.Arrays::copyOfRange@18
                      ; - java.lang.StringLatin1::newString@16
                      ; - java.lang.String::substring@41
                      ; - java.net.URLClassLoader::defineClass@28
                      ; - java.net.URLClassLoader$1::run@43
                      ; - java.net.URLClassLoader$1::run@1
                      ; - java.security.AccessController::executePrivileged@29
                      ; - java.security.AccessController::doPrivileged@13
                      ; - java.net.URLClassLoader::findClass@13
  0x000002cd5cb49870: 0cab 31ff 

  0x000002cd5cb49874: ;   {other}
  0x000002cd5cb49874: 0f1f 8400 | 6481 00a3 | 488b d890 | e942 bfff | ff48 8bd8 | e93a bfff | ff48 8bd8 | e932 bfff 
  0x000002cd5cb49894: ff4c 8bd0 | eb08 4c8b | d0eb 034c | 8bd0 4c8b | 5c24 204c | 895c 2460 | 498b dae9 | 13bf ffff 
  0x000002cd5cb498b4: baf4 ffff | ff48 8b6c | 2460 4c8b | 5424 284c | 8954 2420 | 4c8b 5424 | 304c 8954 | 2428 4c8b 
  0x000002cd5cb498d4: 5424 504c | 8954 2440 | 4c8b 5424 | 684c 8954 | 2450 4c8b | 5424 784c | 8954 2458 | 448b 9c24 
  0x000002cd5cb498f4: 8000 0000 | 4489 5c24 | 6044 8b94 | 2484 0000 | 0045 8bda | 4489 5c24 | 784c 8984 | 2480 0000 
  0x000002cd5cb49914: 0066 6690 

  0x000002cd5cb49918: ;   {runtime_call UncommonTrapBlob}
  0x000002cd5cb49918: c5f8 77e8 

  0x000002cd5cb4991c: ; ImmutableOopMap {rbp=Oop [32]=Oop [40]=Oop [80]=Oop [88]=Oop [96]=NarrowOop [120]=NarrowOop [128]=Oop [240]=Oop }
                      ;*checkcast {reexecute=0 rethrow=0 return_oop=0}
                      ; - java.util.jar.JarFile::getManifestFromReference@14
                      ; - java.util.jar.JarFile::getManifest@1
                      ; - java.util.jar.JarFile::maybeInstantiateVerifier@31
                      ; - java.util.jar.JarFile::ensureInitialization@1
                      ; - java.util.jar.JavaUtilJarAccessImpl::ensureInitialization@1
                      ; - jdk.internal.loader.URLClassPath$JarLoader$2::getManifest@10
                      ; - java.net.URLClassLoader::defineClass@34
                      ; - java.net.URLClassLoader$1::run@43
                      ; - java.net.URLClassLoader$1::run@1
                      ; - java.security.AccessController::executePrivileged@29
                      ; - java.security.AccessController::doPrivileged@13
                      ; - java.net.URLClassLoader::findClass@13
  0x000002cd5cb4991c: 60aa 31ff 

  0x000002cd5cb49920: ;   {other}
  0x000002cd5cb49920: 0f1f 8400 | 1082 00a4 | 488b d8e9 | 7bdc ffff | baf4 ffff | ff66 6690 

  0x000002cd5cb49938: ;   {runtime_call UncommonTrapBlob}
  0x000002cd5cb49938: c5f8 77e8 

  0x000002cd5cb4993c: ; ImmutableOopMap {}
                      ;*checkcast {reexecute=0 rethrow=0 return_oop=0}
                      ; - java.net.URLClassLoader::findClass@28
  0x000002cd5cb4993c: 40aa 31ff 

  0x000002cd5cb49940: ;   {other}
  0x000002cd5cb49940: 0f1f 8400 | 3082 00a5 | baf6 ffff | ff48 8b6c | 2460 4c8b | 5424 284c | 8954 2420 | 4c8b 5424 
  0x000002cd5cb49960: 304c 8954 | 2428 4c8b | 5424 504c | 8954 2440 | 4c8b 5424 | 684c 8954 | 2450 448b | 9c24 8000 
  0x000002cd5cb49980: 0000 4489 | 5c24 6844 | 8b94 2484 | 0000 0045 | 8bda 4489 | 9c24 8000 | 0000 448b | 9424 9000 
  0x000002cd5cb499a0: 0000 4489 | 9424 8400 | 0000 6690 

  0x000002cd5cb499ac: ;   {runtime_call UncommonTrapBlob}
  0x000002cd5cb499ac: c5f8 77e8 

  0x000002cd5cb499b0: ; ImmutableOopMap {rbp=Oop [32]=Oop [40]=Oop [80]=Oop [88]=Oop [104]=NarrowOop [120]=Oop [128]=NarrowOop [132]=NarrowOop [136]=Oop [152]=Oop [240]=Oop }
                      ;*arraylength {reexecute=0 rethrow=0 return_oop=0}
                      ; - java.io.ByteArrayInputStream::<init>@21
                      ; - java.util.jar.JarFile::getManifestFromReference@114
                      ; - java.util.jar.JarFile::getManifest@1
                      ; - java.util.jar.JarFile::maybeInstantiateVerifier@31
                      ; - java.util.jar.JarFile::ensureInitialization@1
                      ; - java.util.jar.JavaUtilJarAccessImpl::ensureInitialization@1
                      ; - jdk.internal.loader.URLClassPath$JarLoader$2::getManifest@10
                      ; - java.net.URLClassLoader::defineClass@34
                      ; - java.net.URLClassLoader$1::run@43
                      ; - java.net.URLClassLoader$1::run@1
                      ; - java.security.AccessController::executePrivileged@29
                      ; - java.security.AccessController::doPrivileged@13
                      ; - java.net.URLClassLoader::findClass@13
  0x000002cd5cb499b0: cca9 31ff 

  0x000002cd5cb499b4: ;   {other}
  0x000002cd5cb499b4: 0f1f 8400 | a482 00a6 | ba45 ffff | ff48 8b6c | 2460 4c8b | 5424 284c | 8954 2420 | 4c8b 5424 
  0x000002cd5cb499d4: 304c 8954 | 2428 4c8b | 5424 504c | 8954 2440 | 4c8b 5424 | 684c 8954 | 2450 448b | 9424 8000 
  0x000002cd5cb499f4: 0000 4489 | 5424 6844 | 8b9c 2484 | 0000 0044 | 899c 2480 | 0000 004c | 8984 2488 | 0000 004c 
  0x000002cd5cb49a14: 898c 2498 | 0000 0090 

  0x000002cd5cb49a1c: ;   {runtime_call UncommonTrapBlob}
  0x000002cd5cb49a1c: c5f8 77e8 

  0x000002cd5cb49a20: ; ImmutableOopMap {rbp=Oop [32]=Oop [40]=Oop [80]=Oop [88]=Oop [104]=NarrowOop [120]=Oop [128]=NarrowOop [132]=NarrowOop [136]=Oop [152]=Oop [240]=Oop }
                      ;*ifnull {reexecute=1 rethrow=0 return_oop=0}
                      ; - (reexecute) java.util.jar.JarFile::getManifestFromReference@148
                      ; - java.util.jar.JarFile::getManifest@1
                      ; - java.util.jar.JarFile::maybeInstantiateVerifier@31
                      ; - java.util.jar.JarFile::ensureInitialization@1
                      ; - java.util.jar.JavaUtilJarAccessImpl::ensureInitialization@1
                      ; - jdk.internal.loader.URLClassPath$JarLoader$2::getManifest@10
                      ; - java.net.URLClassLoader::defineClass@34
                      ; - java.net.URLClassLoader$1::run@43
                      ; - java.net.URLClassLoader$1::run@1
                      ; - java.security.AccessController::executePrivileged@29
                      ; - java.security.AccessController::doPrivileged@13
                      ; - java.net.URLClassLoader::findClass@13
  0x000002cd5cb49a20: 5ca9 31ff 

  0x000002cd5cb49a24: ;   {other}
  0x000002cd5cb49a24: 0f1f 8400 | 1483 00a7 | 4c8b d0eb | 034c 8bd0 | 498b da45 | 8b52 080f | 1f44 0000 | e9e4 d5ff 
  0x000002cd5cb49a44: ff4c 8bd0 | e97f 0200 | 004c 8bd0 | e957 0500 | 0048 8b94 | 24a0 0000 | 004c 8bc0 

  0x000002cd5cb49a60: ;   {optimized virtual_call}
  0x000002cd5cb49a60: c5f8 77e8 

  0x000002cd5cb49a64: ; ImmutableOopMap {[40]=Oop [48]=Oop [56]=Oop [88]=Oop [96]=Oop [104]=Oop [120]=Oop [128]=NarrowOop [132]=NarrowOop [160]=Oop [240]=Oop }
                      ;*invokevirtual addSuppressed {reexecute=0 rethrow=0 return_oop=0}
                      ; - java.util.jar.JarFile::getManifestFromReference@177
                      ; - java.util.jar.JarFile::getManifest@1
                      ; - java.util.jar.JarFile::maybeInstantiateVerifier@31
                      ; - java.util.jar.JarFile::ensureInitialization@1
                      ; - java.util.jar.JavaUtilJarAccessImpl::ensureInitialization@1
                      ; - jdk.internal.loader.URLClassPath$JarLoader$2::getManifest@10
                      ; - java.net.URLClassLoader::defineClass@34
                      ; - java.net.URLClassLoader$1::run@43
                      ; - java.net.URLClassLoader$1::run@1
                      ; - java.security.AccessController::executePrivileged@29
                      ; - java.security.AccessController::doPrivileged@13
                      ; - java.net.URLClassLoader::findClass@13
  0x000002cd5cb49a64: 1850 31ff 

  0x000002cd5cb49a68: ;   {other}
  0x000002cd5cb49a68: 0f1f 8400 | 5883 00a8 | e94f 0200 | 00e9 0f02 | 0000 e90a | 0200 0048 | 8984 24a0 | 0000 00e9 
  0x000002cd5cb49a88: 0502 0000 | e9f8 0100 | 004c 8bd0 | e933 0200 | 004c 8bd0 | 0f1f 4000 | e927 0200 | 004c 8bd0 
  0x000002cd5cb49aa8: e91f 0200 | 004c 8bd0 | e917 0200 | 004c 8bd0 | e90f 0200 | 004c 8bd0 | e907 0200 | 004c 8bd0 
  0x000002cd5cb49ac8: e9ff 0100 | 004c 8bd0 | e9f7 0100 | 004c 8bd0 | e9ef 0100 | 004c 8bd0 | e9e7 0100 | 004c 8bd0 
  0x000002cd5cb49ae8: e9df 0100 | 004c 8bd0 | e9d7 0100 | 004c 8bd0 | e9cf 0100 | 004c 8bd0 | e9c7 0100 | 004c 8bd0 
  0x000002cd5cb49b08: e9bf 0100 | 004c 8bd0 | e9b7 0100 | 004c 8bd0 | e9af 0100 | 004c 8bd0 | e9a7 0100 | 0048 8bd8 
  0x000002cd5cb49b28: e98e 0200 | 004c 8bd0 | e997 0100 | 0048 8b6c | 2450 488b | 9424 9800 | 0000 4c8b | c04c 8b54 
  0x000002cd5cb49b48: 2478 4c89 | 5424 5090 

  0x000002cd5cb49b50: ;   {optimized virtual_call}
  0x000002cd5cb49b50: c5f8 77e8 

  0x000002cd5cb49b54: ; ImmutableOopMap {[40]=Oop [48]=Oop [80]=Oop [96]=Oop [104]=Oop [128]=NarrowOop [152]=Oop [240]=Oop }
                      ;*invokevirtual addSuppressed {reexecute=0 rethrow=0 return_oop=0}
                      ; - java.util.jar.JarFile::getManifestFromReference@177
                      ; - java.util.jar.JarFile::getManifest@1
                      ; - jdk.internal.loader.URLClassPath$JarLoader$2::getManifest@22
                      ; - java.net.URLClassLoader::defineClass@34
                      ; - java.net.URLClassLoader$1::run@43
                      ; - java.net.URLClassLoader$1::run@1
                      ; - java.security.AccessController::executePrivileged@29
                      ; - java.security.AccessController::doPrivileged@13
                      ; - java.net.URLClassLoader::findClass@13
  0x000002cd5cb49b54: 284f 31ff 

  0x000002cd5cb49b58: ;   {other}
  0x000002cd5cb49b58: 0f1f 8400 | 4884 00a9 | e93f 0400 | 0048 8bd8 | 448b 5808 | 49b8 0000 | 0000 0800 | 0000 4d03 
  0x000002cd5cb49b78: c3e9 e804 | 0000 4c8b | d0e9 4601 | 0000 e9e0 | 0300 0048 | 8984 2498 | 0000 00e9 | db03 0000 
  0x000002cd5cb49b98: e9ce 0300 | 0066 6690 | e9c6 0300 | 004c 8bd0 | e91f 0100 | 004c 8bd0 | e9f7 0300 | 004c 8bd0 
  0x000002cd5cb49bb8: e9ef 0300 | 004c 8bd0 | e9e7 0300 | 004c 8bd0 | e9df 0300 | 004c 8bd0 | e9d7 0300 | 004c 8bd0 
  0x000002cd5cb49bd8: e9cf 0300 | 004c 8bd0 | e9c7 0300 | 004c 8bd0 | e9bf 0300 | 004c 8bd0 | e9b7 0300 | 004c 8bd0 
  0x000002cd5cb49bf8: e9af 0300 | 004c 8bd0 | e9a7 0300 | 004c 8bd0 | e99f 0300 | 004c 8bd0 | e997 0300 | 004c 8bd0 
  0x000002cd5cb49c18: e98f 0300 | 004c 8bd0 | e987 0300 | 004c 8bd0 | e97f 0300 | 004c 8bd0 | e977 0300 | 004c 8bd0 
  0x000002cd5cb49c38: e98f 0000 | 004c 8bd0 | e987 0000 | 004c 8bd0 | e97f 0000 | 004c 8bd0 | e977 0000 

  0x000002cd5cb49c54: ;   {no_reloc}
  0x000002cd5cb49c54: 004c 8bd0 | e96f 0000 | 004c 8bd0 | e967 0000 | 004c 8bd0 | e95f 0000 | 004c 8bd0 | e937 0300 
  0x000002cd5cb49c74: 004c 8bd0 | e94f 0000 | 004c 8bd0 | e9ea 0000 | 00eb 02eb | 0048 8984 | 24a0 0000 | 004c 8b54 
  0x000002cd5cb49c94: 2448 4d85 | d274 2949 | 8bd2 4c8b | 5424 784c | 8954 2458 | 6690 c5f8 | 7748 b8ff | ffff ffff 
  0x000002cd5cb49cb4: ;   {virtual_call}
  0x000002cd5cb49cb4: ffff ffe8 

  0x000002cd5cb49cb8: ; ImmutableOopMap {[40]=Oop [48]=Oop [56]=Oop [88]=Oop [96]=Oop [104]=Oop [120]=Oop [128]=NarrowOop [132]=NarrowOop [160]=Oop [240]=Oop }
                      ;*invokevirtual close {reexecute=0 rethrow=0 return_oop=0}
                      ; - java.util.jar.JarFile::getManifestFromReference@165
                      ; - java.util.jar.JarFile::getManifest@1
                      ; - java.util.jar.JarFile::maybeInstantiateVerifier@31
                      ; - java.util.jar.JarFile::ensureInitialization@1
                      ; - java.util.jar.JavaUtilJarAccessImpl::ensureInitialization@1
                      ; - jdk.internal.loader.URLClassPath$JarLoader$2::getManifest@10
                      ; - java.net.URLClassLoader::defineClass@34
                      ; - java.net.URLClassLoader$1::run@43
                      ; - java.net.URLClassLoader$1::run@1
                      ; - java.security.AccessController::executePrivileged@29
                      ; - java.security.AccessController::doPrivileged@13
                      ; - java.net.URLClassLoader::findClass@13
  0x000002cd5cb49cb8: c450 31ff 

  0x000002cd5cb49cbc: ;   {other}
  0x000002cd5cb49cbc: 0f1f 8400 | ac85 00aa | 4c8b 9424 | a000 0000 | 498b da45 | 8b52 0849 | bb00 0000 | 0008 0000 
  0x000002cd5cb49cdc: 004d 03da | e9bf 0000 | 0048 8944 | 2448 488b | 6c24 5048 | 8b54 2458 

  0x000002cd5cb49cf4: ;   {static_call}
  0x000002cd5cb49cf4: c5f8 77e8 

  0x000002cd5cb49cf8: ; ImmutableOopMap {[32]=Oop [40]=Oop [48]=Oop [56]=Oop [64]=NarrowOop [72]=Oop [96]=Oop [104]=Oop [240]=Oop }
                      ;*invokestatic endInit {reexecute=0 rethrow=0 return_oop=0}
                      ; - java.util.jar.JarFile::ensureInitialization@53
                      ; - java.util.jar.JavaUtilJarAccessImpl::ensureInitialization@1
                      ; - jdk.internal.loader.URLClassPath$JarLoader$2::getManifest@10
                      ; - java.net.URLClassLoader::defineClass@34
                      ; - java.net.URLClassLoader$1::run@43
                      ; - java.net.URLClassLoader$1::run@1
                      ; - java.security.AccessController::executePrivileged@29
                      ; - java.security.AccessController::doPrivileged@13
                      ; - java.net.URLClassLoader::findClass@13
  0x000002cd5cb49cf8: 8453 31ff 

  0x000002cd5cb49cfc: ;   {other}
  0x000002cd5cb49cfc: 0f1f 8400 | ec85 00ab | 4c8b 5424 | 4849 8bda | e9aa 0000 | 0048 8bd8 | e9a2 0000 | 0048 8bd8 
  0x000002cd5cb49d1c: 0f1f 4000 | e996 0000 | 0048 8bd8 | 448b 5008 | 49b8 0000 | 0000 0800 | 0000 4d03 | c24d 8b50 
  0x000002cd5cb49d3c: 5066 6690 | 4c3b d50f | 847a 0100 | 00e9 1803 | 0000 488b | d844 8b58 | 0849 b800 | 0000 0008 
  0x000002cd5cb49d5c: 0000 004d | 03c3 e9ff | 0200 004c | 8bd0 eb03 | 4c8b d049 | 8bda 458b | 5a08 49b8 | 0000 0000 
  0x000002cd5cb49d7c: 0800 0000 | 4d03 c3e9 | de02 0000 | 4c8b d0e9 | 1c02 0000 | 488b d844 | 8b50 0849 | bb00 0000 
  0x000002cd5cb49d9c: 0008 0000 | 004d 03da | 4d8b 5348 

  0x000002cd5cb49da8: ;   {metadata('java/io/IOException')}
  0x000002cd5cb49da8: 49bb 50ed | 0900 0800 | 0000 4d3b | d30f 8465 | 0300 004c | 8b5c 2438 | 488d 8424 | 0001 0000 
  0x000002cd5cb49dc8: 4883 3800 | 0f84 7900 | 0000 4d8b | 1341 f6c2 | 020f 8462 | 0000 0049 | 83ba 8600 | 0000 0074 
  0x000002cd5cb49de8: 0949 ff8a | 8600 0000 | eb4b 498b | 8296 0000 | 0049 0b82 | 8e00 0000 | 750a 49c7 | 423e 0000 
  0x000002cd5cb49e08: 0000 eb3d | 4983 ba9e | 0000 0000 | 7422 4833 | c049 c742 | 3e00 0000 | 00f0 8304 | 2400 4983 
  0x000002cd5cb49e28: ba9e 0000 | 0000 750d | f04d 0fb1 | 7a3e 7505 | 83c8 01eb | 0ca8 00eb | 084c 8b10 | f04d 0fb1 
  0x000002cd5cb49e48: 1375 0a49 | ff8f 5005 | 0000 4533 | d20f 8454 | 0100 0048 | 8b4c 2438 | 488d 9424 | 0001 0000 
  0x000002cd5cb49e68: 4d8b c7c5 | f877 49ba | b0d7 6124 | fc7f 0000 

  0x000002cd5cb49e78: ;   {other}
  0x000002cd5cb49e78: 41ff d20f | 1f84 0000 | 0000 00e9 | 2701 0000 | 4c8b d0e9 | 1c01 0000 | 4c8b d0e9 | 1401 0000 
  0x000002cd5cb49e98: 488b d844 | 8b58 0849 | b800 0000 | 0008 0000 | 004d 03c3 | 4d8b 5050 | 4c3b d50f | 85ad 0100 
  0x000002cd5cb49eb8: 004c 8b54 | 2438 4c89 | 5424 7048 | 8b54 2468 | 4c8b 8424 | f000 0000 | 4c8b 4c24 | 7048 8b7c 
  0x000002cd5cb49ed8: 2420 6690 

  0x000002cd5cb49edc: ;   {optimized virtual_call}
  0x000002cd5cb49edc: c5f8 77e8 

  0x000002cd5cb49ee0: ; ImmutableOopMap {[32]=Oop [40]=Oop [48]=Oop [88]=NarrowOop [96]=Oop [104]=Oop [120]=Oop [240]=Oop }
                      ;*invokevirtual getAndVerifyPackage {reexecute=0 rethrow=0 return_oop=1}
                      ; - java.net.URLClassLoader::defineClass@97
                      ; - java.net.URLClassLoader$1::run@43
                      ; - java.net.URLClassLoader$1::run@1
                      ; - java.security.AccessController::executePrivileged@29
                      ; - java.security.AccessController::doPrivileged@13
                      ; - java.net.URLClassLoader::findClass@13
  0x000002cd5cb49ee0: 9c4b 31ff 

  0x000002cd5cb49ee4: ;   {other}
  0x000002cd5cb49ee4: 0f1f 8400 | d487 00ac | 4885 c00f | 85d8 8dff | ffba fd00 | 0000 4c8b | 5424 284c | 8954 2420 
  0x000002cd5cb49f04: 4c8b 5424 | 304c 8954 | 2428 6690 

  0x000002cd5cb49f10: ;   {runtime_call UncommonTrapBlob}
  0x000002cd5cb49f10: c5f8 77e8 

  0x000002cd5cb49f14: ; ImmutableOopMap {[32]=Oop [40]=Oop [96]=Oop [104]=Oop [240]=Oop }
                      ;*new {reexecute=0 rethrow=0 return_oop=0}
                      ; - java.net.URLClassLoader::defineClass@103
                      ; - java.net.URLClassLoader$1::run@43
                      ; - java.net.URLClassLoader$1::run@1
                      ; - java.security.AccessController::executePrivileged@29
                      ; - java.security.AccessController::doPrivileged@13
                      ; - java.net.URLClassLoader::findClass@13
  0x000002cd5cb49f14: 68a4 31ff 

  0x000002cd5cb49f18: ;   {other}
  0x000002cd5cb49f18: 0f1f 8400 | 0888 00ad | 4c8b d0e9 | 8400 0000 | 4c8b d0e9 | 7c00 0000 | 4c8b d0e9 | 7400 0000 
  0x000002cd5cb49f38: 4c8b d00f | 1f44 0000 | e967 0000 | 004c 8bd0 | e95f 0000 | 004c 8bd0 | e957 0000 | 004c 8bd0 
  0x000002cd5cb49f58: e94f 0000 | 004c 8bd0 | e947 0000 | 00eb 04eb | 02eb 0048 | 8984 2498 | 0000 004c | 8b94 2490 
  0x000002cd5cb49f78: 0000 000f | 1f44 0000 | 4d85 d274 | 1f49 8bd2 | 6690 c5f8 | 7748 b8ff | ffff ffff 

  0x000002cd5cb49f94: ;   {virtual_call}
  0x000002cd5cb49f94: ffff ffe8 

  0x000002cd5cb49f98: ; ImmutableOopMap {[40]=Oop [48]=Oop [96]=Oop [104]=Oop [120]=Oop [128]=NarrowOop [152]=Oop [240]=Oop }
                      ;*invokevirtual close {reexecute=0 rethrow=0 return_oop=0}
                      ; - java.util.jar.JarFile::getManifestFromReference@165
                      ; - java.util.jar.JarFile::getManifest@1
                      ; - jdk.internal.loader.URLClassPath$JarLoader$2::getManifest@22
                      ; - java.net.URLClassLoader::defineClass@34
                      ; - java.net.URLClassLoader$1::run@43
                      ; - java.net.URLClassLoader$1::run@1
                      ; - java.security.AccessController::executePrivileged@29
                      ; - java.security.AccessController::doPrivileged@13
                      ; - java.net.URLClassLoader::findClass@13
  0x000002cd5cb49f98: e44d 31ff 

  0x000002cd5cb49f9c: ;   {other}
  0x000002cd5cb49f9c: 0f1f 8400 | 8c88 00ae | 4c8b 9424 | 9800 0000 | 498b da44 | 8b53 0849 | b800 0000 | 0008 0000 
  0x000002cd5cb49fbc: 004d 03c2 | e9a1 0000 | 0048 8bd8 | 448b 5808 | 49b8 0000 | 0000 0800 | 0000 4d03 | c3e9 8800 
  0x000002cd5cb49fdc: 0000 488b | d844 8b58 | 0849 b800 | 0000 0008 | 0000 004d | 03c3 e96f | 0000 0048 | 8bd8 448b 
  0x000002cd5cb49ffc: 5808 49b8 | 0000 0000 | 0800 0000 | 4d03 c3e9 | 5600 0000 | 488b d844 | 8b58 0849 | b800 0000 
  0x000002cd5cb4a01c: 0008 0000 | 004d 03c3 | eb40 488b | d844 8b58 | 0849 b800 | 0000 0008 | 0000 004d | 03c3 eb2a 
  0x000002cd5cb4a03c: 488b d844 | 8b58 0849 | b800 0000 | 0008 0000 | 004d 03c3 | eb14 488b | d844 8b58 | 0849 b800 
  0x000002cd5cb4a05c: 0000 0008 | 0000 004d | 03c3 4d8b 

  0x000002cd5cb4a068: ;   {metadata('java/io/IOException')}
  0x000002cd5cb4a068: 5048 49bb | 50ed 0900 | 0800 0000 | 4d3b d30f | 8488 0000 | 004d 8b50 

  0x000002cd5cb4a080: ;   {metadata('java/lang/ClassFormatError')}
  0x000002cd5cb4a080: 5049 bb98 | 383f 0008 | 0000 004d | 3bd3 0f85 | 33b7 ffff | 488b eb48 | 8b54 2430 | 6690 c5f8 
  0x000002cd5cb4a0a0: 7748 b8ff | ffff ffff 

  0x000002cd5cb4a0a8: ;   {virtual_call}
  0x000002cd5cb4a0a8: ffff ffe8 

  0x000002cd5cb4a0ac: ; ImmutableOopMap {rbp=Oop [40]=Oop [48]=Oop [96]=Oop }
                      ;*invokevirtual getDataError {reexecute=0 rethrow=0 return_oop=1}
                      ; - java.net.URLClassLoader$1::run@63
                      ; - java.net.URLClassLoader$1::run@1
                      ; - java.security.AccessController::executePrivileged@29
                      ; - java.security.AccessController::doPrivileged@13
                      ; - java.net.URLClassLoader::findClass@13
  0x000002cd5cb4a0ac: d04c 31ff 

  0x000002cd5cb4a0b0: ;   {other}
  0x000002cd5cb4a0b0: 0f1f 8400 | a089 00af | 4885 c074 | 3f48 8b54 | 2430 c5f8 | 7748 b8ff | ffff ffff 

  0x000002cd5cb4a0cc: ;   {virtual_call}
  0x000002cd5cb4a0cc: ffff ffe8 

  0x000002cd5cb4a0d0: ; ImmutableOopMap {rbp=Oop [40]=Oop [96]=Oop }
                      ;*invokevirtual getDataError {reexecute=0 rethrow=0 return_oop=1}
                      ; - java.net.URLClassLoader$1::run@71
                      ; - java.net.URLClassLoader$1::run@1
                      ; - java.security.AccessController::executePrivileged@29
                      ; - java.security.AccessController::doPrivileged@13
                      ; - java.net.URLClassLoader::findClass@13
  0x000002cd5cb4a0d0: ac4c 31ff 

  0x000002cd5cb4a0d4: ;   {other}
  0x000002cd5cb4a0d4: 0f1f 8400 | c489 00b0 | 4c8b 5c24 | 284c 895c | 2420 488b | d54c 8bc0 

  0x000002cd5cb4a0ec: ;   {optimized virtual_call}
  0x000002cd5cb4a0ec: c5f8 77e8 

  0x000002cd5cb4a0f0: ; ImmutableOopMap {rbp=Oop [32]=Oop [96]=Oop }
                      ;*invokevirtual addSuppressed {reexecute=0 rethrow=0 return_oop=0}
                      ; - java.net.URLClassLoader$1::run@74
                      ; - java.net.URLClassLoader$1::run@1
                      ; - java.security.AccessController::executePrivileged@29
                      ; - java.security.AccessController::doPrivileged@13
                      ; - java.net.URLClassLoader::findClass@13
  0x000002cd5cb4a0f0: 8c49 31ff 

  0x000002cd5cb4a0f4: ;   {other}
  0x000002cd5cb4a0f4: 0f1f 8400 | e489 00b1 | 488b d590 | e916 86ff | ff48 8beb | ba2f 0000 | 0066 6690 

  0x000002cd5cb4a110: ;   {runtime_call UncommonTrapBlob}
  0x000002cd5cb4a110: c5f8 77e8 

  0x000002cd5cb4a114: ; ImmutableOopMap {rbp=Oop [40]=Oop [96]=Oop [104]=Oop }
                      ;*new {reexecute=0 rethrow=0 return_oop=0}
                      ; - java.net.URLClassLoader$1::run@48
                      ; - java.net.URLClassLoader$1::run@1
                      ; - java.security.AccessController::executePrivileged@29
                      ; - java.security.AccessController::doPrivileged@13
                      ; - java.net.URLClassLoader::findClass@13
  0x000002cd5cb4a114: 68a2 31ff 

  0x000002cd5cb4a118: ;   {other}
  0x000002cd5cb4a118: 0f1f 8400 | 088a 00b2 | 488b ebba | f201 0000 | 4c8b 5424 | 604c 8954 | 2440 4c8b | 5424 504c 
  0x000002cd5cb4a138: 8954 2448 | 4c8b 5424 | 604c 8954 | 2450 4c8b | 5424 684c | 8954 2458 

  0x000002cd5cb4a150: ;   {runtime_call UncommonTrapBlob}
  0x000002cd5cb4a150: c5f8 77e8 

  0x000002cd5cb4a154: ; ImmutableOopMap {rbp=Oop [40]=Oop [48]=Oop [64]=Oop [80]=Oop [88]=Oop [120]=Oop [128]=NarrowOop [132]=NarrowOop [240]=Oop }
                      ;*new {reexecute=0 rethrow=0 return_oop=0}
                      ; - java.util.jar.JarFile::ensureInitialization@8
                      ; - java.util.jar.JavaUtilJarAccessImpl::ensureInitialization@1
                      ; - jdk.internal.loader.URLClassPath$JarLoader$2::getManifest@10
                      ; - java.net.URLClassLoader::defineClass@34
                      ; - java.net.URLClassLoader$1::run@43
                      ; - java.net.URLClassLoader$1::run@1
                      ; - java.security.AccessController::executePrivileged@29
                      ; - java.security.AccessController::doPrivileged@13
                      ; - java.net.URLClassLoader::findClass@13
  0x000002cd5cb4a154: 28a2 31ff 

  0x000002cd5cb4a158: ;   {other}
  0x000002cd5cb4a158: 0f1f 8400 | 488a 00b3 

  0x000002cd5cb4a160: ;   {internal_word}
  0x000002cd5cb4a160: 49ba f42d | b45c cd02 | 0000 4d89 | 9768 0400 

  0x000002cd5cb4a170: ;   {runtime_call SafepointBlob}
  0x000002cd5cb4a170: 00e9 0ab3 | 31ff 4883 | ec08 c5fb 

  0x000002cd5cb4a17c: ;   {runtime_call StubRoutines (initial stubs)}
  0x000002cd5cb4a17c: 1104 24e8 | 1370 2cff | 415a e9b6 

  0x000002cd5cb4a188: ;   {runtime_call StubRoutines (final stubs)}
  0x000002cd5cb4a188: 89ff ffe8 | 5011 30ff | e9c9 7eff | fff4 f4f4 
[Stub Code]
  0x000002cd5cb4a198: ;   {no_reloc}
  0x000002cd5cb4a198: 48bb 0000 | 0000 0000 

  0x000002cd5cb4a1a0: ;   {runtime_call nmethod}
  0x000002cd5cb4a1a0: 0000 e9fb 

  0x000002cd5cb4a1a4: ;   {static_stub}
  0x000002cd5cb4a1a4: ffff ff48 | bb00 0000 | 0000 0000 

  0x000002cd5cb4a1b0: ;   {runtime_call nmethod}
  0x000002cd5cb4a1b0: 00e9 fbff 

  0x000002cd5cb4a1b4: ;   {static_stub}
  0x000002cd5cb4a1b4: ffff 48bb | 0000 0000 | 0000 0000 

  0x000002cd5cb4a1c0: ;   {runtime_call nmethod}
  0x000002cd5cb4a1c0: e9fb ffff 

  0x000002cd5cb4a1c4: ;   {static_stub}
  0x000002cd5cb4a1c4: ff48 bb00 | 0000 0000 

  0x000002cd5cb4a1cc: ;   {runtime_call nmethod}
  0x000002cd5cb4a1cc: 0000 00e9 | fbff ffff 

  0x000002cd5cb4a1d4: ;   {static_stub}
  0x000002cd5cb4a1d4: 48bb 0000 | 0000 0000 

  0x000002cd5cb4a1dc: ;   {runtime_call nmethod}
  0x000002cd5cb4a1dc: 0000 e9fb 

  0x000002cd5cb4a1e0: ;   {static_stub}
  0x000002cd5cb4a1e0: ffff ff48 | bb00 0000 | 0000 0000 

  0x000002cd5cb4a1ec: ;   {runtime_call nmethod}
  0x000002cd5cb4a1ec: 00e9 fbff 

  0x000002cd5cb4a1f0: ;   {static_stub}
  0x000002cd5cb4a1f0: ffff 48bb | 0000 0000 | 0000 0000 

  0x000002cd5cb4a1fc: ;   {runtime_call nmethod}
  0x000002cd5cb4a1fc: e9fb ffff 

  0x000002cd5cb4a200: ;   {static_stub}
  0x000002cd5cb4a200: ff48 bb00 | 0000 0000 

  0x000002cd5cb4a208: ;   {runtime_call nmethod}
  0x000002cd5cb4a208: 0000 00e9 | fbff ffff 

  0x000002cd5cb4a210: ;   {static_stub}
  0x000002cd5cb4a210: 48bb 0000 | 0000 0000 

  0x000002cd5cb4a218: ;   {runtime_call nmethod}
  0x000002cd5cb4a218: 0000 e9fb 

  0x000002cd5cb4a21c: ;   {static_stub}
  0x000002cd5cb4a21c: ffff ff48 | bb00 0000 | 0000 0000 

  0x000002cd5cb4a228: ;   {runtime_call nmethod}
  0x000002cd5cb4a228: 00e9 fbff 

  0x000002cd5cb4a22c: ;   {static_stub}
  0x000002cd5cb4a22c: ffff 48bb | 0000 0000 | 0000 0000 

  0x000002cd5cb4a238: ;   {runtime_call nmethod}
  0x000002cd5cb4a238: e9fb ffff 

  0x000002cd5cb4a23c: ;   {static_stub}
  0x000002cd5cb4a23c: ff48 bb00 | 0000 0000 

  0x000002cd5cb4a244: ;   {runtime_call nmethod}
  0x000002cd5cb4a244: 0000 00e9 | fbff ffff 

  0x000002cd5cb4a24c: ;   {static_stub}
  0x000002cd5cb4a24c: 48bb 0000 | 0000 0000 

  0x000002cd5cb4a254: ;   {runtime_call nmethod}
  0x000002cd5cb4a254: 0000 e9fb 

  0x000002cd5cb4a258: ;   {static_stub}
  0x000002cd5cb4a258: ffff ff48 | bb00 0000 | 0000 0000 

  0x000002cd5cb4a264: ;   {runtime_call nmethod}
  0x000002cd5cb4a264: 00e9 fbff 

  0x000002cd5cb4a268: ;   {static_stub}
  0x000002cd5cb4a268: ffff 48bb | 28ce 1f6c | cd02 0000 

  0x000002cd5cb4a274: ;   {runtime_call I2C/C2I adapters}
  0x000002cd5cb4a274: e9e9 9531 

  0x000002cd5cb4a278: ;   {static_stub}
  0x000002cd5cb4a278: ff48 bb00 | 0000 0000 

  0x000002cd5cb4a280: ;   {runtime_call nmethod}
  0x000002cd5cb4a280: 0000 00e9 | fbff ffff 

  0x000002cd5cb4a288: ;   {static_stub}
  0x000002cd5cb4a288: 48bb e051 | 556c cd02 

  0x000002cd5cb4a290: ;   {runtime_call I2C/C2I adapters}
  0x000002cd5cb4a290: 0000 e950 

  0x000002cd5cb4a294: ;   {static_stub}
  0x000002cd5cb4a294: 9931 ff48 | bb70 ca55 | 6ccd 0200 

  0x000002cd5cb4a2a0: ;   {runtime_call I2C/C2I adapters}
  0x000002cd5cb4a2a0: 00e9 bd91 

  0x000002cd5cb4a2a4: ;   {static_stub}
  0x000002cd5cb4a2a4: 31ff 48bb | 0000 0000 | 0000 0000 

  0x000002cd5cb4a2b0: ;   {runtime_call nmethod}
  0x000002cd5cb4a2b0: e9fb ffff 

  0x000002cd5cb4a2b4: ;   {static_stub}
  0x000002cd5cb4a2b4: ff48 bb00 | 0000 0000 

  0x000002cd5cb4a2bc: ;   {runtime_call nmethod}
  0x000002cd5cb4a2bc: 0000 00e9 | fbff ffff 

  0x000002cd5cb4a2c4: ;   {static_stub}
  0x000002cd5cb4a2c4: 48bb 0000 | 0000 0000 

  0x000002cd5cb4a2cc: ;   {runtime_call nmethod}
  0x000002cd5cb4a2cc: 0000 e9fb 

  0x000002cd5cb4a2d0: ;   {static_stub}
  0x000002cd5cb4a2d0: ffff ff48 | bb00 0000 | 0000 0000 

  0x000002cd5cb4a2dc: ;   {runtime_call nmethod}
  0x000002cd5cb4a2dc: 00e9 fbff 

  0x000002cd5cb4a2e0: ;   {static_stub}
  0x000002cd5cb4a2e0: ffff 48bb | 0000 0000 | 0000 0000 

  0x000002cd5cb4a2ec: ;   {runtime_call nmethod}
  0x000002cd5cb4a2ec: e9fb ffff 

  0x000002cd5cb4a2f0: ;   {static_stub}
  0x000002cd5cb4a2f0: ff48 bb00 | 0000 0000 

  0x000002cd5cb4a2f8: ;   {runtime_call nmethod}
  0x000002cd5cb4a2f8: 0000 00e9 | fbff ffff 

  0x000002cd5cb4a300: ;   {static_stub}
  0x000002cd5cb4a300: 48bb 0000 | 0000 0000 

  0x000002cd5cb4a308: ;   {runtime_call nmethod}
  0x000002cd5cb4a308: 0000 e9fb 

  0x000002cd5cb4a30c: ;   {static_stub}
  0x000002cd5cb4a30c: ffff ff48 | bb00 0000 | 0000 0000 

  0x000002cd5cb4a318: ;   {runtime_call nmethod}
  0x000002cd5cb4a318: 00e9 fbff 

  0x000002cd5cb4a31c: ;   {static_stub}
  0x000002cd5cb4a31c: ffff 48bb | 0000 0000 | 0000 0000 

  0x000002cd5cb4a328: ;   {runtime_call nmethod}
  0x000002cd5cb4a328: e9fb ffff 

  0x000002cd5cb4a32c: ;   {static_stub}
  0x000002cd5cb4a32c: ff48 bb00 | 0000 0000 

  0x000002cd5cb4a334: ;   {runtime_call nmethod}
  0x000002cd5cb4a334: 0000 00e9 | fbff ffff 

  0x000002cd5cb4a33c: ;   {static_stub}
  0x000002cd5cb4a33c: 48bb 48ad | 0f6c cd02 

  0x000002cd5cb4a344: ;   {runtime_call I2C/C2I adapters}
  0x000002cd5cb4a344: 0000 e920 

  0x000002cd5cb4a348: ;   {static_stub}
  0x000002cd5cb4a348: 0b31 ff48 | bb00 0000 | 0000 0000 

  0x000002cd5cb4a354: ;   {runtime_call nmethod}
  0x000002cd5cb4a354: 00e9 fbff 

  0x000002cd5cb4a358: ;   {static_stub}
  0x000002cd5cb4a358: ffff 48bb | 0000 0000 | 0000 0000 

  0x000002cd5cb4a364: ;   {runtime_call nmethod}
  0x000002cd5cb4a364: e9fb ffff 

  0x000002cd5cb4a368: ;   {static_stub}
  0x000002cd5cb4a368: ff48 bb00 | 0000 0000 

  0x000002cd5cb4a370: ;   {runtime_call nmethod}
  0x000002cd5cb4a370: 0000 00e9 | fbff ffff 

  0x000002cd5cb4a378: ;   {static_stub}
  0x000002cd5cb4a378: 48bb 0000 | 0000 0000 

  0x000002cd5cb4a380: ;   {runtime_call nmethod}
  0x000002cd5cb4a380: 0000 e9fb 

  0x000002cd5cb4a384: ;   {static_stub}
  0x000002cd5cb4a384: ffff ff48 | bb00 0000 | 0000 0000 

  0x000002cd5cb4a390: ;   {runtime_call nmethod}
  0x000002cd5cb4a390: 00e9 fbff 

  0x000002cd5cb4a394: ;   {static_stub}
  0x000002cd5cb4a394: ffff 48bb | 0000 0000 | 0000 0000 

  0x000002cd5cb4a3a0: ;   {runtime_call nmethod}
  0x000002cd5cb4a3a0: e9fb ffff 

  0x000002cd5cb4a3a4: ;   {runtime_call ExceptionBlob}
  0x000002cd5cb4a3a4: ffe9 5630 | 3dff e800 | 0000 0048 | 832c 2405 

  0x000002cd5cb4a3b4: ;   {runtime_call DeoptimizationBlob}
  0x000002cd5cb4a3b4: e967 a331 | fff4 f4f4 | f4f4 f4f4 
[/MachCode]


---------------  P R O C E S S  ---------------

Threads class SMR info:
_java_thread_list=0x000002cd0b49f6b0, length=60, elements={
0x000002cd5176e800, 0x000002cd6b68bc20, 0x000002cd6b80a620, 0x000002cd6b813b20,
0x000002cd6b83f180, 0x000002cd6b83fbe0, 0x000002cd6b840640, 0x000002cd6b82e670,
0x000002cd6b845c10, 0x000002cd6b8345e0, 0x000002cd6baf21e0, 0x000002cd71927030,
0x000002cd705699c0, 0x000002cd71a4f0d0, 0x000002cd70108fe0, 0x000002cd7010a390,
0x000002cd7010aa20, 0x000002cd72927ac0, 0x000002cd72928e70, 0x000002cd72929500,
0x000002cd726d43f0, 0x000002cd71be76b0, 0x000002cd731b8e80, 0x000002cd731b4ce0,
0x000002cd731b87f0, 0x000002cd76a8ff50, 0x000002cd76a91300, 0x000002cd72f7bf10,
0x000002cd72f7cc30, 0x000002cd1193c530, 0x000002cd73b395e0, 0x000002cd11931400,
0x000002cd00d96ef0, 0x000002cd0b5527c0, 0x000002cd09b7d0d0, 0x000002cd119206f0,
0x000002cd0a0cdbf0, 0x000002cd0a0d09e0, 0x000002cd0a0ce910, 0x000002cd0a6aa050,
0x000002cd0a6ab400, 0x000002cd0a6ad4d0, 0x000002cd0a6aa6e0, 0x000002cd0a6aad70,
0x000002cd0a6aba90, 0x000002cd0a08c0a0, 0x000002cd0186e900, 0x000002cd0a2dd520,
0x000002cd0a2dbae0, 0x000002cd0a2dce90, 0x000002cd0a2dc170, 0x000002cd0a2ddbb0,
0x000002cd13510490, 0x000002cd1350dd30, 0x000002cd0b1376a0, 0x000002cd0b1362f0,
0x000002cd0b0693e0, 0x000002cd119234e0, 0x000002cd11926ff0, 0x000002cd0b137d30
}

Java Threads: ( => current thread )
  0x000002cd5176e800 JavaThread "main"                              [_thread_blocked, id=6044, stack(0x000000f7c0a00000,0x000000f7c0b00000) (1024K)]
  0x000002cd6b68bc20 JavaThread "Common-Cleaner"             daemon [_thread_blocked, id=6636, stack(0x000000f7c1200000,0x000000f7c1300000) (1024K)]
  0x000002cd6b80a620 JavaThread "Reference Handler"          daemon [_thread_blocked, id=13028, stack(0x000000f7c1300000,0x000000f7c1400000) (1024K)]
  0x000002cd6b813b20 JavaThread "Finalizer"                  daemon [_thread_blocked, id=4236, stack(0x000000f7c1400000,0x000000f7c1500000) (1024K)]
  0x000002cd6b83f180 JavaThread "Signal Dispatcher"          daemon [_thread_blocked, id=15092, stack(0x000000f7c1500000,0x000000f7c1600000) (1024K)]
  0x000002cd6b83fbe0 JavaThread "Attach Listener"            daemon [_thread_blocked, id=9620, stack(0x000000f7c1600000,0x000000f7c1700000) (1024K)]
  0x000002cd6b840640 JavaThread "Service Thread"             daemon [_thread_blocked, id=11260, stack(0x000000f7c1700000,0x000000f7c1800000) (1024K)]
  0x000002cd6b82e670 JavaThread "Monitor Deflation Thread"   daemon [_thread_blocked, id=18032, stack(0x000000f7c1800000,0x000000f7c1900000) (1024K)]
  0x000002cd6b845c10 JavaThread "C2 CompilerThread0"         daemon [_thread_blocked, id=4776, stack(0x000000f7c1900000,0x000000f7c1a00000) (1024K)]
  0x000002cd6b8345e0 JavaThread "C1 CompilerThread0"         daemon [_thread_in_vm, id=16904, stack(0x000000f7c1a00000,0x000000f7c1b00000) (1024K)]
  0x000002cd6baf21e0 JavaThread "Notification Thread"        daemon [_thread_blocked, id=8480, stack(0x000000f7c1b00000,0x000000f7c1c00000) (1024K)]
  0x000002cd71927030 JavaThread "Daemon health stats"               [_thread_blocked, id=5448, stack(0x000000f7c2200000,0x000000f7c2300000) (1024K)]
  0x000002cd705699c0 JavaThread "Incoming local TCP Connector on port 20413"        [_thread_in_native, id=17980, stack(0x000000f7c2400000,0x000000f7c2500000) (1024K)]
  0x000002cd71a4f0d0 JavaThread "Daemon periodic checks"            [_thread_blocked, id=7208, stack(0x000000f7c2500000,0x000000f7c2600000) (1024K)]
  0x000002cd70108fe0 JavaThread "Cache worker for journal cache (C:\Users\CCCccc\.gradle\caches\journal-1)"        [_thread_blocked, id=16628, stack(0x000000f7c2300000,0x000000f7c2400000) (1024K)]
  0x000002cd7010a390 JavaThread "File lock request listener"        [_thread_in_native, id=8356, stack(0x000000f7c3000000,0x000000f7c3100000) (1024K)]
  0x000002cd7010aa20 JavaThread "Cache worker for file hash cache (C:\Users\CCCccc\.gradle\caches\9.3.1\fileHashes)"        [_thread_blocked, id=2272, stack(0x000000f7c3100000,0x000000f7c3200000) (1024K)]
  0x000002cd72927ac0 JavaThread "Cache worker for file content cache (C:\Users\CCCccc\.gradle\caches\9.3.1\fileContent)"        [_thread_blocked, id=14100, stack(0x000000f7c3600000,0x000000f7c3700000) (1024K)]
  0x000002cd72928e70 JavaThread "File watcher server"        daemon [_thread_in_native, id=15756, stack(0x000000f7c3700000,0x000000f7c3800000) (1024K)]
  0x000002cd72929500 JavaThread "File watcher consumer"      daemon [_thread_blocked, id=11952, stack(0x000000f7c3800000,0x000000f7c3900000) (1024K)]
  0x000002cd726d43f0 JavaThread "Memory manager"                    [_thread_blocked, id=1796, stack(0x000000f7c3200000,0x000000f7c3300000) (1024K)]
  0x000002cd71be76b0 JavaThread "pool-2-thread-1"                   [_thread_blocked, id=14796, stack(0x000000f7c2100000,0x000000f7c2200000) (1024K)]
  0x000002cd731b8e80 JavaThread "DefaultDispatcher-worker-1" daemon [_thread_blocked, id=16960, stack(0x000000f7c5e00000,0x000000f7c5f00000) (1024K)]
  0x000002cd731b4ce0 JavaThread "DefaultDispatcher-worker-2" daemon [_thread_blocked, id=4756, stack(0x000000f7c6c00000,0x000000f7c6d00000) (1024K)]
  0x000002cd731b87f0 JavaThread "DefaultDispatcher-worker-3" daemon [_thread_blocked, id=13180, stack(0x000000f7c6d00000,0x000000f7c6e00000) (1024K)]
  0x000002cd76a8ff50 JavaThread "Periodic tasks thread"      daemon [_thread_blocked, id=16584, stack(0x000000f7c7200000,0x000000f7c7300000) (1024K)]
  0x000002cd76a91300 JavaThread "ApplicationImpl pooled thread 1"        [_thread_blocked, id=16040, stack(0x000000f7c7300000,0x000000f7c7400000) (1024K)]
  0x000002cd72f7bf10 JavaThread "Java2D Disposer"            daemon [_thread_blocked, id=16640, stack(0x000000f7c6e00000,0x000000f7c6f00000) (1024K)]
  0x000002cd72f7cc30 JavaThread "AWT-Windows"                daemon [_thread_in_native, id=9580, stack(0x000000f7c7600000,0x000000f7c7700000) (1024K)]
  0x000002cd1193c530 JavaThread "Cache worker for Java compile cache (C:\Users\CCCccc\.gradle\caches\9.3.1\javaCompile)"        [_thread_blocked, id=3432, stack(0x000000f7c0800000,0x000000f7c0900000) (1024K)]
  0x000002cd73b395e0 JavaThread "pool-7-thread-1"                   [_thread_blocked, id=14356, stack(0x000000f7c4500000,0x000000f7c4600000) (1024K)]
  0x000002cd11931400 JavaThread "pool-9-thread-1"                   [_thread_blocked, id=17600, stack(0x000000f7c4200000,0x000000f7c4300000) (1024K)]
  0x000002cd00d96ef0 JavaThread "pool-13-thread-1"                  [_thread_blocked, id=15908, stack(0x000000f7c4400000,0x000000f7c4500000) (1024K)]
  0x000002cd0b5527c0 JavaThread "DefaultDispatcher-worker-4" daemon [_thread_blocked, id=14800, stack(0x000000f7c4700000,0x000000f7c4800000) (1024K)]
  0x000002cd09b7d0d0 JavaThread "pool-16-thread-1"                  [_thread_blocked, id=3848, stack(0x000000f7c4300000,0x000000f7c4400000) (1024K)]
  0x000002cd119206f0 JavaThread "Daemon Thread 5"                   [_thread_blocked, id=16456, stack(0x000000f7c0700000,0x000000f7c0800000) (1024K)]
  0x000002cd0a0cdbf0 JavaThread "Handler for socket connection from /127.0.0.1:20413 to /127.0.0.1:20729"        [_thread_in_native, id=6668, stack(0x000000f7c0900000,0x000000f7c0a00000) (1024K)]
  0x000002cd0a0d09e0 JavaThread "Cancel handler"                    [_thread_blocked, id=17704, stack(0x000000f7c2600000,0x000000f7c2700000) (1024K)]
  0x000002cd0a0ce910 JavaThread "Daemon worker Thread 5"            [_thread_blocked, id=8388, stack(0x000000f7c2700000,0x000000f7c2800000) (1024K)]
  0x000002cd0a6aa050 JavaThread "Asynchronous log dispatcher for DefaultDaemonConnection: socket connection from /127.0.0.1:20413 to /127.0.0.1:20729"        [_thread_blocked, id=3472, stack(0x000000f7c2a00000,0x000000f7c2b00000) (1024K)]
  0x000002cd0a6ab400 JavaThread "Stdin handler"                     [_thread_blocked, id=14232, stack(0x000000f7c2c00000,0x000000f7c2d00000) (1024K)]
  0x000002cd0a6ad4d0 JavaThread "Daemon client event forwarder"        [_thread_blocked, id=16900, stack(0x000000f7c2d00000,0x000000f7c2e00000) (1024K)]
  0x000002cd0a6aa6e0 JavaThread "Cache worker for file hash cache (D:\HAM\YUJINGQI\A_LBJ\233\233Android_RTL_SDR_LBJ_RECEIVER2-feature-lbj-signal-data\.gradle\9.3.1\fileHashes)"        [_thread_blocked, id=11644, stack(0x000000f7c2e00000,0x000000f7c2f00000) (1024K)]
  0x000002cd0a6aad70 JavaThread "Cache worker for checksums cache (D:\HAM\YUJINGQI\A_LBJ\233\233Android_RTL_SDR_LBJ_RECEIVER2-feature-lbj-signal-data\.gradle\9.3.1\checksums)"        [_thread_blocked, id=6032, stack(0x000000f7c2f00000,0x000000f7c3000000) (1024K)]
  0x000002cd0a6aba90 JavaThread "Cache worker for Build Output Cleanup Cache (D:\HAM\YUJINGQI\A_LBJ\233\233Android_RTL_SDR_LBJ_RECEIVER2-feature-lbj-signal-data\.gradle\buildOutputCleanup)"        [_thread_blocked, id=5012, stack(0x000000f7c3300000,0x000000f7c3400000) (1024K)]
  0x000002cd0a08c0a0 JavaThread "Cache worker for cache directory md-supplier (C:\Users\CCCccc\.gradle\caches\9.3.1\md-supplier)"        [_thread_blocked, id=18428, stack(0x000000f7c3400000,0x000000f7c3500000) (1024K)]
  0x000002cd0186e900 JavaThread "Cache worker for cache directory md-rule (C:\Users\CCCccc\.gradle\caches\9.3.1\md-rule)"        [_thread_blocked, id=6248, stack(0x000000f7c3500000,0x000000f7c3600000) (1024K)]
  0x000002cd0a2dd520 JavaThread "build event listener"              [_thread_blocked, id=8632, stack(0x000000f7c3a00000,0x000000f7c3b00000) (1024K)]
  0x000002cd0a2dbae0 JavaThread "build event listener"              [_thread_blocked, id=17384, stack(0x000000f7c3b00000,0x000000f7c3c00000) (1024K)]
  0x000002cd0a2dce90 JavaThread "build event listener"              [_thread_blocked, id=7124, stack(0x000000f7c3c00000,0x000000f7c3d00000) (1024K)]
  0x000002cd0a2dc170 JavaThread "Build operations"                  [_thread_blocked, id=16824, stack(0x000000f7c3d00000,0x000000f7c3e00000) (1024K)]
  0x000002cd0a2ddbb0 JavaThread "included builds"                   [_thread_blocked, id=8496, stack(0x000000f7c3900000,0x000000f7c3a00000) (1024K)]
  0x000002cd13510490 JavaThread "Execution worker"                  [_thread_blocked, id=9548, stack(0x000000f7c3e00000,0x000000f7c3f00000) (1024K)]
  0x000002cd1350dd30 JavaThread "Execution worker Thread 2"         [_thread_blocked, id=14468, stack(0x000000f7c3f00000,0x000000f7c4000000) (1024K)]
  0x000002cd0b1376a0 JavaThread "Execution worker Thread 3"         [_thread_blocked, id=16688, stack(0x000000f7c4000000,0x000000f7c4100000) (1024K)]
  0x000002cd0b1362f0 JavaThread "Cache worker for execution history cache (D:\HAM\YUJINGQI\A_LBJ\233\233Android_RTL_SDR_LBJ_RECEIVER2-feature-lbj-signal-data\.gradle\9.3.1\executionHistory)"        [_thread_blocked, id=16956, stack(0x000000f7c4100000,0x000000f7c4200000) (1024K)]
  0x000002cd0b0693e0 JavaThread "pool-19-thread-1"                  [_thread_blocked, id=10108, stack(0x000000f7c4600000,0x000000f7c4700000) (1024K)]
  0x000002cd119234e0 JavaThread "WorkerExecutor Queue"              [_thread_blocked, id=1208, stack(0x000000f7c4800000,0x000000f7c4900000) (1024K)]
  0x000002cd11926ff0 JavaThread "WorkerExecutor Queue Thread 2"        [_thread_blocked, id=12900, stack(0x000000f7c4c00000,0x000000f7c4d00000) (1024K)]
=>0x000002cd0b137d30 JavaThread "pool-20-thread-1"                  [_thread_in_vm, id=6936, stack(0x000000f7c4d00000,0x000000f7c4e00000) (1024K)]
Total: 60

Other Threads:
  0x000002cd6b5e1370 VMThread "VM Thread"                           [id=6768, stack(0x000000f7c1100000,0x000000f7c1200000) (1024K)]
  0x000002cd6b5ce3b0 WatcherThread "VM Periodic Task Thread"        [id=18132, stack(0x000000f7c1000000,0x000000f7c1100000) (1024K)]
  0x000002cd517d6230 WorkerThread "GC Thread#0"                     [id=9556, stack(0x000000f7c0b00000,0x000000f7c0c00000) (1024K)]
  0x000002cd6b5e0fc0 WorkerThread "GC Thread#1"                     [id=4316, stack(0x000000f7c1e00000,0x000000f7c1f00000) (1024K)]
  0x000002cd6b5e1ad0 WorkerThread "GC Thread#2"                     [id=15120, stack(0x000000f7c1f00000,0x000000f7c2000000) (1024K)]
  0x000002cd6b5e1e80 WorkerThread "GC Thread#3"                     [id=17472, stack(0x000000f7c2000000,0x000000f7c2100000) (1024K)]
  0x000002cd6b5e1720 WorkerThread "GC Thread#4"                     [id=12476, stack(0x000000f7c1d00000,0x000000f7c1e00000) (1024K)]
  0x000002cd71060b30 WorkerThread "GC Thread#5"                     [id=5028, stack(0x000000f7c1c00000,0x000000f7c1d00000) (1024K)]
  0x000002cd710619f0 WorkerThread "GC Thread#6"                     [id=1000, stack(0x000000f7c2800000,0x000000f7c2900000) (1024K)]
  0x000002cd710628b0 WorkerThread "GC Thread#7"                     [id=4448, stack(0x000000f7c2900000,0x000000f7c2a00000) (1024K)]
  0x000002cd517e7ab0 ConcurrentGCThread "G1 Main Marker"            [id=15416, stack(0x000000f7c0c00000,0x000000f7c0d00000) (1024K)]
  0x000002cd517e9650 WorkerThread "G1 Conc#0"                       [id=10208, stack(0x000000f7c0d00000,0x000000f7c0e00000) (1024K)]
  0x000002cd71060ee0 WorkerThread "G1 Conc#1"                       [id=6496, stack(0x000000f7c2b00000,0x000000f7c2c00000) (1024K)]
  0x000002cd5183e9b0 ConcurrentGCThread "G1 Refine#0"               [id=11204, stack(0x000000f7c0e00000,0x000000f7c0f00000) (1024K)]
  0x000002cd6b4a2600 ConcurrentGCThread "G1 Service"                [id=7344, stack(0x000000f7c0f00000,0x000000f7c1000000) (1024K)]
Total: 15

Threads with active compile tasks:
C1 CompilerThread0  3678173 166486       3       org.jetbrains.kotlin.backend.jvm.lower.JvmArgumentNullabilityAssertionsLowering::isCallToMethodWithTypeCheckBarrier (88 bytes)
Total: 1

VM state: not at safepoint (normal execution)

VM Mutex/Monitor currently owned by a thread:  ([mutex/lock_event])
[0x00007ffc24a964d0] Metaspace_lock - owner thread: 0x000002cd0b137d30

Heap address: 0x0000000700000000, size: 4096 MB, Compressed Oops mode: Zero based, Oop shift amount: 3

CDS archive(s) not mapped
Compressed class space mapped at: 0x0000000800000000-0x0000000840000000, reserved size: 1073741824
Narrow klass base: 0x0000000800000000, Narrow klass shift: 0, Narrow klass range: 0x40000000

GC Precious Log:
 CardTable entry size: 512
 Card Set container configuration: InlinePtr #cards 4 size 8 Array Of Cards #cards 16 size 48 Howl #buckets 8 coarsen threshold 3686 Howl Bitmap #cards 512 size 80 coarsen threshold 460 Card regions per heap region 1 cards per card region 4096
 CPUs: 8 total, 8 available
 Memory: 8013M
 Large Page Support: Disabled
 NUMA Support: Disabled
 Compressed Oops: Enabled (Zero based)
 Heap Region Size: 2M
 Heap Min Capacity: 8M
 Heap Initial Capacity: 126M
 Heap Max Capacity: 4G
 Pre-touch: Disabled
 Parallel Workers: 8
 Concurrent Workers: 2
 Concurrent Refinement Workers: 8
 Periodic GC: Disabled

Heap:
 garbage-first heap   total 1611776K, used 765348K [0x0000000700000000, 0x0000000800000000)
  region size 2048K, 101 young (206848K), 6 survivors (12288K)
 Metaspace       used 267608K, committed 269248K, reserved 1441792K
  class space    used 32564K, committed 33408K, reserved 1048576K

Heap Regions: E=young(eden), S=young(survivor), O=old, HS=humongous(starts), HC=humongous(continues), CS=collection set, F=free, TAMS=top-at-mark-start, PB=parsable bottom
|   0|0x0000000700000000, 0x0000000700200000, 0x0000000700200000|100%|HS|  |TAMS 0x0000000700000000| PB 0x0000000700000000| Complete 
|   1|0x0000000700200000, 0x0000000700400000, 0x0000000700400000|100%|HC|  |TAMS 0x0000000700200000| PB 0x0000000700200000| Complete 
|   2|0x0000000700400000, 0x0000000700600000, 0x0000000700600000|100%| O|  |TAMS 0x0000000700400000| PB 0x0000000700400000| Untracked 
|   3|0x0000000700600000, 0x0000000700800000, 0x0000000700800000|100%| O|  |TAMS 0x0000000700600000| PB 0x0000000700600000| Untracked 
|   4|0x0000000700800000, 0x0000000700a00000, 0x0000000700a00000|100%| O|  |TAMS 0x0000000700800000| PB 0x0000000700800000| Untracked 
|   5|0x0000000700a00000, 0x0000000700c00000, 0x0000000700c00000|100%| O|  |TAMS 0x0000000700a00000| PB 0x0000000700a00000| Untracked 
|   6|0x0000000700c00000, 0x0000000700e00000, 0x0000000700e00000|100%| O|  |TAMS 0x0000000700c00000| PB 0x0000000700c00000| Untracked 
|   7|0x0000000700e00000, 0x0000000701000000, 0x0000000701000000|100%| O|  |TAMS 0x0000000700e00000| PB 0x0000000700e00000| Untracked 
|   8|0x0000000701000000, 0x0000000701200000, 0x0000000701200000|100%| O|  |TAMS 0x0000000701000000| PB 0x0000000701000000| Untracked 
|   9|0x0000000701200000, 0x0000000701400000, 0x0000000701400000|100%| O|  |TAMS 0x0000000701200000| PB 0x0000000701200000| Untracked 
|  10|0x0000000701400000, 0x0000000701600000, 0x0000000701600000|100%| O|  |TAMS 0x0000000701400000| PB 0x0000000701400000| Untracked 
|  11|0x0000000701600000, 0x0000000701800000, 0x0000000701800000|100%| O|  |TAMS 0x0000000701600000| PB 0x0000000701600000| Untracked 
|  12|0x0000000701800000, 0x0000000701a00000, 0x0000000701a00000|100%|HS|  |TAMS 0x0000000701800000| PB 0x0000000701800000| Complete 
|  13|0x0000000701a00000, 0x0000000701c00000, 0x0000000701c00000|100%|HS|  |TAMS 0x0000000701a00000| PB 0x0000000701a00000| Complete 
|  14|0x0000000701c00000, 0x0000000701e00000, 0x0000000701e00000|100%| O|  |TAMS 0x0000000701c00000| PB 0x0000000701c00000| Untracked 
|  15|0x0000000701e00000, 0x0000000702000000, 0x0000000702000000|100%| O|Cm|TAMS 0x0000000701e00000| PB 0x0000000701e00000| Complete 
|  16|0x0000000702000000, 0x0000000702200000, 0x0000000702200000|100%| O|  |TAMS 0x0000000702000000| PB 0x0000000702000000| Untracked 
|  17|0x0000000702200000, 0x0000000702400000, 0x0000000702400000|100%| O|  |TAMS 0x0000000702200000| PB 0x0000000702200000| Untracked 
|  18|0x0000000702400000, 0x0000000702600000, 0x0000000702600000|100%| O|  |TAMS 0x0000000702400000| PB 0x0000000702400000| Untracked 
|  19|0x0000000702600000, 0x0000000702800000, 0x0000000702800000|100%| O|  |TAMS 0x0000000702600000| PB 0x0000000702600000| Untracked 
|  20|0x0000000702800000, 0x0000000702a00000, 0x0000000702a00000|100%| O|  |TAMS 0x0000000702800000| PB 0x0000000702800000| Untracked 
|  21|0x0000000702a00000, 0x0000000702c00000, 0x0000000702c00000|100%| O|  |TAMS 0x0000000702a00000| PB 0x0000000702a00000| Untracked 
|  22|0x0000000702c00000, 0x0000000702e00000, 0x0000000702e00000|100%| O|  |TAMS 0x0000000702c00000| PB 0x0000000702c00000| Untracked 
|  23|0x0000000702e00000, 0x0000000703000000, 0x0000000703000000|100%| O|  |TAMS 0x0000000702e00000| PB 0x0000000702e00000| Untracked 
|  24|0x0000000703000000, 0x0000000703200000, 0x0000000703200000|100%| O|  |TAMS 0x0000000703000000| PB 0x0000000703000000| Untracked 
|  25|0x0000000703200000, 0x0000000703400000, 0x0000000703400000|100%| O|  |TAMS 0x0000000703200000| PB 0x0000000703200000| Untracked 
|  26|0x0000000703400000, 0x0000000703600000, 0x0000000703600000|100%| O|  |TAMS 0x0000000703400000| PB 0x0000000703400000| Untracked 
|  27|0x0000000703600000, 0x0000000703800000, 0x0000000703800000|100%| O|  |TAMS 0x0000000703600000| PB 0x0000000703600000| Untracked 
|  28|0x0000000703800000, 0x0000000703a00000, 0x0000000703a00000|100%| O|  |TAMS 0x0000000703800000| PB 0x0000000703800000| Untracked 
|  29|0x0000000703a00000, 0x0000000703c00000, 0x0000000703c00000|100%| O|  |TAMS 0x0000000703a00000| PB 0x0000000703a00000| Untracked 
|  30|0x0000000703c00000, 0x0000000703e00000, 0x0000000703e00000|100%| O|  |TAMS 0x0000000703c00000| PB 0x0000000703c00000| Untracked 
|  31|0x0000000703e00000, 0x0000000704000000, 0x0000000704000000|100%| O|  |TAMS 0x0000000703e00000| PB 0x0000000703e00000| Untracked 
|  32|0x0000000704000000, 0x0000000704200000, 0x0000000704200000|100%| O|  |TAMS 0x0000000704000000| PB 0x0000000704000000| Untracked 
|  33|0x0000000704200000, 0x0000000704400000, 0x0000000704400000|100%| O|  |TAMS 0x0000000704200000| PB 0x0000000704200000| Untracked 
|  34|0x0000000704400000, 0x0000000704600000, 0x0000000704600000|100%| O|  |TAMS 0x0000000704400000| PB 0x0000000704400000| Untracked 
|  35|0x0000000704600000, 0x0000000704800000, 0x0000000704800000|100%| O|  |TAMS 0x0000000704600000| PB 0x0000000704600000| Untracked 
|  36|0x0000000704800000, 0x0000000704a00000, 0x0000000704a00000|100%| O|  |TAMS 0x0000000704800000| PB 0x0000000704800000| Untracked 
|  37|0x0000000704a00000, 0x0000000704c00000, 0x0000000704c00000|100%| O|  |TAMS 0x0000000704a00000| PB 0x0000000704a00000| Untracked 
|  38|0x0000000704c00000, 0x0000000704e00000, 0x0000000704e00000|100%| O|Cm|TAMS 0x0000000704c00000| PB 0x0000000704c00000| Complete 
|  39|0x0000000704e00000, 0x0000000705000000, 0x0000000705000000|100%| O|  |TAMS 0x0000000704e00000| PB 0x0000000704e00000| Untracked 
|  40|0x0000000705000000, 0x0000000705200000, 0x0000000705200000|100%|HS|  |TAMS 0x0000000705000000| PB 0x0000000705000000| Complete 
|  41|0x0000000705200000, 0x0000000705400000, 0x0000000705400000|100%|HC|  |TAMS 0x0000000705200000| PB 0x0000000705200000| Complete 
|  42|0x0000000705400000, 0x0000000705600000, 0x0000000705600000|100%|HC|  |TAMS 0x0000000705400000| PB 0x0000000705400000| Complete 
|  43|0x0000000705600000, 0x0000000705800000, 0x0000000705800000|100%| O|  |TAMS 0x0000000705600000| PB 0x0000000705600000| Untracked 
|  44|0x0000000705800000, 0x0000000705a00000, 0x0000000705a00000|100%| O|  |TAMS 0x0000000705800000| PB 0x0000000705800000| Untracked 
|  45|0x0000000705a00000, 0x0000000705c00000, 0x0000000705c00000|100%| O|  |TAMS 0x0000000705a00000| PB 0x0000000705a00000| Untracked 
|  46|0x0000000705c00000, 0x0000000705e00000, 0x0000000705e00000|100%| O|Cm|TAMS 0x0000000705c00000| PB 0x0000000705c00000| Complete 
|  47|0x0000000705e00000, 0x0000000706000000, 0x0000000706000000|100%| O|  |TAMS 0x0000000705e00000| PB 0x0000000705e00000| Untracked 
|  48|0x0000000706000000, 0x0000000706200000, 0x0000000706200000|100%| O|  |TAMS 0x0000000706000000| PB 0x0000000706000000| Untracked 
|  49|0x0000000706200000, 0x0000000706400000, 0x0000000706400000|100%| O|  |TAMS 0x0000000706200000| PB 0x0000000706200000| Untracked 
|  50|0x0000000706400000, 0x0000000706600000, 0x0000000706600000|100%| O|Cm|TAMS 0x0000000706400000| PB 0x0000000706400000| Complete 
|  51|0x0000000706600000, 0x0000000706800000, 0x0000000706800000|100%| O|Cm|TAMS 0x0000000706600000| PB 0x0000000706600000| Complete 
|  52|0x0000000706800000, 0x0000000706a00000, 0x0000000706a00000|100%| O|Cm|TAMS 0x0000000706800000| PB 0x0000000706800000| Complete 
|  53|0x0000000706a00000, 0x0000000706c00000, 0x0000000706c00000|100%| O|Cm|TAMS 0x0000000706a00000| PB 0x0000000706a00000| Complete 
|  54|0x0000000706c00000, 0x0000000706e00000, 0x0000000706e00000|100%| O|Cm|TAMS 0x0000000706c00000| PB 0x0000000706c00000| Complete 
|  55|0x0000000706e00000, 0x0000000707000000, 0x0000000707000000|100%| O|  |TAMS 0x0000000706e00000| PB 0x0000000706e00000| Untracked 
|  56|0x0000000707000000, 0x0000000707200000, 0x0000000707200000|100%| O|  |TAMS 0x0000000707000000| PB 0x0000000707000000| Untracked 
|  57|0x0000000707200000, 0x0000000707400000, 0x0000000707400000|100%| O|  |TAMS 0x0000000707200000| PB 0x0000000707200000| Untracked 
|  58|0x0000000707400000, 0x0000000707600000, 0x0000000707600000|100%|HS|  |TAMS 0x0000000707400000| PB 0x0000000707400000| Complete 
|  59|0x0000000707600000, 0x0000000707800000, 0x0000000707800000|100%|HC|  |TAMS 0x0000000707600000| PB 0x0000000707600000| Complete 
|  60|0x0000000707800000, 0x0000000707a00000, 0x0000000707a00000|100%| O|  |TAMS 0x0000000707800000| PB 0x0000000707800000| Untracked 
|  61|0x0000000707a00000, 0x0000000707c00000, 0x0000000707c00000|100%| O|  |TAMS 0x0000000707a00000| PB 0x0000000707a00000| Untracked 
|  62|0x0000000707c00000, 0x0000000707e00000, 0x0000000707e00000|100%| O|  |TAMS 0x0000000707c00000| PB 0x0000000707c00000| Untracked 
|  63|0x0000000707e00000, 0x0000000708000000, 0x0000000708000000|100%| O|  |TAMS 0x0000000707e00000| PB 0x0000000707e00000| Untracked 
|  64|0x0000000708000000, 0x0000000708200000, 0x0000000708200000|100%| O|  |TAMS 0x0000000708000000| PB 0x0000000708000000| Untracked 
|  65|0x0000000708200000, 0x0000000708400000, 0x0000000708400000|100%| O|  |TAMS 0x0000000708200000| PB 0x0000000708200000| Untracked 
|  66|0x0000000708400000, 0x0000000708600000, 0x0000000708600000|100%| O|  |TAMS 0x0000000708400000| PB 0x0000000708400000| Untracked 
|  67|0x0000000708600000, 0x0000000708800000, 0x0000000708800000|100%| O|  |TAMS 0x0000000708600000| PB 0x0000000708600000| Untracked 
|  68|0x0000000708800000, 0x0000000708a00000, 0x0000000708a00000|100%| O|Cm|TAMS 0x0000000708800000| PB 0x0000000708800000| Complete 
|  69|0x0000000708a00000, 0x0000000708c00000, 0x0000000708c00000|100%| O|Cm|TAMS 0x0000000708a00000| PB 0x0000000708a00000| Complete 
|  70|0x0000000708c00000, 0x0000000708e00000, 0x0000000708e00000|100%| O|Cm|TAMS 0x0000000708c00000| PB 0x0000000708c00000| Complete 
|  71|0x0000000708e00000, 0x0000000709000000, 0x0000000709000000|100%| O|Cm|TAMS 0x0000000708e00000| PB 0x0000000708e00000| Complete 
|  72|0x0000000709000000, 0x0000000709200000, 0x0000000709200000|100%| O|Cm|TAMS 0x0000000709000000| PB 0x0000000709000000| Complete 
|  73|0x0000000709200000, 0x0000000709400000, 0x0000000709400000|100%| O|  |TAMS 0x0000000709200000| PB 0x0000000709200000| Untracked 
|  74|0x0000000709400000, 0x0000000709600000, 0x0000000709600000|100%| O|  |TAMS 0x0000000709400000| PB 0x0000000709400000| Untracked 
|  75|0x0000000709600000, 0x0000000709800000, 0x0000000709800000|100%| O|Cm|TAMS 0x0000000709600000| PB 0x0000000709600000| Complete 
|  76|0x0000000709800000, 0x0000000709a00000, 0x0000000709a00000|100%| O|  |TAMS 0x0000000709800000| PB 0x0000000709800000| Untracked 
|  77|0x0000000709a00000, 0x0000000709c00000, 0x0000000709c00000|100%| O|  |TAMS 0x0000000709a00000| PB 0x0000000709a00000| Untracked 
|  78|0x0000000709c00000, 0x0000000709e00000, 0x0000000709e00000|100%| O|  |TAMS 0x0000000709c00000| PB 0x0000000709c00000| Untracked 
|  79|0x0000000709e00000, 0x000000070a000000, 0x000000070a000000|100%| O|  |TAMS 0x0000000709e00000| PB 0x0000000709e00000| Untracked 
|  80|0x000000070a000000, 0x000000070a200000, 0x000000070a200000|100%| O|Cm|TAMS 0x000000070a000000| PB 0x000000070a000000| Complete 
|  81|0x000000070a200000, 0x000000070a400000, 0x000000070a400000|100%| O|  |TAMS 0x000000070a200000| PB 0x000000070a200000| Untracked 
|  82|0x000000070a400000, 0x000000070a600000, 0x000000070a600000|100%| O|Cm|TAMS 0x000000070a400000| PB 0x000000070a400000| Complete 
|  83|0x000000070a600000, 0x000000070a800000, 0x000000070a800000|100%| O|Cm|TAMS 0x000000070a600000| PB 0x000000070a600000| Complete 
|  84|0x000000070a800000, 0x000000070aa00000, 0x000000070aa00000|100%| O|  |TAMS 0x000000070a800000| PB 0x000000070a800000| Untracked 
|  85|0x000000070aa00000, 0x000000070ac00000, 0x000000070ac00000|100%| O|Cm|TAMS 0x000000070aa00000| PB 0x000000070aa00000| Complete 
|  86|0x000000070ac00000, 0x000000070ae00000, 0x000000070ae00000|100%| O|  |TAMS 0x000000070ac00000| PB 0x000000070ac00000| Untracked 
|  87|0x000000070ae00000, 0x000000070b000000, 0x000000070b000000|100%| O|  |TAMS 0x000000070ae00000| PB 0x000000070ae00000| Untracked 
|  88|0x000000070b000000, 0x000000070b200000, 0x000000070b200000|100%| O|Cm|TAMS 0x000000070b000000| PB 0x000000070b000000| Complete 
|  89|0x000000070b200000, 0x000000070b400000, 0x000000070b400000|100%| O|Cm|TAMS 0x000000070b200000| PB 0x000000070b200000| Complete 
|  90|0x000000070b400000, 0x000000070b600000, 0x000000070b600000|100%| O|  |TAMS 0x000000070b400000| PB 0x000000070b400000| Untracked 
|  91|0x000000070b600000, 0x000000070b800000, 0x000000070b800000|100%| O|  |TAMS 0x000000070b600000| PB 0x000000070b600000| Untracked 
|  92|0x000000070b800000, 0x000000070ba00000, 0x000000070ba00000|100%| O|  |TAMS 0x000000070b800000| PB 0x000000070b800000| Untracked 
|  93|0x000000070ba00000, 0x000000070bc00000, 0x000000070bc00000|100%| O|  |TAMS 0x000000070ba00000| PB 0x000000070ba00000| Untracked 
|  94|0x000000070bc00000, 0x000000070be00000, 0x000000070be00000|100%| O|  |TAMS 0x000000070bc00000| PB 0x000000070bc00000| Untracked 
|  95|0x000000070be00000, 0x000000070c000000, 0x000000070c000000|100%| O|  |TAMS 0x000000070be00000| PB 0x000000070be00000| Untracked 
|  96|0x000000070c000000, 0x000000070c200000, 0x000000070c200000|100%| O|  |TAMS 0x000000070c000000| PB 0x000000070c000000| Untracked 
|  97|0x000000070c200000, 0x000000070c400000, 0x000000070c400000|100%| O|  |TAMS 0x000000070c200000| PB 0x000000070c200000| Untracked 
|  98|0x000000070c400000, 0x000000070c600000, 0x000000070c600000|100%| O|Cm|TAMS 0x000000070c400000| PB 0x000000070c400000| Complete 
|  99|0x000000070c600000, 0x000000070c800000, 0x000000070c800000|100%| O|  |TAMS 0x000000070c600000| PB 0x000000070c600000| Untracked 
| 100|0x000000070c800000, 0x000000070ca00000, 0x000000070ca00000|100%| O|  |TAMS 0x000000070c800000| PB 0x000000070c800000| Untracked 
| 101|0x000000070ca00000, 0x000000070cc00000, 0x000000070cc00000|100%| O|Cm|TAMS 0x000000070ca00000| PB 0x000000070ca00000| Complete 
| 102|0x000000070cc00000, 0x000000070ce00000, 0x000000070ce00000|100%| O|  |TAMS 0x000000070cc00000| PB 0x000000070cc00000| Untracked 
| 103|0x000000070ce00000, 0x000000070d000000, 0x000000070d000000|100%| O|Cm|TAMS 0x000000070ce00000| PB 0x000000070ce00000| Complete 
| 104|0x000000070d000000, 0x000000070d200000, 0x000000070d200000|100%| O|Cm|TAMS 0x000000070d000000| PB 0x000000070d000000| Complete 
| 105|0x000000070d200000, 0x000000070d400000, 0x000000070d400000|100%| O|Cm|TAMS 0x000000070d200000| PB 0x000000070d200000| Complete 
| 106|0x000000070d400000, 0x000000070d600000, 0x000000070d600000|100%| O|Cm|TAMS 0x000000070d400000| PB 0x000000070d400000| Complete 
| 107|0x000000070d600000, 0x000000070d800000, 0x000000070d800000|100%| O|Cm|TAMS 0x000000070d600000| PB 0x000000070d600000| Complete 
| 108|0x000000070d800000, 0x000000070da00000, 0x000000070da00000|100%| O|  |TAMS 0x000000070d800000| PB 0x000000070d800000| Untracked 
| 109|0x000000070da00000, 0x000000070dc00000, 0x000000070dc00000|100%| O|Cm|TAMS 0x000000070da00000| PB 0x000000070da00000| Complete 
| 110|0x000000070dc00000, 0x000000070de00000, 0x000000070de00000|100%| O|  |TAMS 0x000000070dc00000| PB 0x000000070dc00000| Untracked 
| 111|0x000000070de00000, 0x000000070e000000, 0x000000070e000000|100%| O|  |TAMS 0x000000070de00000| PB 0x000000070de00000| Untracked 
| 112|0x000000070e000000, 0x000000070e200000, 0x000000070e200000|100%| O|  |TAMS 0x000000070e000000| PB 0x000000070e000000| Untracked 
| 113|0x000000070e200000, 0x000000070e400000, 0x000000070e400000|100%| O|  |TAMS 0x000000070e200000| PB 0x000000070e200000| Untracked 
| 114|0x000000070e400000, 0x000000070e600000, 0x000000070e600000|100%| O|Cm|TAMS 0x000000070e400000| PB 0x000000070e400000| Complete 
| 115|0x000000070e600000, 0x000000070e800000, 0x000000070e800000|100%| O|  |TAMS 0x000000070e600000| PB 0x000000070e600000| Untracked 
| 116|0x000000070e800000, 0x000000070ea00000, 0x000000070ea00000|100%| O|  |TAMS 0x000000070e800000| PB 0x000000070e800000| Untracked 
| 117|0x000000070ea00000, 0x000000070ec00000, 0x000000070ec00000|100%| O|Cm|TAMS 0x000000070ea00000| PB 0x000000070ea00000| Complete 
| 118|0x000000070ec00000, 0x000000070ee00000, 0x000000070ee00000|100%| O|  |TAMS 0x000000070ec00000| PB 0x000000070ec00000| Untracked 
| 119|0x000000070ee00000, 0x000000070f000000, 0x000000070f000000|100%| O|Cm|TAMS 0x000000070ee00000| PB 0x000000070ee00000| Complete 
| 120|0x000000070f000000, 0x000000070f200000, 0x000000070f200000|100%| O|  |TAMS 0x000000070f000000| PB 0x000000070f000000| Untracked 
| 121|0x000000070f200000, 0x000000070f400000, 0x000000070f400000|100%| O|Cm|TAMS 0x000000070f200000| PB 0x000000070f200000| Complete 
| 122|0x000000070f400000, 0x000000070f600000, 0x000000070f600000|100%| O|Cm|TAMS 0x000000070f400000| PB 0x000000070f400000| Complete 
| 123|0x000000070f600000, 0x000000070f800000, 0x000000070f800000|100%| O|  |TAMS 0x000000070f600000| PB 0x000000070f600000| Untracked 
| 124|0x000000070f800000, 0x000000070fa00000, 0x000000070fa00000|100%| O|  |TAMS 0x000000070f800000| PB 0x000000070f800000| Untracked 
| 125|0x000000070fa00000, 0x000000070fc00000, 0x000000070fc00000|100%| O|Cm|TAMS 0x000000070fa00000| PB 0x000000070fa00000| Complete 
| 126|0x000000070fc00000, 0x000000070fe00000, 0x000000070fe00000|100%| O|  |TAMS 0x000000070fc00000| PB 0x000000070fc00000| Untracked 
| 127|0x000000070fe00000, 0x0000000710000000, 0x0000000710000000|100%| O|  |TAMS 0x000000070fe00000| PB 0x000000070fe00000| Untracked 
| 128|0x0000000710000000, 0x0000000710200000, 0x0000000710200000|100%| O|  |TAMS 0x0000000710000000| PB 0x0000000710000000| Untracked 
| 129|0x0000000710200000, 0x0000000710400000, 0x0000000710400000|100%| O|  |TAMS 0x0000000710200000| PB 0x0000000710200000| Untracked 
| 130|0x0000000710400000, 0x0000000710600000, 0x0000000710600000|100%| O|Cm|TAMS 0x0000000710400000| PB 0x0000000710400000| Complete 
| 131|0x0000000710600000, 0x0000000710800000, 0x0000000710800000|100%| O|Cm|TAMS 0x0000000710600000| PB 0x0000000710600000| Complete 
| 132|0x0000000710800000, 0x0000000710a00000, 0x0000000710a00000|100%| O|Cm|TAMS 0x0000000710800000| PB 0x0000000710800000| Complete 
| 133|0x0000000710a00000, 0x0000000710c00000, 0x0000000710c00000|100%| O|  |TAMS 0x0000000710a00000| PB 0x0000000710a00000| Untracked 
| 134|0x0000000710c00000, 0x0000000710e00000, 0x0000000710e00000|100%| O|  |TAMS 0x0000000710c00000| PB 0x0000000710c00000| Untracked 
| 135|0x0000000710e00000, 0x0000000711000000, 0x0000000711000000|100%| O|  |TAMS 0x0000000710e00000| PB 0x0000000710e00000| Untracked 
| 136|0x0000000711000000, 0x0000000711200000, 0x0000000711200000|100%| O|  |TAMS 0x0000000711000000| PB 0x0000000711000000| Untracked 
| 137|0x0000000711200000, 0x0000000711400000, 0x0000000711400000|100%| O|Cm|TAMS 0x0000000711200000| PB 0x0000000711200000| Complete 
| 138|0x0000000711400000, 0x0000000711600000, 0x0000000711600000|100%| O|  |TAMS 0x0000000711400000| PB 0x0000000711400000| Untracked 
| 139|0x0000000711600000, 0x0000000711800000, 0x0000000711800000|100%| O|Cm|TAMS 0x0000000711600000| PB 0x0000000711600000| Complete 
| 140|0x0000000711800000, 0x0000000711a00000, 0x0000000711a00000|100%| O|  |TAMS 0x0000000711800000| PB 0x0000000711800000| Untracked 
| 141|0x0000000711a00000, 0x0000000711c00000, 0x0000000711c00000|100%| O|  |TAMS 0x0000000711a00000| PB 0x0000000711a00000| Untracked 
| 142|0x0000000711c00000, 0x0000000711e00000, 0x0000000711e00000|100%| O|  |TAMS 0x0000000711c00000| PB 0x0000000711c00000| Untracked 
| 143|0x0000000711e00000, 0x0000000712000000, 0x0000000712000000|100%| O|Cm|TAMS 0x0000000711e00000| PB 0x0000000711e00000| Complete 
| 144|0x0000000712000000, 0x0000000712200000, 0x0000000712200000|100%| O|  |TAMS 0x0000000712000000| PB 0x0000000712000000| Untracked 
| 145|0x0000000712200000, 0x0000000712400000, 0x0000000712400000|100%| O|  |TAMS 0x0000000712200000| PB 0x0000000712200000| Untracked 
| 146|0x0000000712400000, 0x0000000712600000, 0x0000000712600000|100%| O|  |TAMS 0x0000000712400000| PB 0x0000000712400000| Untracked 
| 147|0x0000000712600000, 0x0000000712800000, 0x0000000712800000|100%| O|  |TAMS 0x0000000712600000| PB 0x0000000712600000| Untracked 
| 148|0x0000000712800000, 0x0000000712a00000, 0x0000000712a00000|100%| O|  |TAMS 0x0000000712800000| PB 0x0000000712800000| Untracked 
| 149|0x0000000712a00000, 0x0000000712c00000, 0x0000000712c00000|100%| O|  |TAMS 0x0000000712a00000| PB 0x0000000712a00000| Untracked 
| 150|0x0000000712c00000, 0x0000000712e00000, 0x0000000712e00000|100%| O|  |TAMS 0x0000000712c00000| PB 0x0000000712c00000| Untracked 
| 151|0x0000000712e00000, 0x0000000713000000, 0x0000000713000000|100%| O|  |TAMS 0x0000000712e00000| PB 0x0000000712e00000| Untracked 
| 152|0x0000000713000000, 0x0000000713200000, 0x0000000713200000|100%| O|  |TAMS 0x0000000713000000| PB 0x0000000713000000| Untracked 
| 153|0x0000000713200000, 0x0000000713400000, 0x0000000713400000|100%| O|  |TAMS 0x0000000713200000| PB 0x0000000713200000| Untracked 
| 154|0x0000000713400000, 0x0000000713600000, 0x0000000713600000|100%| O|  |TAMS 0x0000000713400000| PB 0x0000000713400000| Untracked 
| 155|0x0000000713600000, 0x0000000713800000, 0x0000000713800000|100%| O|  |TAMS 0x0000000713600000| PB 0x0000000713600000| Untracked 
| 156|0x0000000713800000, 0x0000000713a00000, 0x0000000713a00000|100%| O|  |TAMS 0x0000000713800000| PB 0x0000000713800000| Untracked 
| 157|0x0000000713a00000, 0x0000000713c00000, 0x0000000713c00000|100%| O|  |TAMS 0x0000000713a00000| PB 0x0000000713a00000| Untracked 
| 158|0x0000000713c00000, 0x0000000713e00000, 0x0000000713e00000|100%| O|  |TAMS 0x0000000713c00000| PB 0x0000000713c00000| Untracked 
| 159|0x0000000713e00000, 0x0000000714000000, 0x0000000714000000|100%| O|  |TAMS 0x0000000713e00000| PB 0x0000000713e00000| Untracked 
| 160|0x0000000714000000, 0x0000000714200000, 0x0000000714200000|100%| O|  |TAMS 0x0000000714000000| PB 0x0000000714000000| Untracked 
| 161|0x0000000714200000, 0x0000000714400000, 0x0000000714400000|100%| O|Cm|TAMS 0x0000000714200000| PB 0x0000000714200000| Complete 
| 162|0x0000000714400000, 0x0000000714600000, 0x0000000714600000|100%| O|  |TAMS 0x0000000714400000| PB 0x0000000714400000| Untracked 
| 163|0x0000000714600000, 0x0000000714800000, 0x0000000714800000|100%| O|Cm|TAMS 0x0000000714600000| PB 0x0000000714600000| Complete 
| 164|0x0000000714800000, 0x0000000714a00000, 0x0000000714a00000|100%| O|  |TAMS 0x0000000714800000| PB 0x0000000714800000| Untracked 
| 165|0x0000000714a00000, 0x0000000714c00000, 0x0000000714c00000|100%| O|Cm|TAMS 0x0000000714a00000| PB 0x0000000714a00000| Complete 
| 166|0x0000000714c00000, 0x0000000714e00000, 0x0000000714e00000|100%| O|  |TAMS 0x0000000714c00000| PB 0x0000000714c00000| Untracked 
| 167|0x0000000714e00000, 0x0000000715000000, 0x0000000715000000|100%| O|  |TAMS 0x0000000714e00000| PB 0x0000000714e00000| Untracked 
| 168|0x0000000715000000, 0x0000000715200000, 0x0000000715200000|100%| O|  |TAMS 0x0000000715000000| PB 0x0000000715000000| Untracked 
| 169|0x0000000715200000, 0x0000000715400000, 0x0000000715400000|100%| O|  |TAMS 0x0000000715200000| PB 0x0000000715200000| Untracked 
| 170|0x0000000715400000, 0x0000000715600000, 0x0000000715600000|100%| O|  |TAMS 0x0000000715400000| PB 0x0000000715400000| Untracked 
| 171|0x0000000715600000, 0x0000000715800000, 0x0000000715800000|100%| O|  |TAMS 0x0000000715600000| PB 0x0000000715600000| Untracked 
| 172|0x0000000715800000, 0x0000000715a00000, 0x0000000715a00000|100%| O|  |TAMS 0x0000000715800000| PB 0x0000000715800000| Untracked 
| 173|0x0000000715a00000, 0x0000000715c00000, 0x0000000715c00000|100%| O|  |TAMS 0x0000000715a00000| PB 0x0000000715a00000| Untracked 
| 174|0x0000000715c00000, 0x0000000715e00000, 0x0000000715e00000|100%| O|  |TAMS 0x0000000715c00000| PB 0x0000000715c00000| Untracked 
| 175|0x0000000715e00000, 0x0000000716000000, 0x0000000716000000|100%| O|Cm|TAMS 0x0000000715e00000| PB 0x0000000715e00000| Complete 
| 176|0x0000000716000000, 0x0000000716200000, 0x0000000716200000|100%| O|  |TAMS 0x0000000716000000| PB 0x0000000716000000| Untracked 
| 177|0x0000000716200000, 0x0000000716400000, 0x0000000716400000|100%| O|  |TAMS 0x0000000716200000| PB 0x0000000716200000| Untracked 
| 178|0x0000000716400000, 0x0000000716600000, 0x0000000716600000|100%| O|  |TAMS 0x0000000716400000| PB 0x0000000716400000| Untracked 
| 179|0x0000000716600000, 0x0000000716800000, 0x0000000716800000|100%| O|Cm|TAMS 0x0000000716600000| PB 0x0000000716600000| Complete 
| 180|0x0000000716800000, 0x0000000716a00000, 0x0000000716a00000|100%| O|  |TAMS 0x0000000716800000| PB 0x0000000716800000| Untracked 
| 181|0x0000000716a00000, 0x0000000716c00000, 0x0000000716c00000|100%| O|  |TAMS 0x0000000716a00000| PB 0x0000000716a00000| Untracked 
| 182|0x0000000716c00000, 0x0000000716e00000, 0x0000000716e00000|100%| O|  |TAMS 0x0000000716c00000| PB 0x0000000716c00000| Untracked 
| 183|0x0000000716e00000, 0x0000000717000000, 0x0000000717000000|100%| O|  |TAMS 0x0000000716e00000| PB 0x0000000716e00000| Untracked 
| 184|0x0000000717000000, 0x0000000717200000, 0x0000000717200000|100%| O|  |TAMS 0x0000000717000000| PB 0x0000000717000000| Untracked 
| 185|0x0000000717200000, 0x0000000717400000, 0x0000000717400000|100%| O|  |TAMS 0x0000000717200000| PB 0x0000000717200000| Untracked 
| 186|0x0000000717400000, 0x0000000717600000, 0x0000000717600000|100%| O|  |TAMS 0x0000000717400000| PB 0x0000000717400000| Untracked 
| 187|0x0000000717600000, 0x0000000717800000, 0x0000000717800000|100%| O|  |TAMS 0x0000000717600000| PB 0x0000000717600000| Untracked 
| 188|0x0000000717800000, 0x0000000717a00000, 0x0000000717a00000|100%| O|  |TAMS 0x0000000717800000| PB 0x0000000717800000| Untracked 
| 189|0x0000000717a00000, 0x0000000717c00000, 0x0000000717c00000|100%| O|Cm|TAMS 0x0000000717a00000| PB 0x0000000717a00000| Complete 
| 190|0x0000000717c00000, 0x0000000717e00000, 0x0000000717e00000|100%| O|  |TAMS 0x0000000717c00000| PB 0x0000000717c00000| Untracked 
| 191|0x0000000717e00000, 0x0000000718000000, 0x0000000718000000|100%| O|  |TAMS 0x0000000717e00000| PB 0x0000000717e00000| Untracked 
| 192|0x0000000718000000, 0x0000000718200000, 0x0000000718200000|100%| O|  |TAMS 0x0000000718000000| PB 0x0000000718000000| Untracked 
| 193|0x0000000718200000, 0x0000000718400000, 0x0000000718400000|100%| O|  |TAMS 0x0000000718200000| PB 0x0000000718200000| Untracked 
| 194|0x0000000718400000, 0x0000000718600000, 0x0000000718600000|100%| O|Cm|TAMS 0x0000000718400000| PB 0x0000000718400000| Complete 
| 195|0x0000000718600000, 0x0000000718800000, 0x0000000718800000|100%| O|  |TAMS 0x0000000718600000| PB 0x0000000718600000| Untracked 
| 196|0x0000000718800000, 0x0000000718a00000, 0x0000000718a00000|100%| O|  |TAMS 0x0000000718800000| PB 0x0000000718800000| Untracked 
| 197|0x0000000718a00000, 0x0000000718c00000, 0x0000000718c00000|100%| O|  |TAMS 0x0000000718a00000| PB 0x0000000718a00000| Untracked 
| 198|0x0000000718c00000, 0x0000000718e00000, 0x0000000718e00000|100%| O|  |TAMS 0x0000000718c00000| PB 0x0000000718c00000| Untracked 
| 199|0x0000000718e00000, 0x0000000719000000, 0x0000000719000000|100%| O|  |TAMS 0x0000000718e00000| PB 0x0000000718e00000| Untracked 
| 200|0x0000000719000000, 0x0000000719200000, 0x0000000719200000|100%| O|Cm|TAMS 0x0000000719000000| PB 0x0000000719000000| Complete 
| 201|0x0000000719200000, 0x0000000719400000, 0x0000000719400000|100%| O|  |TAMS 0x0000000719200000| PB 0x0000000719200000| Untracked 
| 202|0x0000000719400000, 0x0000000719600000, 0x0000000719600000|100%| O|  |TAMS 0x0000000719400000| PB 0x0000000719400000| Untracked 
| 203|0x0000000719600000, 0x0000000719800000, 0x0000000719800000|100%| O|  |TAMS 0x0000000719600000| PB 0x0000000719600000| Untracked 
| 204|0x0000000719800000, 0x0000000719a00000, 0x0000000719a00000|100%| O|  |TAMS 0x0000000719800000| PB 0x0000000719800000| Untracked 
| 205|0x0000000719a00000, 0x0000000719c00000, 0x0000000719c00000|100%| O|  |TAMS 0x0000000719a00000| PB 0x0000000719a00000| Untracked 
| 206|0x0000000719c00000, 0x0000000719e00000, 0x0000000719e00000|100%| O|Cm|TAMS 0x0000000719c00000| PB 0x0000000719c00000| Complete 
| 207|0x0000000719e00000, 0x000000071a000000, 0x000000071a000000|100%| O|Cm|TAMS 0x0000000719e00000| PB 0x0000000719e00000| Complete 
| 208|0x000000071a000000, 0x000000071a200000, 0x000000071a200000|100%| O|  |TAMS 0x000000071a000000| PB 0x000000071a000000| Untracked 
| 209|0x000000071a200000, 0x000000071a400000, 0x000000071a400000|100%| O|Cm|TAMS 0x000000071a200000| PB 0x000000071a200000| Complete 
| 210|0x000000071a400000, 0x000000071a600000, 0x000000071a600000|100%| O|  |TAMS 0x000000071a400000| PB 0x000000071a400000| Untracked 
| 211|0x000000071a600000, 0x000000071a800000, 0x000000071a800000|100%| O|  |TAMS 0x000000071a600000| PB 0x000000071a600000| Untracked 
| 212|0x000000071a800000, 0x000000071aa00000, 0x000000071aa00000|100%| O|Cm|TAMS 0x000000071a800000| PB 0x000000071a800000| Complete 
| 213|0x000000071aa00000, 0x000000071ac00000, 0x000000071ac00000|100%| O|Cm|TAMS 0x000000071aa00000| PB 0x000000071aa00000| Complete 
| 214|0x000000071ac00000, 0x000000071ae00000, 0x000000071ae00000|100%| O|  |TAMS 0x000000071ac00000| PB 0x000000071ac00000| Untracked 
| 215|0x000000071ae00000, 0x000000071b000000, 0x000000071b000000|100%| O|  |TAMS 0x000000071ae00000| PB 0x000000071ae00000| Untracked 
| 216|0x000000071b000000, 0x000000071b200000, 0x000000071b200000|100%| O|  |TAMS 0x000000071b000000| PB 0x000000071b000000| Untracked 
| 217|0x000000071b200000, 0x000000071b400000, 0x000000071b400000|100%| O|  |TAMS 0x000000071b200000| PB 0x000000071b200000| Untracked 
| 218|0x000000071b400000, 0x000000071b600000, 0x000000071b600000|100%| O|  |TAMS 0x000000071b400000| PB 0x000000071b400000| Untracked 
| 219|0x000000071b600000, 0x000000071b800000, 0x000000071b800000|100%| O|  |TAMS 0x000000071b600000| PB 0x000000071b600000| Untracked 
| 220|0x000000071b800000, 0x000000071ba00000, 0x000000071ba00000|100%| O|  |TAMS 0x000000071b800000| PB 0x000000071b800000| Untracked 
| 221|0x000000071ba00000, 0x000000071bc00000, 0x000000071bc00000|100%| O|  |TAMS 0x000000071ba00000| PB 0x000000071ba00000| Untracked 
| 222|0x000000071bc00000, 0x000000071be00000, 0x000000071be00000|100%| O|  |TAMS 0x000000071bc00000| PB 0x000000071bc00000| Untracked 
| 223|0x000000071be00000, 0x000000071c000000, 0x000000071c000000|100%| O|Cm|TAMS 0x000000071be00000| PB 0x000000071be00000| Complete 
| 224|0x000000071c000000, 0x000000071c200000, 0x000000071c200000|100%| O|  |TAMS 0x000000071c000000| PB 0x000000071c000000| Untracked 
| 225|0x000000071c200000, 0x000000071c400000, 0x000000071c400000|100%| O|  |TAMS 0x000000071c200000| PB 0x000000071c200000| Untracked 
| 226|0x000000071c400000, 0x000000071c600000, 0x000000071c600000|100%| O|Cm|TAMS 0x000000071c400000| PB 0x000000071c400000| Complete 
| 227|0x000000071c600000, 0x000000071c800000, 0x000000071c800000|100%| O|Cm|TAMS 0x000000071c600000| PB 0x000000071c600000| Complete 
| 228|0x000000071c800000, 0x000000071ca00000, 0x000000071ca00000|100%| O|Cm|TAMS 0x000000071c800000| PB 0x000000071c800000| Complete 
| 229|0x000000071ca00000, 0x000000071cc00000, 0x000000071cc00000|100%| O|  |TAMS 0x000000071ca00000| PB 0x000000071ca00000| Untracked 
| 230|0x000000071cc00000, 0x000000071ce00000, 0x000000071ce00000|100%| O|  |TAMS 0x000000071cc00000| PB 0x000000071cc00000| Untracked 
| 231|0x000000071ce00000, 0x000000071d000000, 0x000000071d000000|100%| O|  |TAMS 0x000000071ce00000| PB 0x000000071ce00000| Untracked 
| 232|0x000000071d000000, 0x000000071d200000, 0x000000071d200000|100%| O|  |TAMS 0x000000071d000000| PB 0x000000071d000000| Untracked 
| 233|0x000000071d200000, 0x000000071d400000, 0x000000071d400000|100%| O|  |TAMS 0x000000071d200000| PB 0x000000071d200000| Untracked 
| 234|0x000000071d400000, 0x000000071d600000, 0x000000071d600000|100%| O|Cm|TAMS 0x000000071d400000| PB 0x000000071d400000| Complete 
| 235|0x000000071d600000, 0x000000071d800000, 0x000000071d800000|100%| O|Cm|TAMS 0x000000071d600000| PB 0x000000071d600000| Complete 
| 236|0x000000071d800000, 0x000000071da00000, 0x000000071da00000|100%| O|  |TAMS 0x000000071d800000| PB 0x000000071d800000| Untracked 
| 237|0x000000071da00000, 0x000000071dc00000, 0x000000071dc00000|100%| O|  |TAMS 0x000000071da00000| PB 0x000000071da00000| Untracked 
| 238|0x000000071dc00000, 0x000000071de00000, 0x000000071de00000|100%| O|  |TAMS 0x000000071dc00000| PB 0x000000071dc00000| Untracked 
| 239|0x000000071de00000, 0x000000071e000000, 0x000000071e000000|100%| O|  |TAMS 0x000000071de00000| PB 0x000000071de00000| Untracked 
| 240|0x000000071e000000, 0x000000071e200000, 0x000000071e200000|100%| O|  |TAMS 0x000000071e000000| PB 0x000000071e000000| Untracked 
| 241|0x000000071e200000, 0x000000071e400000, 0x000000071e400000|100%| O|  |TAMS 0x000000071e200000| PB 0x000000071e200000| Untracked 
| 242|0x000000071e400000, 0x000000071e600000, 0x000000071e600000|100%| O|  |TAMS 0x000000071e400000| PB 0x000000071e400000| Untracked 
| 243|0x000000071e600000, 0x000000071e800000, 0x000000071e800000|100%| O|  |TAMS 0x000000071e600000| PB 0x000000071e600000| Untracked 
| 244|0x000000071e800000, 0x000000071ea00000, 0x000000071ea00000|100%| O|  |TAMS 0x000000071e800000| PB 0x000000071e800000| Untracked 
| 245|0x000000071ea00000, 0x000000071ec00000, 0x000000071ec00000|100%| O|  |TAMS 0x000000071ea00000| PB 0x000000071ea00000| Untracked 
| 246|0x000000071ec00000, 0x000000071ee00000, 0x000000071ee00000|100%| O|  |TAMS 0x000000071ec00000| PB 0x000000071ec00000| Untracked 
| 247|0x000000071ee00000, 0x000000071f000000, 0x000000071f000000|100%| O|  |TAMS 0x000000071ee00000| PB 0x000000071ee00000| Untracked 
| 248|0x000000071f000000, 0x000000071f200000, 0x000000071f200000|100%| O|  |TAMS 0x000000071f000000| PB 0x000000071f000000| Untracked 
| 249|0x000000071f200000, 0x000000071f400000, 0x000000071f400000|100%| O|Cm|TAMS 0x000000071f200000| PB 0x000000071f200000| Complete 
| 250|0x000000071f400000, 0x000000071f600000, 0x000000071f600000|100%| O|  |TAMS 0x000000071f400000| PB 0x000000071f400000| Untracked 
| 251|0x000000071f600000, 0x000000071f800000, 0x000000071f800000|100%| O|  |TAMS 0x000000071f600000| PB 0x000000071f600000| Untracked 
| 252|0x000000071f800000, 0x000000071fa00000, 0x000000071fa00000|100%| O|  |TAMS 0x000000071f800000| PB 0x000000071f800000| Untracked 
| 253|0x000000071fa00000, 0x000000071fc00000, 0x000000071fc00000|100%| O|  |TAMS 0x000000071fa00000| PB 0x000000071fa00000| Untracked 
| 254|0x000000071fc00000, 0x000000071fe00000, 0x000000071fe00000|100%| O|  |TAMS 0x000000071fc00000| PB 0x000000071fc00000| Untracked 
| 255|0x000000071fe00000, 0x0000000720000000, 0x0000000720000000|100%| O|  |TAMS 0x000000071fe00000| PB 0x000000071fe00000| Untracked 
| 256|0x0000000720000000, 0x0000000720200000, 0x0000000720200000|100%| O|  |TAMS 0x0000000720000000| PB 0x0000000720000000| Untracked 
| 257|0x0000000720200000, 0x0000000720400000, 0x0000000720400000|100%| O|Cm|TAMS 0x0000000720200000| PB 0x0000000720200000| Complete 
| 258|0x0000000720400000, 0x0000000720600000, 0x0000000720600000|100%| O|  |TAMS 0x0000000720400000| PB 0x0000000720400000| Untracked 
| 259|0x0000000720600000, 0x0000000720800000, 0x0000000720800000|100%| O|  |TAMS 0x0000000720600000| PB 0x0000000720600000| Untracked 
| 260|0x0000000720800000, 0x0000000720a00000, 0x0000000720a00000|100%| O|  |TAMS 0x0000000720800000| PB 0x0000000720800000| Untracked 
| 261|0x0000000720a00000, 0x0000000720c00000, 0x0000000720c00000|100%| O|  |TAMS 0x0000000720a00000| PB 0x0000000720a00000| Untracked 
| 262|0x0000000720c00000, 0x0000000720e00000, 0x0000000720e00000|100%| O|Cm|TAMS 0x0000000720c00000| PB 0x0000000720c00000| Complete 
| 263|0x0000000720e00000, 0x0000000721000000, 0x0000000721000000|100%| O|Cm|TAMS 0x0000000720e00000| PB 0x0000000720e00000| Complete 
| 264|0x0000000721000000, 0x0000000721200000, 0x0000000721200000|100%| O|  |TAMS 0x0000000721000000| PB 0x0000000721000000| Untracked 
| 265|0x0000000721200000, 0x0000000721272de0, 0x0000000721400000| 22%| O|  |TAMS 0x0000000721200000| PB 0x0000000721200000| Untracked 
| 266|0x0000000721400000, 0x0000000721400000, 0x0000000721600000|  0%| F|  |TAMS 0x0000000721400000| PB 0x0000000721400000| Untracked 
| 267|0x0000000721600000, 0x0000000721600000, 0x0000000721800000|  0%| F|  |TAMS 0x0000000721600000| PB 0x0000000721600000| Untracked 
| 268|0x0000000721800000, 0x0000000721800000, 0x0000000721a00000|  0%| F|  |TAMS 0x0000000721800000| PB 0x0000000721800000| Untracked 
| 269|0x0000000721a00000, 0x0000000721a00000, 0x0000000721c00000|  0%| F|  |TAMS 0x0000000721a00000| PB 0x0000000721a00000| Untracked 
| 270|0x0000000721c00000, 0x0000000721e00000, 0x0000000721e00000|100%| O|Cm|TAMS 0x0000000721c00000| PB 0x0000000721c00000| Complete 
| 271|0x0000000721e00000, 0x0000000721e00000, 0x0000000722000000|  0%| F|  |TAMS 0x0000000721e00000| PB 0x0000000721e00000| Untracked 
| 272|0x0000000722000000, 0x0000000722000000, 0x0000000722200000|  0%| F|  |TAMS 0x0000000722000000| PB 0x0000000722000000| Untracked 
| 273|0x0000000722200000, 0x0000000722200000, 0x0000000722400000|  0%| F|  |TAMS 0x0000000722200000| PB 0x0000000722200000| Untracked 
| 274|0x0000000722400000, 0x0000000722400000, 0x0000000722600000|  0%| F|  |TAMS 0x0000000722400000| PB 0x0000000722400000| Untracked 
| 275|0x0000000722600000, 0x0000000722800000, 0x0000000722800000|100%| O|Cm|TAMS 0x0000000722600000| PB 0x0000000722600000| Complete 
| 276|0x0000000722800000, 0x0000000722800000, 0x0000000722a00000|  0%| F|  |TAMS 0x0000000722800000| PB 0x0000000722800000| Untracked 
| 277|0x0000000722a00000, 0x0000000722a00000, 0x0000000722c00000|  0%| F|  |TAMS 0x0000000722a00000| PB 0x0000000722a00000| Untracked 
| 278|0x0000000722c00000, 0x0000000722c00000, 0x0000000722e00000|  0%| F|  |TAMS 0x0000000722c00000| PB 0x0000000722c00000| Untracked 
| 279|0x0000000722e00000, 0x0000000722e00000, 0x0000000723000000|  0%| F|  |TAMS 0x0000000722e00000| PB 0x0000000722e00000| Untracked 
| 280|0x0000000723000000, 0x0000000723000000, 0x0000000723200000|  0%| F|  |TAMS 0x0000000723000000| PB 0x0000000723000000| Untracked 
| 281|0x0000000723200000, 0x0000000723200000, 0x0000000723400000|  0%| F|  |TAMS 0x0000000723200000| PB 0x0000000723200000| Untracked 
| 282|0x0000000723400000, 0x0000000723400000, 0x0000000723600000|  0%| F|  |TAMS 0x0000000723400000| PB 0x0000000723400000| Untracked 
| 283|0x0000000723600000, 0x0000000723600000, 0x0000000723800000|  0%| F|  |TAMS 0x0000000723600000| PB 0x0000000723600000| Untracked 
| 284|0x0000000723800000, 0x0000000723800000, 0x0000000723a00000|  0%| F|  |TAMS 0x0000000723800000| PB 0x0000000723800000| Untracked 
| 285|0x0000000723a00000, 0x0000000723a00000, 0x0000000723c00000|  0%| F|  |TAMS 0x0000000723a00000| PB 0x0000000723a00000| Untracked 
| 286|0x0000000723c00000, 0x0000000723c00000, 0x0000000723e00000|  0%| F|  |TAMS 0x0000000723c00000| PB 0x0000000723c00000| Untracked 
| 287|0x0000000723e00000, 0x0000000724000000, 0x0000000724000000|100%| O|Cm|TAMS 0x0000000723e00000| PB 0x0000000723e00000| Complete 
| 288|0x0000000724000000, 0x0000000724000000, 0x0000000724200000|  0%| F|  |TAMS 0x0000000724000000| PB 0x0000000724000000| Untracked 
| 289|0x0000000724200000, 0x0000000724200000, 0x0000000724400000|  0%| F|  |TAMS 0x0000000724200000| PB 0x0000000724200000| Untracked 
| 290|0x0000000724400000, 0x0000000724400000, 0x0000000724600000|  0%| F|  |TAMS 0x0000000724400000| PB 0x0000000724400000| Untracked 
| 291|0x0000000724600000, 0x0000000724600000, 0x0000000724800000|  0%| F|  |TAMS 0x0000000724600000| PB 0x0000000724600000| Untracked 
| 292|0x0000000724800000, 0x0000000724800000, 0x0000000724a00000|  0%| F|  |TAMS 0x0000000724800000| PB 0x0000000724800000| Untracked 
| 293|0x0000000724a00000, 0x0000000724a00000, 0x0000000724c00000|  0%| F|  |TAMS 0x0000000724a00000| PB 0x0000000724a00000| Untracked 
| 294|0x0000000724c00000, 0x0000000724c00000, 0x0000000724e00000|  0%| F|  |TAMS 0x0000000724c00000| PB 0x0000000724c00000| Untracked 
| 295|0x0000000724e00000, 0x0000000724e00000, 0x0000000725000000|  0%| F|  |TAMS 0x0000000724e00000| PB 0x0000000724e00000| Untracked 
| 296|0x0000000725000000, 0x0000000725000000, 0x0000000725200000|  0%| F|  |TAMS 0x0000000725000000| PB 0x0000000725000000| Untracked 
| 297|0x0000000725200000, 0x0000000725200000, 0x0000000725400000|  0%| F|  |TAMS 0x0000000725200000| PB 0x0000000725200000| Untracked 
| 298|0x0000000725400000, 0x0000000725600000, 0x0000000725600000|100%| O|Cm|TAMS 0x0000000725400000| PB 0x0000000725400000| Complete 
| 299|0x0000000725600000, 0x0000000725600000, 0x0000000725800000|  0%| F|  |TAMS 0x0000000725600000| PB 0x0000000725600000| Untracked 
| 300|0x0000000725800000, 0x0000000725800000, 0x0000000725a00000|  0%| F|  |TAMS 0x0000000725800000| PB 0x0000000725800000| Untracked 
| 301|0x0000000725a00000, 0x0000000725a00000, 0x0000000725c00000|  0%| F|  |TAMS 0x0000000725a00000| PB 0x0000000725a00000| Untracked 
| 302|0x0000000725c00000, 0x0000000725c00000, 0x0000000725e00000|  0%| F|  |TAMS 0x0000000725c00000| PB 0x0000000725c00000| Untracked 
| 303|0x0000000725e00000, 0x0000000726000000, 0x0000000726000000|100%| O|Cm|TAMS 0x0000000725e00000| PB 0x0000000725e00000| Complete 
| 304|0x0000000726000000, 0x0000000726000000, 0x0000000726200000|  0%| F|  |TAMS 0x0000000726000000| PB 0x0000000726000000| Untracked 
| 305|0x0000000726200000, 0x0000000726200000, 0x0000000726400000|  0%| F|  |TAMS 0x0000000726200000| PB 0x0000000726200000| Untracked 
| 306|0x0000000726400000, 0x0000000726400000, 0x0000000726600000|  0%| F|  |TAMS 0x0000000726400000| PB 0x0000000726400000| Untracked 
| 307|0x0000000726600000, 0x0000000726600000, 0x0000000726800000|  0%| F|  |TAMS 0x0000000726600000| PB 0x0000000726600000| Untracked 
| 308|0x0000000726800000, 0x0000000726800000, 0x0000000726a00000|  0%| F|  |TAMS 0x0000000726800000| PB 0x0000000726800000| Untracked 
| 309|0x0000000726a00000, 0x0000000726a00000, 0x0000000726c00000|  0%| F|  |TAMS 0x0000000726a00000| PB 0x0000000726a00000| Untracked 
| 310|0x0000000726c00000, 0x0000000726c00000, 0x0000000726e00000|  0%| F|  |TAMS 0x0000000726c00000| PB 0x0000000726c00000| Untracked 
| 311|0x0000000726e00000, 0x0000000726e00000, 0x0000000727000000|  0%| F|  |TAMS 0x0000000726e00000| PB 0x0000000726e00000| Untracked 
| 312|0x0000000727000000, 0x0000000727000000, 0x0000000727200000|  0%| F|  |TAMS 0x0000000727000000| PB 0x0000000727000000| Untracked 
| 313|0x0000000727200000, 0x0000000727200000, 0x0000000727400000|  0%| F|  |TAMS 0x0000000727200000| PB 0x0000000727200000| Untracked 
| 314|0x0000000727400000, 0x0000000727400000, 0x0000000727600000|  0%| F|  |TAMS 0x0000000727400000| PB 0x0000000727400000| Untracked 
| 315|0x0000000727600000, 0x0000000727600000, 0x0000000727800000|  0%| F|  |TAMS 0x0000000727600000| PB 0x0000000727600000| Untracked 
| 316|0x0000000727800000, 0x0000000727800000, 0x0000000727a00000|  0%| F|  |TAMS 0x0000000727800000| PB 0x0000000727800000| Untracked 
| 317|0x0000000727a00000, 0x0000000727a00000, 0x0000000727c00000|  0%| F|  |TAMS 0x0000000727a00000| PB 0x0000000727a00000| Untracked 
| 318|0x0000000727c00000, 0x0000000727c00000, 0x0000000727e00000|  0%| F|  |TAMS 0x0000000727c00000| PB 0x0000000727c00000| Untracked 
| 319|0x0000000727e00000, 0x0000000727e00000, 0x0000000728000000|  0%| F|  |TAMS 0x0000000727e00000| PB 0x0000000727e00000| Untracked 
| 320|0x0000000728000000, 0x0000000728000000, 0x0000000728200000|  0%| F|  |TAMS 0x0000000728000000| PB 0x0000000728000000| Untracked 
| 321|0x0000000728200000, 0x0000000728200000, 0x0000000728400000|  0%| F|  |TAMS 0x0000000728200000| PB 0x0000000728200000| Untracked 
| 322|0x0000000728400000, 0x0000000728400000, 0x0000000728600000|  0%| F|  |TAMS 0x0000000728400000| PB 0x0000000728400000| Untracked 
| 323|0x0000000728600000, 0x0000000728600000, 0x0000000728800000|  0%| F|  |TAMS 0x0000000728600000| PB 0x0000000728600000| Untracked 
| 324|0x0000000728800000, 0x0000000728800000, 0x0000000728a00000|  0%| F|  |TAMS 0x0000000728800000| PB 0x0000000728800000| Untracked 
| 325|0x0000000728a00000, 0x0000000728a00000, 0x0000000728c00000|  0%| F|  |TAMS 0x0000000728a00000| PB 0x0000000728a00000| Untracked 
| 326|0x0000000728c00000, 0x0000000728c00000, 0x0000000728e00000|  0%| F|  |TAMS 0x0000000728c00000| PB 0x0000000728c00000| Untracked 
| 327|0x0000000728e00000, 0x0000000728e00000, 0x0000000729000000|  0%| F|  |TAMS 0x0000000728e00000| PB 0x0000000728e00000| Untracked 
| 328|0x0000000729000000, 0x0000000729000000, 0x0000000729200000|  0%| F|  |TAMS 0x0000000729000000| PB 0x0000000729000000| Untracked 
| 329|0x0000000729200000, 0x0000000729200000, 0x0000000729400000|  0%| F|  |TAMS 0x0000000729200000| PB 0x0000000729200000| Untracked 
| 330|0x0000000729400000, 0x0000000729400000, 0x0000000729600000|  0%| F|  |TAMS 0x0000000729400000| PB 0x0000000729400000| Untracked 
| 331|0x0000000729600000, 0x0000000729600000, 0x0000000729800000|  0%| F|  |TAMS 0x0000000729600000| PB 0x0000000729600000| Untracked 
| 332|0x0000000729800000, 0x0000000729800000, 0x0000000729a00000|  0%| F|  |TAMS 0x0000000729800000| PB 0x0000000729800000| Untracked 
| 333|0x0000000729a00000, 0x0000000729a00000, 0x0000000729c00000|  0%| F|  |TAMS 0x0000000729a00000| PB 0x0000000729a00000| Untracked 
| 334|0x0000000729c00000, 0x0000000729c00000, 0x0000000729e00000|  0%| F|  |TAMS 0x0000000729c00000| PB 0x0000000729c00000| Untracked 
| 335|0x0000000729e00000, 0x0000000729e00000, 0x000000072a000000|  0%| F|  |TAMS 0x0000000729e00000| PB 0x0000000729e00000| Untracked 
| 336|0x000000072a000000, 0x000000072a000000, 0x000000072a200000|  0%| F|  |TAMS 0x000000072a000000| PB 0x000000072a000000| Untracked 
| 337|0x000000072a200000, 0x000000072a200000, 0x000000072a400000|  0%| F|  |TAMS 0x000000072a200000| PB 0x000000072a200000| Untracked 
| 338|0x000000072a400000, 0x000000072a400000, 0x000000072a600000|  0%| F|  |TAMS 0x000000072a400000| PB 0x000000072a400000| Untracked 
| 339|0x000000072a600000, 0x000000072a600000, 0x000000072a800000|  0%| F|  |TAMS 0x000000072a600000| PB 0x000000072a600000| Untracked 
| 340|0x000000072a800000, 0x000000072a800000, 0x000000072aa00000|  0%| F|  |TAMS 0x000000072a800000| PB 0x000000072a800000| Untracked 
| 341|0x000000072aa00000, 0x000000072aa00000, 0x000000072ac00000|  0%| F|  |TAMS 0x000000072aa00000| PB 0x000000072aa00000| Untracked 
| 342|0x000000072ac00000, 0x000000072ac00000, 0x000000072ae00000|  0%| F|  |TAMS 0x000000072ac00000| PB 0x000000072ac00000| Untracked 
| 343|0x000000072ae00000, 0x000000072ae00000, 0x000000072b000000|  0%| F|  |TAMS 0x000000072ae00000| PB 0x000000072ae00000| Untracked 
| 344|0x000000072b000000, 0x000000072b000000, 0x000000072b200000|  0%| F|  |TAMS 0x000000072b000000| PB 0x000000072b000000| Untracked 
| 345|0x000000072b200000, 0x000000072b200000, 0x000000072b400000|  0%| F|  |TAMS 0x000000072b200000| PB 0x000000072b200000| Untracked 
| 346|0x000000072b400000, 0x000000072b400000, 0x000000072b600000|  0%| F|  |TAMS 0x000000072b400000| PB 0x000000072b400000| Untracked 
| 347|0x000000072b600000, 0x000000072b600000, 0x000000072b800000|  0%| F|  |TAMS 0x000000072b600000| PB 0x000000072b600000| Untracked 
| 348|0x000000072b800000, 0x000000072b800000, 0x000000072ba00000|  0%| F|  |TAMS 0x000000072b800000| PB 0x000000072b800000| Untracked 
| 349|0x000000072ba00000, 0x000000072ba00000, 0x000000072bc00000|  0%| F|  |TAMS 0x000000072ba00000| PB 0x000000072ba00000| Untracked 
| 350|0x000000072bc00000, 0x000000072bc00000, 0x000000072be00000|  0%| F|  |TAMS 0x000000072bc00000| PB 0x000000072bc00000| Untracked 
| 351|0x000000072be00000, 0x000000072be00000, 0x000000072c000000|  0%| F|  |TAMS 0x000000072be00000| PB 0x000000072be00000| Untracked 
| 352|0x000000072c000000, 0x000000072c000000, 0x000000072c200000|  0%| F|  |TAMS 0x000000072c000000| PB 0x000000072c000000| Untracked 
| 353|0x000000072c200000, 0x000000072c200000, 0x000000072c400000|  0%| F|  |TAMS 0x000000072c200000| PB 0x000000072c200000| Untracked 
| 354|0x000000072c400000, 0x000000072c400000, 0x000000072c600000|  0%| F|  |TAMS 0x000000072c400000| PB 0x000000072c400000| Untracked 
| 355|0x000000072c600000, 0x000000072c600000, 0x000000072c800000|  0%| F|  |TAMS 0x000000072c600000| PB 0x000000072c600000| Untracked 
| 356|0x000000072c800000, 0x000000072c800000, 0x000000072ca00000|  0%| F|  |TAMS 0x000000072c800000| PB 0x000000072c800000| Untracked 
| 357|0x000000072ca00000, 0x000000072ca00000, 0x000000072cc00000|  0%| F|  |TAMS 0x000000072ca00000| PB 0x000000072ca00000| Untracked 
| 358|0x000000072cc00000, 0x000000072cc00000, 0x000000072ce00000|  0%| F|  |TAMS 0x000000072cc00000| PB 0x000000072cc00000| Untracked 
| 359|0x000000072ce00000, 0x000000072ce00000, 0x000000072d000000|  0%| F|  |TAMS 0x000000072ce00000| PB 0x000000072ce00000| Untracked 
| 360|0x000000072d000000, 0x000000072d000000, 0x000000072d200000|  0%| F|  |TAMS 0x000000072d000000| PB 0x000000072d000000| Untracked 
| 361|0x000000072d200000, 0x000000072d200000, 0x000000072d400000|  0%| F|  |TAMS 0x000000072d200000| PB 0x000000072d200000| Untracked 
| 362|0x000000072d400000, 0x000000072d400000, 0x000000072d600000|  0%| F|  |TAMS 0x000000072d400000| PB 0x000000072d400000| Untracked 
| 363|0x000000072d600000, 0x000000072d600000, 0x000000072d800000|  0%| F|  |TAMS 0x000000072d600000| PB 0x000000072d600000| Untracked 
| 364|0x000000072d800000, 0x000000072d800000, 0x000000072da00000|  0%| F|  |TAMS 0x000000072d800000| PB 0x000000072d800000| Untracked 
| 365|0x000000072da00000, 0x000000072da00000, 0x000000072dc00000|  0%| F|  |TAMS 0x000000072da00000| PB 0x000000072da00000| Untracked 
| 366|0x000000072dc00000, 0x000000072dc00000, 0x000000072de00000|  0%| F|  |TAMS 0x000000072dc00000| PB 0x000000072dc00000| Untracked 
| 367|0x000000072de00000, 0x000000072de00000, 0x000000072e000000|  0%| F|  |TAMS 0x000000072de00000| PB 0x000000072de00000| Untracked 
| 368|0x000000072e000000, 0x000000072e000000, 0x000000072e200000|  0%| F|  |TAMS 0x000000072e000000| PB 0x000000072e000000| Untracked 
| 369|0x000000072e200000, 0x000000072e200000, 0x000000072e400000|  0%| F|  |TAMS 0x000000072e200000| PB 0x000000072e200000| Untracked 
| 370|0x000000072e400000, 0x000000072e400000, 0x000000072e600000|  0%| F|  |TAMS 0x000000072e400000| PB 0x000000072e400000| Untracked 
| 371|0x000000072e600000, 0x000000072e600000, 0x000000072e800000|  0%| F|  |TAMS 0x000000072e600000| PB 0x000000072e600000| Untracked 
| 372|0x000000072e800000, 0x000000072e800000, 0x000000072ea00000|  0%| F|  |TAMS 0x000000072e800000| PB 0x000000072e800000| Untracked 
| 373|0x000000072ea00000, 0x000000072ea00000, 0x000000072ec00000|  0%| F|  |TAMS 0x000000072ea00000| PB 0x000000072ea00000| Untracked 
| 374|0x000000072ec00000, 0x000000072ec00000, 0x000000072ee00000|  0%| F|  |TAMS 0x000000072ec00000| PB 0x000000072ec00000| Untracked 
| 375|0x000000072ee00000, 0x000000072ee00000, 0x000000072f000000|  0%| F|  |TAMS 0x000000072ee00000| PB 0x000000072ee00000| Untracked 
| 376|0x000000072f000000, 0x000000072f000000, 0x000000072f200000|  0%| F|  |TAMS 0x000000072f000000| PB 0x000000072f000000| Untracked 
| 377|0x000000072f200000, 0x000000072f200000, 0x000000072f400000|  0%| F|  |TAMS 0x000000072f200000| PB 0x000000072f200000| Untracked 
| 378|0x000000072f400000, 0x000000072f400000, 0x000000072f600000|  0%| F|  |TAMS 0x000000072f400000| PB 0x000000072f400000| Untracked 
| 379|0x000000072f600000, 0x000000072f600000, 0x000000072f800000|  0%| F|  |TAMS 0x000000072f600000| PB 0x000000072f600000| Untracked 
| 380|0x000000072f800000, 0x000000072f800000, 0x000000072fa00000|  0%| F|  |TAMS 0x000000072f800000| PB 0x000000072f800000| Untracked 
| 381|0x000000072fa00000, 0x000000072fa00000, 0x000000072fc00000|  0%| F|  |TAMS 0x000000072fa00000| PB 0x000000072fa00000| Untracked 
| 382|0x000000072fc00000, 0x000000072fc00000, 0x000000072fe00000|  0%| F|  |TAMS 0x000000072fc00000| PB 0x000000072fc00000| Untracked 
| 383|0x000000072fe00000, 0x000000072fe00000, 0x0000000730000000|  0%| F|  |TAMS 0x000000072fe00000| PB 0x000000072fe00000| Untracked 
| 384|0x0000000730000000, 0x0000000730000000, 0x0000000730200000|  0%| F|  |TAMS 0x0000000730000000| PB 0x0000000730000000| Untracked 
| 385|0x0000000730200000, 0x0000000730200000, 0x0000000730400000|  0%| F|  |TAMS 0x0000000730200000| PB 0x0000000730200000| Untracked 
| 386|0x0000000730400000, 0x0000000730400000, 0x0000000730600000|  0%| F|  |TAMS 0x0000000730400000| PB 0x0000000730400000| Untracked 
| 387|0x0000000730600000, 0x0000000730600000, 0x0000000730800000|  0%| F|  |TAMS 0x0000000730600000| PB 0x0000000730600000| Untracked 
| 388|0x0000000730800000, 0x0000000730800000, 0x0000000730a00000|  0%| F|  |TAMS 0x0000000730800000| PB 0x0000000730800000| Untracked 
| 389|0x0000000730a00000, 0x0000000730a00000, 0x0000000730c00000|  0%| F|  |TAMS 0x0000000730a00000| PB 0x0000000730a00000| Untracked 
| 390|0x0000000730c00000, 0x0000000730c00000, 0x0000000730e00000|  0%| F|  |TAMS 0x0000000730c00000| PB 0x0000000730c00000| Untracked 
| 391|0x0000000730e00000, 0x0000000730e00000, 0x0000000731000000|  0%| F|  |TAMS 0x0000000730e00000| PB 0x0000000730e00000| Untracked 
| 392|0x0000000731000000, 0x0000000731000000, 0x0000000731200000|  0%| F|  |TAMS 0x0000000731000000| PB 0x0000000731000000| Untracked 
| 393|0x0000000731200000, 0x0000000731200000, 0x0000000731400000|  0%| F|  |TAMS 0x0000000731200000| PB 0x0000000731200000| Untracked 
| 394|0x0000000731400000, 0x0000000731400000, 0x0000000731600000|  0%| F|  |TAMS 0x0000000731400000| PB 0x0000000731400000| Untracked 
| 395|0x0000000731600000, 0x0000000731600000, 0x0000000731800000|  0%| F|  |TAMS 0x0000000731600000| PB 0x0000000731600000| Untracked 
| 396|0x0000000731800000, 0x0000000731800000, 0x0000000731a00000|  0%| F|  |TAMS 0x0000000731800000| PB 0x0000000731800000| Untracked 
| 397|0x0000000731a00000, 0x0000000731a00000, 0x0000000731c00000|  0%| F|  |TAMS 0x0000000731a00000| PB 0x0000000731a00000| Untracked 
| 398|0x0000000731c00000, 0x0000000731c00000, 0x0000000731e00000|  0%| F|  |TAMS 0x0000000731c00000| PB 0x0000000731c00000| Untracked 
| 399|0x0000000731e00000, 0x0000000731e00000, 0x0000000732000000|  0%| F|  |TAMS 0x0000000731e00000| PB 0x0000000731e00000| Untracked 
| 400|0x0000000732000000, 0x0000000732000000, 0x0000000732200000|  0%| F|  |TAMS 0x0000000732000000| PB 0x0000000732000000| Untracked 
| 401|0x0000000732200000, 0x0000000732200000, 0x0000000732400000|  0%| F|  |TAMS 0x0000000732200000| PB 0x0000000732200000| Untracked 
| 402|0x0000000732400000, 0x0000000732400000, 0x0000000732600000|  0%| F|  |TAMS 0x0000000732400000| PB 0x0000000732400000| Untracked 
| 403|0x0000000732600000, 0x0000000732600000, 0x0000000732800000|  0%| F|  |TAMS 0x0000000732600000| PB 0x0000000732600000| Untracked 
| 404|0x0000000732800000, 0x0000000732800000, 0x0000000732a00000|  0%| F|  |TAMS 0x0000000732800000| PB 0x0000000732800000| Untracked 
| 405|0x0000000732a00000, 0x0000000732a00000, 0x0000000732c00000|  0%| F|  |TAMS 0x0000000732a00000| PB 0x0000000732a00000| Untracked 
| 406|0x0000000732c00000, 0x0000000732c00000, 0x0000000732e00000|  0%| F|  |TAMS 0x0000000732c00000| PB 0x0000000732c00000| Untracked 
| 407|0x0000000732e00000, 0x0000000732e00000, 0x0000000733000000|  0%| F|  |TAMS 0x0000000732e00000| PB 0x0000000732e00000| Untracked 
| 408|0x0000000733000000, 0x0000000733000000, 0x0000000733200000|  0%| F|  |TAMS 0x0000000733000000| PB 0x0000000733000000| Untracked 
| 409|0x0000000733200000, 0x0000000733200000, 0x0000000733400000|  0%| F|  |TAMS 0x0000000733200000| PB 0x0000000733200000| Untracked 
| 410|0x0000000733400000, 0x0000000733400000, 0x0000000733600000|  0%| F|  |TAMS 0x0000000733400000| PB 0x0000000733400000| Untracked 
| 411|0x0000000733600000, 0x0000000733600000, 0x0000000733800000|  0%| F|  |TAMS 0x0000000733600000| PB 0x0000000733600000| Untracked 
| 412|0x0000000733800000, 0x0000000733800000, 0x0000000733a00000|  0%| F|  |TAMS 0x0000000733800000| PB 0x0000000733800000| Untracked 
| 413|0x0000000733a00000, 0x0000000733a00000, 0x0000000733c00000|  0%| F|  |TAMS 0x0000000733a00000| PB 0x0000000733a00000| Untracked 
| 414|0x0000000733c00000, 0x0000000733c00000, 0x0000000733e00000|  0%| F|  |TAMS 0x0000000733c00000| PB 0x0000000733c00000| Untracked 
| 415|0x0000000733e00000, 0x0000000733e00000, 0x0000000734000000|  0%| F|  |TAMS 0x0000000733e00000| PB 0x0000000733e00000| Untracked 
| 416|0x0000000734000000, 0x0000000734000000, 0x0000000734200000|  0%| F|  |TAMS 0x0000000734000000| PB 0x0000000734000000| Untracked 
| 417|0x0000000734200000, 0x0000000734200000, 0x0000000734400000|  0%| F|  |TAMS 0x0000000734200000| PB 0x0000000734200000| Untracked 
| 418|0x0000000734400000, 0x0000000734400000, 0x0000000734600000|  0%| F|  |TAMS 0x0000000734400000| PB 0x0000000734400000| Untracked 
| 419|0x0000000734600000, 0x0000000734600000, 0x0000000734800000|  0%| F|  |TAMS 0x0000000734600000| PB 0x0000000734600000| Untracked 
| 420|0x0000000734800000, 0x0000000734800000, 0x0000000734a00000|  0%| F|  |TAMS 0x0000000734800000| PB 0x0000000734800000| Untracked 
| 421|0x0000000734a00000, 0x0000000734a00000, 0x0000000734c00000|  0%| F|  |TAMS 0x0000000734a00000| PB 0x0000000734a00000| Untracked 
| 422|0x0000000734c00000, 0x0000000734c00000, 0x0000000734e00000|  0%| F|  |TAMS 0x0000000734c00000| PB 0x0000000734c00000| Untracked 
| 423|0x0000000734e00000, 0x0000000734e00000, 0x0000000735000000|  0%| F|  |TAMS 0x0000000734e00000| PB 0x0000000734e00000| Untracked 
| 424|0x0000000735000000, 0x0000000735000000, 0x0000000735200000|  0%| F|  |TAMS 0x0000000735000000| PB 0x0000000735000000| Untracked 
| 425|0x0000000735200000, 0x0000000735200000, 0x0000000735400000|  0%| F|  |TAMS 0x0000000735200000| PB 0x0000000735200000| Untracked 
| 426|0x0000000735400000, 0x0000000735400000, 0x0000000735600000|  0%| F|  |TAMS 0x0000000735400000| PB 0x0000000735400000| Untracked 
| 427|0x0000000735600000, 0x0000000735600000, 0x0000000735800000|  0%| F|  |TAMS 0x0000000735600000| PB 0x0000000735600000| Untracked 
| 428|0x0000000735800000, 0x0000000735800000, 0x0000000735a00000|  0%| F|  |TAMS 0x0000000735800000| PB 0x0000000735800000| Untracked 
| 429|0x0000000735a00000, 0x0000000735a00000, 0x0000000735c00000|  0%| F|  |TAMS 0x0000000735a00000| PB 0x0000000735a00000| Untracked 
| 430|0x0000000735c00000, 0x0000000735c00000, 0x0000000735e00000|  0%| F|  |TAMS 0x0000000735c00000| PB 0x0000000735c00000| Untracked 
| 431|0x0000000735e00000, 0x0000000735e00000, 0x0000000736000000|  0%| F|  |TAMS 0x0000000735e00000| PB 0x0000000735e00000| Untracked 
| 432|0x0000000736000000, 0x0000000736000000, 0x0000000736200000|  0%| F|  |TAMS 0x0000000736000000| PB 0x0000000736000000| Untracked 
| 433|0x0000000736200000, 0x0000000736200000, 0x0000000736400000|  0%| F|  |TAMS 0x0000000736200000| PB 0x0000000736200000| Untracked 
| 434|0x0000000736400000, 0x0000000736400000, 0x0000000736600000|  0%| F|  |TAMS 0x0000000736400000| PB 0x0000000736400000| Untracked 
| 435|0x0000000736600000, 0x0000000736600000, 0x0000000736800000|  0%| F|  |TAMS 0x0000000736600000| PB 0x0000000736600000| Untracked 
| 436|0x0000000736800000, 0x0000000736800000, 0x0000000736a00000|  0%| F|  |TAMS 0x0000000736800000| PB 0x0000000736800000| Untracked 
| 437|0x0000000736a00000, 0x0000000736a00000, 0x0000000736c00000|  0%| F|  |TAMS 0x0000000736a00000| PB 0x0000000736a00000| Untracked 
| 438|0x0000000736c00000, 0x0000000736c00000, 0x0000000736e00000|  0%| F|  |TAMS 0x0000000736c00000| PB 0x0000000736c00000| Untracked 
| 439|0x0000000736e00000, 0x0000000736e00000, 0x0000000737000000|  0%| F|  |TAMS 0x0000000736e00000| PB 0x0000000736e00000| Untracked 
| 440|0x0000000737000000, 0x0000000737000000, 0x0000000737200000|  0%| F|  |TAMS 0x0000000737000000| PB 0x0000000737000000| Untracked 
| 441|0x0000000737200000, 0x0000000737200000, 0x0000000737400000|  0%| F|  |TAMS 0x0000000737200000| PB 0x0000000737200000| Untracked 
| 442|0x0000000737400000, 0x0000000737400000, 0x0000000737600000|  0%| F|  |TAMS 0x0000000737400000| PB 0x0000000737400000| Untracked 
| 443|0x0000000737600000, 0x0000000737600000, 0x0000000737800000|  0%| F|  |TAMS 0x0000000737600000| PB 0x0000000737600000| Untracked 
| 444|0x0000000737800000, 0x0000000737800000, 0x0000000737a00000|  0%| F|  |TAMS 0x0000000737800000| PB 0x0000000737800000| Untracked 
| 445|0x0000000737a00000, 0x0000000737a00000, 0x0000000737c00000|  0%| F|  |TAMS 0x0000000737a00000| PB 0x0000000737a00000| Untracked 
| 446|0x0000000737c00000, 0x0000000737c00000, 0x0000000737e00000|  0%| F|  |TAMS 0x0000000737c00000| PB 0x0000000737c00000| Untracked 
| 447|0x0000000737e00000, 0x0000000737e00000, 0x0000000738000000|  0%| F|  |TAMS 0x0000000737e00000| PB 0x0000000737e00000| Untracked 
| 448|0x0000000738000000, 0x0000000738000000, 0x0000000738200000|  0%| F|  |TAMS 0x0000000738000000| PB 0x0000000738000000| Untracked 
| 449|0x0000000738200000, 0x0000000738200000, 0x0000000738400000|  0%| F|  |TAMS 0x0000000738200000| PB 0x0000000738200000| Untracked 
| 450|0x0000000738400000, 0x0000000738400000, 0x0000000738600000|  0%| F|  |TAMS 0x0000000738400000| PB 0x0000000738400000| Untracked 
| 451|0x0000000738600000, 0x0000000738600000, 0x0000000738800000|  0%| F|  |TAMS 0x0000000738600000| PB 0x0000000738600000| Untracked 
| 452|0x0000000738800000, 0x0000000738800000, 0x0000000738a00000|  0%| F|  |TAMS 0x0000000738800000| PB 0x0000000738800000| Untracked 
| 453|0x0000000738a00000, 0x0000000738a00000, 0x0000000738c00000|  0%| F|  |TAMS 0x0000000738a00000| PB 0x0000000738a00000| Untracked 
| 454|0x0000000738c00000, 0x0000000738c00000, 0x0000000738e00000|  0%| F|  |TAMS 0x0000000738c00000| PB 0x0000000738c00000| Untracked 
| 455|0x0000000738e00000, 0x0000000738e00000, 0x0000000739000000|  0%| F|  |TAMS 0x0000000738e00000| PB 0x0000000738e00000| Untracked 
| 456|0x0000000739000000, 0x0000000739000000, 0x0000000739200000|  0%| F|  |TAMS 0x0000000739000000| PB 0x0000000739000000| Untracked 
| 457|0x0000000739200000, 0x0000000739200000, 0x0000000739400000|  0%| F|  |TAMS 0x0000000739200000| PB 0x0000000739200000| Untracked 
| 458|0x0000000739400000, 0x0000000739400000, 0x0000000739600000|  0%| F|  |TAMS 0x0000000739400000| PB 0x0000000739400000| Untracked 
| 459|0x0000000739600000, 0x0000000739600000, 0x0000000739800000|  0%| F|  |TAMS 0x0000000739600000| PB 0x0000000739600000| Untracked 
| 460|0x0000000739800000, 0x0000000739800000, 0x0000000739a00000|  0%| F|  |TAMS 0x0000000739800000| PB 0x0000000739800000| Untracked 
| 461|0x0000000739a00000, 0x0000000739a00000, 0x0000000739c00000|  0%| F|  |TAMS 0x0000000739a00000| PB 0x0000000739a00000| Untracked 
| 462|0x0000000739c00000, 0x0000000739c00000, 0x0000000739e00000|  0%| F|  |TAMS 0x0000000739c00000| PB 0x0000000739c00000| Untracked 
| 463|0x0000000739e00000, 0x0000000739e00000, 0x000000073a000000|  0%| F|  |TAMS 0x0000000739e00000| PB 0x0000000739e00000| Untracked 
| 464|0x000000073a000000, 0x000000073a000000, 0x000000073a200000|  0%| F|  |TAMS 0x000000073a000000| PB 0x000000073a000000| Untracked 
| 465|0x000000073a200000, 0x000000073a200000, 0x000000073a400000|  0%| F|  |TAMS 0x000000073a200000| PB 0x000000073a200000| Untracked 
| 466|0x000000073a400000, 0x000000073a400000, 0x000000073a600000|  0%| F|  |TAMS 0x000000073a400000| PB 0x000000073a400000| Untracked 
| 467|0x000000073a600000, 0x000000073a600000, 0x000000073a800000|  0%| F|  |TAMS 0x000000073a600000| PB 0x000000073a600000| Untracked 
| 468|0x000000073a800000, 0x000000073a800000, 0x000000073aa00000|  0%| F|  |TAMS 0x000000073a800000| PB 0x000000073a800000| Untracked 
| 469|0x000000073aa00000, 0x000000073aa00000, 0x000000073ac00000|  0%| F|  |TAMS 0x000000073aa00000| PB 0x000000073aa00000| Untracked 
| 470|0x000000073ac00000, 0x000000073ac00000, 0x000000073ae00000|  0%| F|  |TAMS 0x000000073ac00000| PB 0x000000073ac00000| Untracked 
| 471|0x000000073ae00000, 0x000000073ae00000, 0x000000073b000000|  0%| F|  |TAMS 0x000000073ae00000| PB 0x000000073ae00000| Untracked 
| 472|0x000000073b000000, 0x000000073b000000, 0x000000073b200000|  0%| F|  |TAMS 0x000000073b000000| PB 0x000000073b000000| Untracked 
| 473|0x000000073b200000, 0x000000073b200000, 0x000000073b400000|  0%| F|  |TAMS 0x000000073b200000| PB 0x000000073b200000| Untracked 
| 474|0x000000073b400000, 0x000000073b400000, 0x000000073b600000|  0%| F|  |TAMS 0x000000073b400000| PB 0x000000073b400000| Untracked 
| 475|0x000000073b600000, 0x000000073b600000, 0x000000073b800000|  0%| F|  |TAMS 0x000000073b600000| PB 0x000000073b600000| Untracked 
| 476|0x000000073b800000, 0x000000073b800000, 0x000000073ba00000|  0%| F|  |TAMS 0x000000073b800000| PB 0x000000073b800000| Untracked 
| 477|0x000000073ba00000, 0x000000073ba00000, 0x000000073bc00000|  0%| F|  |TAMS 0x000000073ba00000| PB 0x000000073ba00000| Untracked 
| 478|0x000000073bc00000, 0x000000073bc00000, 0x000000073be00000|  0%| F|  |TAMS 0x000000073bc00000| PB 0x000000073bc00000| Untracked 
| 479|0x000000073be00000, 0x000000073be00000, 0x000000073c000000|  0%| F|  |TAMS 0x000000073be00000| PB 0x000000073be00000| Untracked 
| 480|0x000000073c000000, 0x000000073c000000, 0x000000073c200000|  0%| F|  |TAMS 0x000000073c000000| PB 0x000000073c000000| Untracked 
| 481|0x000000073c200000, 0x000000073c200000, 0x000000073c400000|  0%| F|  |TAMS 0x000000073c200000| PB 0x000000073c200000| Untracked 
| 482|0x000000073c400000, 0x000000073c400000, 0x000000073c600000|  0%| F|  |TAMS 0x000000073c400000| PB 0x000000073c400000| Untracked 
| 483|0x000000073c600000, 0x000000073c600000, 0x000000073c800000|  0%| F|  |TAMS 0x000000073c600000| PB 0x000000073c600000| Untracked 
| 484|0x000000073c800000, 0x000000073c800000, 0x000000073ca00000|  0%| F|  |TAMS 0x000000073c800000| PB 0x000000073c800000| Untracked 
| 485|0x000000073ca00000, 0x000000073ca00000, 0x000000073cc00000|  0%| F|  |TAMS 0x000000073ca00000| PB 0x000000073ca00000| Untracked 
| 486|0x000000073cc00000, 0x000000073cc00000, 0x000000073ce00000|  0%| F|  |TAMS 0x000000073cc00000| PB 0x000000073cc00000| Untracked 
| 487|0x000000073ce00000, 0x000000073ce00000, 0x000000073d000000|  0%| F|  |TAMS 0x000000073ce00000| PB 0x000000073ce00000| Untracked 
| 488|0x000000073d000000, 0x000000073d000000, 0x000000073d200000|  0%| F|  |TAMS 0x000000073d000000| PB 0x000000073d000000| Untracked 
| 489|0x000000073d200000, 0x000000073d200000, 0x000000073d400000|  0%| F|  |TAMS 0x000000073d200000| PB 0x000000073d200000| Untracked 
| 490|0x000000073d400000, 0x000000073d400000, 0x000000073d600000|  0%| F|  |TAMS 0x000000073d400000| PB 0x000000073d400000| Untracked 
| 491|0x000000073d600000, 0x000000073d600000, 0x000000073d800000|  0%| F|  |TAMS 0x000000073d600000| PB 0x000000073d600000| Untracked 
| 492|0x000000073d800000, 0x000000073d800000, 0x000000073da00000|  0%| F|  |TAMS 0x000000073d800000| PB 0x000000073d800000| Untracked 
| 493|0x000000073da00000, 0x000000073da00000, 0x000000073dc00000|  0%| F|  |TAMS 0x000000073da00000| PB 0x000000073da00000| Untracked 
| 494|0x000000073dc00000, 0x000000073dc00000, 0x000000073de00000|  0%| F|  |TAMS 0x000000073dc00000| PB 0x000000073dc00000| Untracked 
| 495|0x000000073de00000, 0x000000073de00000, 0x000000073e000000|  0%| F|  |TAMS 0x000000073de00000| PB 0x000000073de00000| Untracked 
| 496|0x000000073e000000, 0x000000073e000000, 0x000000073e200000|  0%| F|  |TAMS 0x000000073e000000| PB 0x000000073e000000| Untracked 
| 497|0x000000073e200000, 0x000000073e200000, 0x000000073e400000|  0%| F|  |TAMS 0x000000073e200000| PB 0x000000073e200000| Untracked 
| 498|0x000000073e400000, 0x000000073e400000, 0x000000073e600000|  0%| F|  |TAMS 0x000000073e400000| PB 0x000000073e400000| Untracked 
| 499|0x000000073e600000, 0x000000073e600000, 0x000000073e800000|  0%| F|  |TAMS 0x000000073e600000| PB 0x000000073e600000| Untracked 
| 500|0x000000073e800000, 0x000000073e800000, 0x000000073ea00000|  0%| F|  |TAMS 0x000000073e800000| PB 0x000000073e800000| Untracked 
| 501|0x000000073ea00000, 0x000000073ea00000, 0x000000073ec00000|  0%| F|  |TAMS 0x000000073ea00000| PB 0x000000073ea00000| Untracked 
| 502|0x000000073ec00000, 0x000000073ec00000, 0x000000073ee00000|  0%| F|  |TAMS 0x000000073ec00000| PB 0x000000073ec00000| Untracked 
| 503|0x000000073ee00000, 0x000000073ee00000, 0x000000073f000000|  0%| F|  |TAMS 0x000000073ee00000| PB 0x000000073ee00000| Untracked 
| 504|0x000000073f000000, 0x000000073f000000, 0x000000073f200000|  0%| F|  |TAMS 0x000000073f000000| PB 0x000000073f000000| Untracked 
| 505|0x000000073f200000, 0x000000073f200000, 0x000000073f400000|  0%| F|  |TAMS 0x000000073f200000| PB 0x000000073f200000| Untracked 
| 506|0x000000073f400000, 0x000000073f400000, 0x000000073f600000|  0%| F|  |TAMS 0x000000073f400000| PB 0x000000073f400000| Untracked 
| 507|0x000000073f600000, 0x000000073f600000, 0x000000073f800000|  0%| F|  |TAMS 0x000000073f600000| PB 0x000000073f600000| Untracked 
| 508|0x000000073f800000, 0x000000073f800000, 0x000000073fa00000|  0%| F|  |TAMS 0x000000073f800000| PB 0x000000073f800000| Untracked 
| 509|0x000000073fa00000, 0x000000073fa00000, 0x000000073fc00000|  0%| F|  |TAMS 0x000000073fa00000| PB 0x000000073fa00000| Untracked 
| 510|0x000000073fc00000, 0x000000073fc00000, 0x000000073fe00000|  0%| F|  |TAMS 0x000000073fc00000| PB 0x000000073fc00000| Untracked 
| 511|0x000000073fe00000, 0x000000073fe00000, 0x0000000740000000|  0%| F|  |TAMS 0x000000073fe00000| PB 0x000000073fe00000| Untracked 
| 512|0x0000000740000000, 0x0000000740000000, 0x0000000740200000|  0%| F|  |TAMS 0x0000000740000000| PB 0x0000000740000000| Untracked 
| 513|0x0000000740200000, 0x0000000740200000, 0x0000000740400000|  0%| F|  |TAMS 0x0000000740200000| PB 0x0000000740200000| Untracked 
| 514|0x0000000740400000, 0x0000000740400000, 0x0000000740600000|  0%| F|  |TAMS 0x0000000740400000| PB 0x0000000740400000| Untracked 
| 515|0x0000000740600000, 0x0000000740600000, 0x0000000740800000|  0%| F|  |TAMS 0x0000000740600000| PB 0x0000000740600000| Untracked 
| 516|0x0000000740800000, 0x0000000740800000, 0x0000000740a00000|  0%| F|  |TAMS 0x0000000740800000| PB 0x0000000740800000| Untracked 
| 517|0x0000000740a00000, 0x0000000740a00000, 0x0000000740c00000|  0%| F|  |TAMS 0x0000000740a00000| PB 0x0000000740a00000| Untracked 
| 518|0x0000000740c00000, 0x0000000740c00000, 0x0000000740e00000|  0%| F|  |TAMS 0x0000000740c00000| PB 0x0000000740c00000| Untracked 
| 519|0x0000000740e00000, 0x0000000740e00000, 0x0000000741000000|  0%| F|  |TAMS 0x0000000740e00000| PB 0x0000000740e00000| Untracked 
| 520|0x0000000741000000, 0x0000000741000000, 0x0000000741200000|  0%| F|  |TAMS 0x0000000741000000| PB 0x0000000741000000| Untracked 
| 521|0x0000000741200000, 0x0000000741200000, 0x0000000741400000|  0%| F|  |TAMS 0x0000000741200000| PB 0x0000000741200000| Untracked 
| 522|0x0000000741400000, 0x0000000741400000, 0x0000000741600000|  0%| F|  |TAMS 0x0000000741400000| PB 0x0000000741400000| Untracked 
| 523|0x0000000741600000, 0x0000000741600000, 0x0000000741800000|  0%| F|  |TAMS 0x0000000741600000| PB 0x0000000741600000| Untracked 
| 524|0x0000000741800000, 0x0000000741800000, 0x0000000741a00000|  0%| F|  |TAMS 0x0000000741800000| PB 0x0000000741800000| Untracked 
| 525|0x0000000741a00000, 0x0000000741a00000, 0x0000000741c00000|  0%| F|  |TAMS 0x0000000741a00000| PB 0x0000000741a00000| Untracked 
| 526|0x0000000741c00000, 0x0000000741c00000, 0x0000000741e00000|  0%| F|  |TAMS 0x0000000741c00000| PB 0x0000000741c00000| Untracked 
| 527|0x0000000741e00000, 0x0000000741e00000, 0x0000000742000000|  0%| F|  |TAMS 0x0000000741e00000| PB 0x0000000741e00000| Untracked 
| 528|0x0000000742000000, 0x0000000742000000, 0x0000000742200000|  0%| F|  |TAMS 0x0000000742000000| PB 0x0000000742000000| Untracked 
| 529|0x0000000742200000, 0x0000000742200000, 0x0000000742400000|  0%| F|  |TAMS 0x0000000742200000| PB 0x0000000742200000| Untracked 
| 530|0x0000000742400000, 0x0000000742400000, 0x0000000742600000|  0%| F|  |TAMS 0x0000000742400000| PB 0x0000000742400000| Untracked 
| 531|0x0000000742600000, 0x0000000742600000, 0x0000000742800000|  0%| F|  |TAMS 0x0000000742600000| PB 0x0000000742600000| Untracked 
| 532|0x0000000742800000, 0x0000000742800000, 0x0000000742a00000|  0%| F|  |TAMS 0x0000000742800000| PB 0x0000000742800000| Untracked 
| 533|0x0000000742a00000, 0x0000000742a00000, 0x0000000742c00000|  0%| F|  |TAMS 0x0000000742a00000| PB 0x0000000742a00000| Untracked 
| 534|0x0000000742c00000, 0x0000000742c00000, 0x0000000742e00000|  0%| F|  |TAMS 0x0000000742c00000| PB 0x0000000742c00000| Untracked 
| 535|0x0000000742e00000, 0x0000000742e00000, 0x0000000743000000|  0%| F|  |TAMS 0x0000000742e00000| PB 0x0000000742e00000| Untracked 
| 536|0x0000000743000000, 0x0000000743000000, 0x0000000743200000|  0%| F|  |TAMS 0x0000000743000000| PB 0x0000000743000000| Untracked 
| 537|0x0000000743200000, 0x0000000743200000, 0x0000000743400000|  0%| F|  |TAMS 0x0000000743200000| PB 0x0000000743200000| Untracked 
| 538|0x0000000743400000, 0x0000000743400000, 0x0000000743600000|  0%| F|  |TAMS 0x0000000743400000| PB 0x0000000743400000| Untracked 
| 539|0x0000000743600000, 0x0000000743600000, 0x0000000743800000|  0%| F|  |TAMS 0x0000000743600000| PB 0x0000000743600000| Untracked 
| 540|0x0000000743800000, 0x0000000743800000, 0x0000000743a00000|  0%| F|  |TAMS 0x0000000743800000| PB 0x0000000743800000| Untracked 
| 541|0x0000000743a00000, 0x0000000743a00000, 0x0000000743c00000|  0%| F|  |TAMS 0x0000000743a00000| PB 0x0000000743a00000| Untracked 
| 542|0x0000000743c00000, 0x0000000743c00000, 0x0000000743e00000|  0%| F|  |TAMS 0x0000000743c00000| PB 0x0000000743c00000| Untracked 
| 543|0x0000000743e00000, 0x0000000743e00000, 0x0000000744000000|  0%| F|  |TAMS 0x0000000743e00000| PB 0x0000000743e00000| Untracked 
| 544|0x0000000744000000, 0x0000000744000000, 0x0000000744200000|  0%| F|  |TAMS 0x0000000744000000| PB 0x0000000744000000| Untracked 
| 545|0x0000000744200000, 0x0000000744200000, 0x0000000744400000|  0%| F|  |TAMS 0x0000000744200000| PB 0x0000000744200000| Untracked 
| 546|0x0000000744400000, 0x0000000744400000, 0x0000000744600000|  0%| F|  |TAMS 0x0000000744400000| PB 0x0000000744400000| Untracked 
| 547|0x0000000744600000, 0x0000000744600000, 0x0000000744800000|  0%| F|  |TAMS 0x0000000744600000| PB 0x0000000744600000| Untracked 
| 548|0x0000000744800000, 0x0000000744800000, 0x0000000744a00000|  0%| F|  |TAMS 0x0000000744800000| PB 0x0000000744800000| Untracked 
| 549|0x0000000744a00000, 0x0000000744a00000, 0x0000000744c00000|  0%| F|  |TAMS 0x0000000744a00000| PB 0x0000000744a00000| Untracked 
| 550|0x0000000744c00000, 0x0000000744c00000, 0x0000000744e00000|  0%| F|  |TAMS 0x0000000744c00000| PB 0x0000000744c00000| Untracked 
| 551|0x0000000744e00000, 0x0000000744e00000, 0x0000000745000000|  0%| F|  |TAMS 0x0000000744e00000| PB 0x0000000744e00000| Untracked 
| 552|0x0000000745000000, 0x0000000745000000, 0x0000000745200000|  0%| F|  |TAMS 0x0000000745000000| PB 0x0000000745000000| Untracked 
| 553|0x0000000745200000, 0x0000000745200000, 0x0000000745400000|  0%| F|  |TAMS 0x0000000745200000| PB 0x0000000745200000| Untracked 
| 554|0x0000000745400000, 0x0000000745400000, 0x0000000745600000|  0%| F|  |TAMS 0x0000000745400000| PB 0x0000000745400000| Untracked 
| 555|0x0000000745600000, 0x0000000745600000, 0x0000000745800000|  0%| F|  |TAMS 0x0000000745600000| PB 0x0000000745600000| Untracked 
| 556|0x0000000745800000, 0x0000000745800000, 0x0000000745a00000|  0%| F|  |TAMS 0x0000000745800000| PB 0x0000000745800000| Untracked 
| 557|0x0000000745a00000, 0x0000000745a00000, 0x0000000745c00000|  0%| F|  |TAMS 0x0000000745a00000| PB 0x0000000745a00000| Untracked 
| 558|0x0000000745c00000, 0x0000000745c00000, 0x0000000745e00000|  0%| F|  |TAMS 0x0000000745c00000| PB 0x0000000745c00000| Untracked 
| 559|0x0000000745e00000, 0x0000000745e00000, 0x0000000746000000|  0%| F|  |TAMS 0x0000000745e00000| PB 0x0000000745e00000| Untracked 
| 560|0x0000000746000000, 0x0000000746000000, 0x0000000746200000|  0%| F|  |TAMS 0x0000000746000000| PB 0x0000000746000000| Untracked 
| 561|0x0000000746200000, 0x0000000746200000, 0x0000000746400000|  0%| F|  |TAMS 0x0000000746200000| PB 0x0000000746200000| Untracked 
| 562|0x0000000746400000, 0x0000000746400000, 0x0000000746600000|  0%| F|  |TAMS 0x0000000746400000| PB 0x0000000746400000| Untracked 
| 563|0x0000000746600000, 0x0000000746600000, 0x0000000746800000|  0%| F|  |TAMS 0x0000000746600000| PB 0x0000000746600000| Untracked 
| 564|0x0000000746800000, 0x0000000746800000, 0x0000000746a00000|  0%| F|  |TAMS 0x0000000746800000| PB 0x0000000746800000| Untracked 
| 565|0x0000000746a00000, 0x0000000746a00000, 0x0000000746c00000|  0%| F|  |TAMS 0x0000000746a00000| PB 0x0000000746a00000| Untracked 
| 566|0x0000000746c00000, 0x0000000746c00000, 0x0000000746e00000|  0%| F|  |TAMS 0x0000000746c00000| PB 0x0000000746c00000| Untracked 
| 567|0x0000000746e00000, 0x0000000746e00000, 0x0000000747000000|  0%| F|  |TAMS 0x0000000746e00000| PB 0x0000000746e00000| Untracked 
| 568|0x0000000747000000, 0x0000000747000000, 0x0000000747200000|  0%| F|  |TAMS 0x0000000747000000| PB 0x0000000747000000| Untracked 
| 569|0x0000000747200000, 0x0000000747200000, 0x0000000747400000|  0%| F|  |TAMS 0x0000000747200000| PB 0x0000000747200000| Untracked 
| 570|0x0000000747400000, 0x0000000747400000, 0x0000000747600000|  0%| F|  |TAMS 0x0000000747400000| PB 0x0000000747400000| Untracked 
| 571|0x0000000747600000, 0x0000000747600000, 0x0000000747800000|  0%| F|  |TAMS 0x0000000747600000| PB 0x0000000747600000| Untracked 
| 572|0x0000000747800000, 0x0000000747800000, 0x0000000747a00000|  0%| F|  |TAMS 0x0000000747800000| PB 0x0000000747800000| Untracked 
| 573|0x0000000747a00000, 0x0000000747a00000, 0x0000000747c00000|  0%| F|  |TAMS 0x0000000747a00000| PB 0x0000000747a00000| Untracked 
| 574|0x0000000747c00000, 0x0000000747c00000, 0x0000000747e00000|  0%| F|  |TAMS 0x0000000747c00000| PB 0x0000000747c00000| Untracked 
| 575|0x0000000747e00000, 0x0000000747e00000, 0x0000000748000000|  0%| F|  |TAMS 0x0000000747e00000| PB 0x0000000747e00000| Untracked 
| 576|0x0000000748000000, 0x0000000748000000, 0x0000000748200000|  0%| F|  |TAMS 0x0000000748000000| PB 0x0000000748000000| Untracked 
| 577|0x0000000748200000, 0x0000000748200000, 0x0000000748400000|  0%| F|  |TAMS 0x0000000748200000| PB 0x0000000748200000| Untracked 
| 578|0x0000000748400000, 0x0000000748400000, 0x0000000748600000|  0%| F|  |TAMS 0x0000000748400000| PB 0x0000000748400000| Untracked 
| 579|0x0000000748600000, 0x0000000748600000, 0x0000000748800000|  0%| F|  |TAMS 0x0000000748600000| PB 0x0000000748600000| Untracked 
| 580|0x0000000748800000, 0x0000000748800000, 0x0000000748a00000|  0%| F|  |TAMS 0x0000000748800000| PB 0x0000000748800000| Untracked 
| 581|0x0000000748a00000, 0x0000000748a00000, 0x0000000748c00000|  0%| F|  |TAMS 0x0000000748a00000| PB 0x0000000748a00000| Untracked 
| 582|0x0000000748c00000, 0x0000000748c00000, 0x0000000748e00000|  0%| F|  |TAMS 0x0000000748c00000| PB 0x0000000748c00000| Untracked 
| 583|0x0000000748e00000, 0x0000000748e00000, 0x0000000749000000|  0%| F|  |TAMS 0x0000000748e00000| PB 0x0000000748e00000| Untracked 
| 584|0x0000000749000000, 0x0000000749000000, 0x0000000749200000|  0%| F|  |TAMS 0x0000000749000000| PB 0x0000000749000000| Untracked 
| 585|0x0000000749200000, 0x0000000749200000, 0x0000000749400000|  0%| F|  |TAMS 0x0000000749200000| PB 0x0000000749200000| Untracked 
| 586|0x0000000749400000, 0x0000000749400000, 0x0000000749600000|  0%| F|  |TAMS 0x0000000749400000| PB 0x0000000749400000| Untracked 
| 587|0x0000000749600000, 0x0000000749600000, 0x0000000749800000|  0%| F|  |TAMS 0x0000000749600000| PB 0x0000000749600000| Untracked 
| 588|0x0000000749800000, 0x0000000749800000, 0x0000000749a00000|  0%| F|  |TAMS 0x0000000749800000| PB 0x0000000749800000| Untracked 
| 589|0x0000000749a00000, 0x0000000749a00000, 0x0000000749c00000|  0%| F|  |TAMS 0x0000000749a00000| PB 0x0000000749a00000| Untracked 
| 590|0x0000000749c00000, 0x0000000749c00000, 0x0000000749e00000|  0%| F|  |TAMS 0x0000000749c00000| PB 0x0000000749c00000| Untracked 
| 591|0x0000000749e00000, 0x0000000749e00000, 0x000000074a000000|  0%| F|  |TAMS 0x0000000749e00000| PB 0x0000000749e00000| Untracked 
| 592|0x000000074a000000, 0x000000074a000000, 0x000000074a200000|  0%| F|  |TAMS 0x000000074a000000| PB 0x000000074a000000| Untracked 
| 593|0x000000074a200000, 0x000000074a200000, 0x000000074a400000|  0%| F|  |TAMS 0x000000074a200000| PB 0x000000074a200000| Untracked 
| 594|0x000000074a400000, 0x000000074a400000, 0x000000074a600000|  0%| F|  |TAMS 0x000000074a400000| PB 0x000000074a400000| Untracked 
| 595|0x000000074a600000, 0x000000074a600000, 0x000000074a800000|  0%| F|  |TAMS 0x000000074a600000| PB 0x000000074a600000| Untracked 
| 596|0x000000074a800000, 0x000000074a800000, 0x000000074aa00000|  0%| F|  |TAMS 0x000000074a800000| PB 0x000000074a800000| Untracked 
| 597|0x000000074aa00000, 0x000000074aa00000, 0x000000074ac00000|  0%| F|  |TAMS 0x000000074aa00000| PB 0x000000074aa00000| Untracked 
| 598|0x000000074ac00000, 0x000000074ac00000, 0x000000074ae00000|  0%| F|  |TAMS 0x000000074ac00000| PB 0x000000074ac00000| Untracked 
| 599|0x000000074ae00000, 0x000000074ae00000, 0x000000074b000000|  0%| F|  |TAMS 0x000000074ae00000| PB 0x000000074ae00000| Untracked 
| 600|0x000000074b000000, 0x000000074b000000, 0x000000074b200000|  0%| F|  |TAMS 0x000000074b000000| PB 0x000000074b000000| Untracked 
| 601|0x000000074b200000, 0x000000074b200000, 0x000000074b400000|  0%| F|  |TAMS 0x000000074b200000| PB 0x000000074b200000| Untracked 
| 602|0x000000074b400000, 0x000000074b400000, 0x000000074b600000|  0%| F|  |TAMS 0x000000074b400000| PB 0x000000074b400000| Untracked 
| 603|0x000000074b600000, 0x000000074b600000, 0x000000074b800000|  0%| F|  |TAMS 0x000000074b600000| PB 0x000000074b600000| Untracked 
| 604|0x000000074b800000, 0x000000074b800000, 0x000000074ba00000|  0%| F|  |TAMS 0x000000074b800000| PB 0x000000074b800000| Untracked 
| 605|0x000000074ba00000, 0x000000074ba00000, 0x000000074bc00000|  0%| F|  |TAMS 0x000000074ba00000| PB 0x000000074ba00000| Untracked 
| 606|0x000000074bc00000, 0x000000074bc00000, 0x000000074be00000|  0%| F|  |TAMS 0x000000074bc00000| PB 0x000000074bc00000| Untracked 
| 607|0x000000074be00000, 0x000000074be00000, 0x000000074c000000|  0%| F|  |TAMS 0x000000074be00000| PB 0x000000074be00000| Untracked 
| 608|0x000000074c000000, 0x000000074c000000, 0x000000074c200000|  0%| F|  |TAMS 0x000000074c000000| PB 0x000000074c000000| Untracked 
| 609|0x000000074c200000, 0x000000074c200000, 0x000000074c400000|  0%| F|  |TAMS 0x000000074c200000| PB 0x000000074c200000| Untracked 
| 610|0x000000074c400000, 0x000000074c400000, 0x000000074c600000|  0%| F|  |TAMS 0x000000074c400000| PB 0x000000074c400000| Untracked 
| 611|0x000000074c600000, 0x000000074c600000, 0x000000074c800000|  0%| F|  |TAMS 0x000000074c600000| PB 0x000000074c600000| Untracked 
| 612|0x000000074c800000, 0x000000074c800000, 0x000000074ca00000|  0%| F|  |TAMS 0x000000074c800000| PB 0x000000074c800000| Untracked 
| 613|0x000000074ca00000, 0x000000074ca00000, 0x000000074cc00000|  0%| F|  |TAMS 0x000000074ca00000| PB 0x000000074ca00000| Untracked 
| 614|0x000000074cc00000, 0x000000074cc00000, 0x000000074ce00000|  0%| F|  |TAMS 0x000000074cc00000| PB 0x000000074cc00000| Untracked 
| 615|0x000000074ce00000, 0x000000074ce00000, 0x000000074d000000|  0%| F|  |TAMS 0x000000074ce00000| PB 0x000000074ce00000| Untracked 
| 616|0x000000074d000000, 0x000000074d000000, 0x000000074d200000|  0%| F|  |TAMS 0x000000074d000000| PB 0x000000074d000000| Untracked 
| 617|0x000000074d200000, 0x000000074d200000, 0x000000074d400000|  0%| F|  |TAMS 0x000000074d200000| PB 0x000000074d200000| Untracked 
| 618|0x000000074d400000, 0x000000074d400000, 0x000000074d600000|  0%| F|  |TAMS 0x000000074d400000| PB 0x000000074d400000| Untracked 
| 619|0x000000074d600000, 0x000000074d600000, 0x000000074d800000|  0%| F|  |TAMS 0x000000074d600000| PB 0x000000074d600000| Untracked 
| 620|0x000000074d800000, 0x000000074d800000, 0x000000074da00000|  0%| F|  |TAMS 0x000000074d800000| PB 0x000000074d800000| Untracked 
| 621|0x000000074da00000, 0x000000074da00000, 0x000000074dc00000|  0%| F|  |TAMS 0x000000074da00000| PB 0x000000074da00000| Untracked 
| 622|0x000000074dc00000, 0x000000074dc00000, 0x000000074de00000|  0%| F|  |TAMS 0x000000074dc00000| PB 0x000000074dc00000| Untracked 
| 623|0x000000074de00000, 0x000000074de00000, 0x000000074e000000|  0%| F|  |TAMS 0x000000074de00000| PB 0x000000074de00000| Untracked 
| 624|0x000000074e000000, 0x000000074e000000, 0x000000074e200000|  0%| F|  |TAMS 0x000000074e000000| PB 0x000000074e000000| Untracked 
| 625|0x000000074e200000, 0x000000074e200000, 0x000000074e400000|  0%| F|  |TAMS 0x000000074e200000| PB 0x000000074e200000| Untracked 
| 626|0x000000074e400000, 0x000000074e400000, 0x000000074e600000|  0%| F|  |TAMS 0x000000074e400000| PB 0x000000074e400000| Untracked 
| 627|0x000000074e600000, 0x000000074e600000, 0x000000074e800000|  0%| F|  |TAMS 0x000000074e600000| PB 0x000000074e600000| Untracked 
| 628|0x000000074e800000, 0x000000074e800000, 0x000000074ea00000|  0%| F|  |TAMS 0x000000074e800000| PB 0x000000074e800000| Untracked 
| 629|0x000000074ea00000, 0x000000074ea00000, 0x000000074ec00000|  0%| F|  |TAMS 0x000000074ea00000| PB 0x000000074ea00000| Untracked 
| 630|0x000000074ec00000, 0x000000074ec00000, 0x000000074ee00000|  0%| F|  |TAMS 0x000000074ec00000| PB 0x000000074ec00000| Untracked 
| 631|0x000000074ee00000, 0x000000074ee00000, 0x000000074f000000|  0%| F|  |TAMS 0x000000074ee00000| PB 0x000000074ee00000| Untracked 
| 632|0x000000074f000000, 0x000000074f000000, 0x000000074f200000|  0%| F|  |TAMS 0x000000074f000000| PB 0x000000074f000000| Untracked 
| 633|0x000000074f200000, 0x000000074f200000, 0x000000074f400000|  0%| F|  |TAMS 0x000000074f200000| PB 0x000000074f200000| Untracked 
| 634|0x000000074f400000, 0x000000074f400000, 0x000000074f600000|  0%| F|  |TAMS 0x000000074f400000| PB 0x000000074f400000| Untracked 
| 635|0x000000074f600000, 0x000000074f600000, 0x000000074f800000|  0%| F|  |TAMS 0x000000074f600000| PB 0x000000074f600000| Untracked 
| 636|0x000000074f800000, 0x000000074f800000, 0x000000074fa00000|  0%| F|  |TAMS 0x000000074f800000| PB 0x000000074f800000| Untracked 
| 637|0x000000074fa00000, 0x000000074fa00000, 0x000000074fc00000|  0%| F|  |TAMS 0x000000074fa00000| PB 0x000000074fa00000| Untracked 
| 638|0x000000074fc00000, 0x000000074fc00000, 0x000000074fe00000|  0%| F|  |TAMS 0x000000074fc00000| PB 0x000000074fc00000| Untracked 
| 639|0x000000074fe00000, 0x000000074fe00000, 0x0000000750000000|  0%| F|  |TAMS 0x000000074fe00000| PB 0x000000074fe00000| Untracked 
| 640|0x0000000750000000, 0x0000000750000000, 0x0000000750200000|  0%| F|  |TAMS 0x0000000750000000| PB 0x0000000750000000| Untracked 
| 641|0x0000000750200000, 0x0000000750200000, 0x0000000750400000|  0%| F|  |TAMS 0x0000000750200000| PB 0x0000000750200000| Untracked 
| 642|0x0000000750400000, 0x0000000750400000, 0x0000000750600000|  0%| F|  |TAMS 0x0000000750400000| PB 0x0000000750400000| Untracked 
| 643|0x0000000750600000, 0x0000000750600000, 0x0000000750800000|  0%| F|  |TAMS 0x0000000750600000| PB 0x0000000750600000| Untracked 
| 644|0x0000000750800000, 0x0000000750800000, 0x0000000750a00000|  0%| F|  |TAMS 0x0000000750800000| PB 0x0000000750800000| Untracked 
| 645|0x0000000750a00000, 0x0000000750a00000, 0x0000000750c00000|  0%| F|  |TAMS 0x0000000750a00000| PB 0x0000000750a00000| Untracked 
| 646|0x0000000750c00000, 0x0000000750c00000, 0x0000000750e00000|  0%| F|  |TAMS 0x0000000750c00000| PB 0x0000000750c00000| Untracked 
| 647|0x0000000750e00000, 0x0000000750e00000, 0x0000000751000000|  0%| F|  |TAMS 0x0000000750e00000| PB 0x0000000750e00000| Untracked 
| 648|0x0000000751000000, 0x0000000751000000, 0x0000000751200000|  0%| F|  |TAMS 0x0000000751000000| PB 0x0000000751000000| Untracked 
| 649|0x0000000751200000, 0x0000000751200000, 0x0000000751400000|  0%| F|  |TAMS 0x0000000751200000| PB 0x0000000751200000| Untracked 
| 650|0x0000000751400000, 0x0000000751400000, 0x0000000751600000|  0%| F|  |TAMS 0x0000000751400000| PB 0x0000000751400000| Untracked 
| 651|0x0000000751600000, 0x0000000751600000, 0x0000000751800000|  0%| F|  |TAMS 0x0000000751600000| PB 0x0000000751600000| Untracked 
| 652|0x0000000751800000, 0x0000000751800000, 0x0000000751a00000|  0%| F|  |TAMS 0x0000000751800000| PB 0x0000000751800000| Untracked 
| 653|0x0000000751a00000, 0x0000000751a00000, 0x0000000751c00000|  0%| F|  |TAMS 0x0000000751a00000| PB 0x0000000751a00000| Untracked 
| 654|0x0000000751c00000, 0x0000000751c00000, 0x0000000751e00000|  0%| F|  |TAMS 0x0000000751c00000| PB 0x0000000751c00000| Untracked 
| 655|0x0000000751e00000, 0x0000000751e00000, 0x0000000752000000|  0%| F|  |TAMS 0x0000000751e00000| PB 0x0000000751e00000| Untracked 
| 656|0x0000000752000000, 0x0000000752000000, 0x0000000752200000|  0%| F|  |TAMS 0x0000000752000000| PB 0x0000000752000000| Untracked 
| 657|0x0000000752200000, 0x0000000752200000, 0x0000000752400000|  0%| F|  |TAMS 0x0000000752200000| PB 0x0000000752200000| Untracked 
| 658|0x0000000752400000, 0x0000000752400000, 0x0000000752600000|  0%| F|  |TAMS 0x0000000752400000| PB 0x0000000752400000| Untracked 
| 659|0x0000000752600000, 0x0000000752600000, 0x0000000752800000|  0%| F|  |TAMS 0x0000000752600000| PB 0x0000000752600000| Untracked 
| 660|0x0000000752800000, 0x0000000752800000, 0x0000000752a00000|  0%| F|  |TAMS 0x0000000752800000| PB 0x0000000752800000| Untracked 
| 661|0x0000000752a00000, 0x0000000752a00000, 0x0000000752c00000|  0%| F|  |TAMS 0x0000000752a00000| PB 0x0000000752a00000| Untracked 
| 662|0x0000000752c00000, 0x0000000752c00000, 0x0000000752e00000|  0%| F|  |TAMS 0x0000000752c00000| PB 0x0000000752c00000| Untracked 
| 663|0x0000000752e00000, 0x0000000752e00000, 0x0000000753000000|  0%| F|  |TAMS 0x0000000752e00000| PB 0x0000000752e00000| Untracked 
| 664|0x0000000753000000, 0x0000000753000000, 0x0000000753200000|  0%| F|  |TAMS 0x0000000753000000| PB 0x0000000753000000| Untracked 
| 665|0x0000000753200000, 0x0000000753200000, 0x0000000753400000|  0%| F|  |TAMS 0x0000000753200000| PB 0x0000000753200000| Untracked 
| 666|0x0000000753400000, 0x0000000753400000, 0x0000000753600000|  0%| F|  |TAMS 0x0000000753400000| PB 0x0000000753400000| Untracked 
| 667|0x0000000753600000, 0x0000000753600000, 0x0000000753800000|  0%| F|  |TAMS 0x0000000753600000| PB 0x0000000753600000| Untracked 
| 668|0x0000000753800000, 0x0000000753800000, 0x0000000753a00000|  0%| F|  |TAMS 0x0000000753800000| PB 0x0000000753800000| Untracked 
| 669|0x0000000753a00000, 0x0000000753a00000, 0x0000000753c00000|  0%| F|  |TAMS 0x0000000753a00000| PB 0x0000000753a00000| Untracked 
| 670|0x0000000753c00000, 0x0000000753c00000, 0x0000000753e00000|  0%| F|  |TAMS 0x0000000753c00000| PB 0x0000000753c00000| Untracked 
| 671|0x0000000753e00000, 0x0000000753e00000, 0x0000000754000000|  0%| F|  |TAMS 0x0000000753e00000| PB 0x0000000753e00000| Untracked 
| 672|0x0000000754000000, 0x0000000754000000, 0x0000000754200000|  0%| F|  |TAMS 0x0000000754000000| PB 0x0000000754000000| Untracked 
| 673|0x0000000754200000, 0x0000000754200000, 0x0000000754400000|  0%| F|  |TAMS 0x0000000754200000| PB 0x0000000754200000| Untracked 
| 674|0x0000000754400000, 0x0000000754400000, 0x0000000754600000|  0%| F|  |TAMS 0x0000000754400000| PB 0x0000000754400000| Untracked 
| 675|0x0000000754600000, 0x0000000754600000, 0x0000000754800000|  0%| F|  |TAMS 0x0000000754600000| PB 0x0000000754600000| Untracked 
| 676|0x0000000754800000, 0x0000000754800000, 0x0000000754a00000|  0%| F|  |TAMS 0x0000000754800000| PB 0x0000000754800000| Untracked 
| 677|0x0000000754a00000, 0x0000000754a00000, 0x0000000754c00000|  0%| F|  |TAMS 0x0000000754a00000| PB 0x0000000754a00000| Untracked 
| 678|0x0000000754c00000, 0x0000000754c00000, 0x0000000754e00000|  0%| F|  |TAMS 0x0000000754c00000| PB 0x0000000754c00000| Untracked 
| 679|0x0000000754e00000, 0x0000000754e00000, 0x0000000755000000|  0%| F|  |TAMS 0x0000000754e00000| PB 0x0000000754e00000| Untracked 
| 680|0x0000000755000000, 0x0000000755000000, 0x0000000755200000|  0%| F|  |TAMS 0x0000000755000000| PB 0x0000000755000000| Untracked 
| 681|0x0000000755200000, 0x0000000755200000, 0x0000000755400000|  0%| F|  |TAMS 0x0000000755200000| PB 0x0000000755200000| Untracked 
| 682|0x0000000755400000, 0x00000007554014b0, 0x0000000755600000|  0%| E|  |TAMS 0x0000000755400000| PB 0x0000000755400000| Complete 
| 683|0x0000000755600000, 0x0000000755800000, 0x0000000755800000|100%| E|CS|TAMS 0x0000000755600000| PB 0x0000000755600000| Complete 
| 684|0x0000000755800000, 0x0000000755a00000, 0x0000000755a00000|100%| E|CS|TAMS 0x0000000755800000| PB 0x0000000755800000| Complete 
| 685|0x0000000755a00000, 0x0000000755c00000, 0x0000000755c00000|100%| E|CS|TAMS 0x0000000755a00000| PB 0x0000000755a00000| Complete 
| 686|0x0000000755c00000, 0x0000000755e00000, 0x0000000755e00000|100%| E|CS|TAMS 0x0000000755c00000| PB 0x0000000755c00000| Complete 
| 687|0x0000000755e00000, 0x0000000756000000, 0x0000000756000000|100%| E|CS|TAMS 0x0000000755e00000| PB 0x0000000755e00000| Complete 
| 688|0x0000000756000000, 0x0000000756200000, 0x0000000756200000|100%| E|CS|TAMS 0x0000000756000000| PB 0x0000000756000000| Complete 
| 689|0x0000000756200000, 0x0000000756400000, 0x0000000756400000|100%| E|CS|TAMS 0x0000000756200000| PB 0x0000000756200000| Complete 
| 690|0x0000000756400000, 0x0000000756600000, 0x0000000756600000|100%| E|CS|TAMS 0x0000000756400000| PB 0x0000000756400000| Complete 
| 691|0x0000000756600000, 0x0000000756800000, 0x0000000756800000|100%| E|CS|TAMS 0x0000000756600000| PB 0x0000000756600000| Complete 
| 692|0x0000000756800000, 0x0000000756a00000, 0x0000000756a00000|100%| E|CS|TAMS 0x0000000756800000| PB 0x0000000756800000| Complete 
| 693|0x0000000756a00000, 0x0000000756c00000, 0x0000000756c00000|100%| E|CS|TAMS 0x0000000756a00000| PB 0x0000000756a00000| Complete 
| 694|0x0000000756c00000, 0x0000000756e00000, 0x0000000756e00000|100%| E|CS|TAMS 0x0000000756c00000| PB 0x0000000756c00000| Complete 
| 695|0x0000000756e00000, 0x0000000757000000, 0x0000000757000000|100%| E|CS|TAMS 0x0000000756e00000| PB 0x0000000756e00000| Complete 
| 696|0x0000000757000000, 0x0000000757200000, 0x0000000757200000|100%| E|CS|TAMS 0x0000000757000000| PB 0x0000000757000000| Complete 
| 697|0x0000000757200000, 0x0000000757400000, 0x0000000757400000|100%| E|CS|TAMS 0x0000000757200000| PB 0x0000000757200000| Complete 
| 698|0x0000000757400000, 0x0000000757600000, 0x0000000757600000|100%| E|CS|TAMS 0x0000000757400000| PB 0x0000000757400000| Complete 
| 699|0x0000000757600000, 0x0000000757800000, 0x0000000757800000|100%| E|CS|TAMS 0x0000000757600000| PB 0x0000000757600000| Complete 
| 700|0x0000000757800000, 0x0000000757a00000, 0x0000000757a00000|100%| E|CS|TAMS 0x0000000757800000| PB 0x0000000757800000| Complete 
| 701|0x0000000757a00000, 0x0000000757c00000, 0x0000000757c00000|100%| E|CS|TAMS 0x0000000757a00000| PB 0x0000000757a00000| Complete 
| 702|0x0000000757c00000, 0x0000000757e00000, 0x0000000757e00000|100%| E|CS|TAMS 0x0000000757c00000| PB 0x0000000757c00000| Complete 
| 703|0x0000000757e00000, 0x0000000758000000, 0x0000000758000000|100%| E|CS|TAMS 0x0000000757e00000| PB 0x0000000757e00000| Complete 
| 704|0x0000000758000000, 0x0000000758200000, 0x0000000758200000|100%| E|CS|TAMS 0x0000000758000000| PB 0x0000000758000000| Complete 
| 705|0x0000000758200000, 0x0000000758400000, 0x0000000758400000|100%| E|CS|TAMS 0x0000000758200000| PB 0x0000000758200000| Complete 
| 706|0x0000000758400000, 0x0000000758600000, 0x0000000758600000|100%| E|CS|TAMS 0x0000000758400000| PB 0x0000000758400000| Complete 
| 707|0x0000000758600000, 0x0000000758800000, 0x0000000758800000|100%| E|CS|TAMS 0x0000000758600000| PB 0x0000000758600000| Complete 
| 708|0x0000000758800000, 0x0000000758a00000, 0x0000000758a00000|100%| E|CS|TAMS 0x0000000758800000| PB 0x0000000758800000| Complete 
| 709|0x0000000758a00000, 0x0000000758c00000, 0x0000000758c00000|100%| E|CS|TAMS 0x0000000758a00000| PB 0x0000000758a00000| Complete 
| 710|0x0000000758c00000, 0x0000000758e00000, 0x0000000758e00000|100%| E|CS|TAMS 0x0000000758c00000| PB 0x0000000758c00000| Complete 
| 711|0x0000000758e00000, 0x0000000759000000, 0x0000000759000000|100%| E|CS|TAMS 0x0000000758e00000| PB 0x0000000758e00000| Complete 
| 712|0x0000000759000000, 0x0000000759200000, 0x0000000759200000|100%| E|CS|TAMS 0x0000000759000000| PB 0x0000000759000000| Complete 
| 713|0x0000000759200000, 0x0000000759400000, 0x0000000759400000|100%| E|CS|TAMS 0x0000000759200000| PB 0x0000000759200000| Complete 
| 714|0x0000000759400000, 0x0000000759600000, 0x0000000759600000|100%| E|CS|TAMS 0x0000000759400000| PB 0x0000000759400000| Complete 
| 715|0x0000000759600000, 0x0000000759800000, 0x0000000759800000|100%| E|CS|TAMS 0x0000000759600000| PB 0x0000000759600000| Complete 
| 716|0x0000000759800000, 0x0000000759a00000, 0x0000000759a00000|100%| E|CS|TAMS 0x0000000759800000| PB 0x0000000759800000| Complete 
| 717|0x0000000759a00000, 0x0000000759c00000, 0x0000000759c00000|100%| E|CS|TAMS 0x0000000759a00000| PB 0x0000000759a00000| Complete 
| 718|0x0000000759c00000, 0x0000000759e00000, 0x0000000759e00000|100%| E|CS|TAMS 0x0000000759c00000| PB 0x0000000759c00000| Complete 
| 719|0x0000000759e00000, 0x000000075a000000, 0x000000075a000000|100%| E|CS|TAMS 0x0000000759e00000| PB 0x0000000759e00000| Complete 
| 720|0x000000075a000000, 0x000000075a200000, 0x000000075a200000|100%| E|CS|TAMS 0x000000075a000000| PB 0x000000075a000000| Complete 
| 721|0x000000075a200000, 0x000000075a400000, 0x000000075a400000|100%| E|CS|TAMS 0x000000075a200000| PB 0x000000075a200000| Complete 
| 722|0x000000075a400000, 0x000000075a600000, 0x000000075a600000|100%| E|CS|TAMS 0x000000075a400000| PB 0x000000075a400000| Complete 
| 723|0x000000075a600000, 0x000000075a800000, 0x000000075a800000|100%| E|CS|TAMS 0x000000075a600000| PB 0x000000075a600000| Complete 
| 724|0x000000075a800000, 0x000000075aa00000, 0x000000075aa00000|100%| E|CS|TAMS 0x000000075a800000| PB 0x000000075a800000| Complete 
| 725|0x000000075aa00000, 0x000000075ac00000, 0x000000075ac00000|100%| E|CS|TAMS 0x000000075aa00000| PB 0x000000075aa00000| Complete 
| 726|0x000000075ac00000, 0x000000075ae00000, 0x000000075ae00000|100%| E|CS|TAMS 0x000000075ac00000| PB 0x000000075ac00000| Complete 
| 727|0x000000075ae00000, 0x000000075b000000, 0x000000075b000000|100%| E|CS|TAMS 0x000000075ae00000| PB 0x000000075ae00000| Complete 
| 728|0x000000075b000000, 0x000000075b200000, 0x000000075b200000|100%| E|CS|TAMS 0x000000075b000000| PB 0x000000075b000000| Complete 
| 729|0x000000075b200000, 0x000000075b400000, 0x000000075b400000|100%| E|CS|TAMS 0x000000075b200000| PB 0x000000075b200000| Complete 
| 730|0x000000075b400000, 0x000000075b600000, 0x000000075b600000|100%| E|CS|TAMS 0x000000075b400000| PB 0x000000075b400000| Complete 
| 731|0x000000075b600000, 0x000000075b800000, 0x000000075b800000|100%| E|CS|TAMS 0x000000075b600000| PB 0x000000075b600000| Complete 
| 732|0x000000075b800000, 0x000000075ba00000, 0x000000075ba00000|100%| E|CS|TAMS 0x000000075b800000| PB 0x000000075b800000| Complete 
| 733|0x000000075ba00000, 0x000000075bc00000, 0x000000075bc00000|100%| E|CS|TAMS 0x000000075ba00000| PB 0x000000075ba00000| Complete 
| 734|0x000000075bc00000, 0x000000075be00000, 0x000000075be00000|100%| E|CS|TAMS 0x000000075bc00000| PB 0x000000075bc00000| Complete 
| 735|0x000000075be00000, 0x000000075c000000, 0x000000075c000000|100%| E|CS|TAMS 0x000000075be00000| PB 0x000000075be00000| Complete 
| 736|0x000000075c000000, 0x000000075c200000, 0x000000075c200000|100%| E|CS|TAMS 0x000000075c000000| PB 0x000000075c000000| Complete 
| 737|0x000000075c200000, 0x000000075c400000, 0x000000075c400000|100%| E|CS|TAMS 0x000000075c200000| PB 0x000000075c200000| Complete 
| 738|0x000000075c400000, 0x000000075c600000, 0x000000075c600000|100%| E|CS|TAMS 0x000000075c400000| PB 0x000000075c400000| Complete 
| 739|0x000000075c600000, 0x000000075c800000, 0x000000075c800000|100%| E|CS|TAMS 0x000000075c600000| PB 0x000000075c600000| Complete 
| 740|0x000000075c800000, 0x000000075ca00000, 0x000000075ca00000|100%| E|CS|TAMS 0x000000075c800000| PB 0x000000075c800000| Complete 
| 741|0x000000075ca00000, 0x000000075cc00000, 0x000000075cc00000|100%| E|CS|TAMS 0x000000075ca00000| PB 0x000000075ca00000| Complete 
| 742|0x000000075cc00000, 0x000000075ce00000, 0x000000075ce00000|100%| E|CS|TAMS 0x000000075cc00000| PB 0x000000075cc00000| Complete 
| 743|0x000000075ce00000, 0x000000075d000000, 0x000000075d000000|100%| E|CS|TAMS 0x000000075ce00000| PB 0x000000075ce00000| Complete 
| 744|0x000000075d000000, 0x000000075d200000, 0x000000075d200000|100%| E|CS|TAMS 0x000000075d000000| PB 0x000000075d000000| Complete 
| 745|0x000000075d200000, 0x000000075d400000, 0x000000075d400000|100%| E|CS|TAMS 0x000000075d200000| PB 0x000000075d200000| Complete 
| 746|0x000000075d400000, 0x000000075d600000, 0x000000075d600000|100%| E|CS|TAMS 0x000000075d400000| PB 0x000000075d400000| Complete 
| 747|0x000000075d600000, 0x000000075d6f6528, 0x000000075d800000| 48%| S|CS|TAMS 0x000000075d600000| PB 0x000000075d600000| Complete 
| 748|0x000000075d800000, 0x000000075da00000, 0x000000075da00000|100%| S|CS|TAMS 0x000000075d800000| PB 0x000000075d800000| Complete 
| 749|0x000000075da00000, 0x000000075dc00000, 0x000000075dc00000|100%| S|CS|TAMS 0x000000075da00000| PB 0x000000075da00000| Complete 
| 750|0x000000075dc00000, 0x000000075de00000, 0x000000075de00000|100%| S|CS|TAMS 0x000000075dc00000| PB 0x000000075dc00000| Complete 
| 751|0x000000075de00000, 0x000000075e000000, 0x000000075e000000|100%| S|CS|TAMS 0x000000075de00000| PB 0x000000075de00000| Complete 
| 752|0x000000075e000000, 0x000000075e200000, 0x000000075e200000|100%| S|CS|TAMS 0x000000075e000000| PB 0x000000075e000000| Complete 
| 753|0x000000075e200000, 0x000000075e400000, 0x000000075e400000|100%| E|CS|TAMS 0x000000075e200000| PB 0x000000075e200000| Complete 
| 754|0x000000075e400000, 0x000000075e600000, 0x000000075e600000|100%| E|CS|TAMS 0x000000075e400000| PB 0x000000075e400000| Complete 
| 755|0x000000075e600000, 0x000000075e800000, 0x000000075e800000|100%| E|CS|TAMS 0x000000075e600000| PB 0x000000075e600000| Complete 
| 756|0x000000075e800000, 0x000000075ea00000, 0x000000075ea00000|100%| E|CS|TAMS 0x000000075e800000| PB 0x000000075e800000| Complete 
| 757|0x000000075ea00000, 0x000000075ec00000, 0x000000075ec00000|100%| E|CS|TAMS 0x000000075ea00000| PB 0x000000075ea00000| Complete 
| 758|0x000000075ec00000, 0x000000075ee00000, 0x000000075ee00000|100%| E|CS|TAMS 0x000000075ec00000| PB 0x000000075ec00000| Complete 
| 759|0x000000075ee00000, 0x000000075f000000, 0x000000075f000000|100%| E|CS|TAMS 0x000000075ee00000| PB 0x000000075ee00000| Complete 
| 760|0x000000075f000000, 0x000000075f200000, 0x000000075f200000|100%| E|CS|TAMS 0x000000075f000000| PB 0x000000075f000000| Complete 
| 761|0x000000075f200000, 0x000000075f400000, 0x000000075f400000|100%| E|CS|TAMS 0x000000075f200000| PB 0x000000075f200000| Complete 
| 762|0x000000075f400000, 0x000000075f600000, 0x000000075f600000|100%| E|CS|TAMS 0x000000075f400000| PB 0x000000075f400000| Complete 
| 763|0x000000075f600000, 0x000000075f800000, 0x000000075f800000|100%| E|CS|TAMS 0x000000075f600000| PB 0x000000075f600000| Complete 
| 764|0x000000075f800000, 0x000000075fa00000, 0x000000075fa00000|100%| E|CS|TAMS 0x000000075f800000| PB 0x000000075f800000| Complete 
| 765|0x000000075fa00000, 0x000000075fc00000, 0x000000075fc00000|100%| E|CS|TAMS 0x000000075fa00000| PB 0x000000075fa00000| Complete 
| 774|0x0000000760c00000, 0x0000000760e00000, 0x0000000760e00000|100%| E|CS|TAMS 0x0000000760c00000| PB 0x0000000760c00000| Complete 
| 775|0x0000000760e00000, 0x0000000761000000, 0x0000000761000000|100%| E|CS|TAMS 0x0000000760e00000| PB 0x0000000760e00000| Complete 
|2029|0x00000007fda00000, 0x00000007fdc00000, 0x00000007fdc00000|100%| E|CS|TAMS 0x00000007fda00000| PB 0x00000007fda00000| Complete 
|2030|0x00000007fdc00000, 0x00000007fde00000, 0x00000007fde00000|100%| E|CS|TAMS 0x00000007fdc00000| PB 0x00000007fdc00000| Complete 
|2031|0x00000007fde00000, 0x00000007fe000000, 0x00000007fe000000|100%| E|CS|TAMS 0x00000007fde00000| PB 0x00000007fde00000| Complete 
|2032|0x00000007fe000000, 0x00000007fe200000, 0x00000007fe200000|100%| E|CS|TAMS 0x00000007fe000000| PB 0x00000007fe000000| Complete 
|2033|0x00000007fe200000, 0x00000007fe400000, 0x00000007fe400000|100%| E|CS|TAMS 0x00000007fe200000| PB 0x00000007fe200000| Complete 
|2034|0x00000007fe400000, 0x00000007fe600000, 0x00000007fe600000|100%| O|  |TAMS 0x00000007fe400000| PB 0x00000007fe400000| Untracked 
|2035|0x00000007fe600000, 0x00000007fe800000, 0x00000007fe800000|100%| E|CS|TAMS 0x00000007fe600000| PB 0x00000007fe600000| Complete 
|2036|0x00000007fe800000, 0x00000007fea00000, 0x00000007fea00000|100%| E|CS|TAMS 0x00000007fe800000| PB 0x00000007fe800000| Complete 
|2037|0x00000007fea00000, 0x00000007fec00000, 0x00000007fec00000|100%| E|CS|TAMS 0x00000007fea00000| PB 0x00000007fea00000| Complete 
|2038|0x00000007fec00000, 0x00000007fee00000, 0x00000007fee00000|100%| E|CS|TAMS 0x00000007fec00000| PB 0x00000007fec00000| Complete 
|2039|0x00000007fee00000, 0x00000007ff000000, 0x00000007ff000000|100%| E|CS|TAMS 0x00000007fee00000| PB 0x00000007fee00000| Complete 
|2040|0x00000007ff000000, 0x00000007ff200000, 0x00000007ff200000|100%| E|CS|TAMS 0x00000007ff000000| PB 0x00000007ff000000| Complete 
|2041|0x00000007ff200000, 0x00000007ff400000, 0x00000007ff400000|100%| E|CS|TAMS 0x00000007ff200000| PB 0x00000007ff200000| Complete 
|2042|0x00000007ff400000, 0x00000007ff600000, 0x00000007ff600000|100%| E|CS|TAMS 0x00000007ff400000| PB 0x00000007ff400000| Complete 
|2043|0x00000007ff600000, 0x00000007ff800000, 0x00000007ff800000|100%| E|CS|TAMS 0x00000007ff600000| PB 0x00000007ff600000| Complete 
|2044|0x00000007ff800000, 0x00000007ffa00000, 0x00000007ffa00000|100%| E|CS|TAMS 0x00000007ff800000| PB 0x00000007ff800000| Complete 
|2045|0x00000007ffa00000, 0x00000007ffc00000, 0x00000007ffc00000|100%| O|  |TAMS 0x00000007ffa00000| PB 0x00000007ffa00000| Untracked 
|2046|0x00000007ffc00000, 0x00000007ffe00000, 0x00000007ffe00000|100%| O|  |TAMS 0x00000007ffc00000| PB 0x00000007ffc00000| Untracked 
|2047|0x00000007ffe00000, 0x0000000800000000, 0x0000000800000000|100%| O|  |TAMS 0x00000007ffe00000| PB 0x00000007ffe00000| Untracked 

Card table byte_map: [0x000002cd64410000,0x000002cd64c10000] _byte_map_base: 0x000002cd60c10000

Marking Bits: (CMBitMap*) 0x000002cd517d6850
 Bits: [0x000002cd64c10000, 0x000002cd68c10000)

Polling page: 0x000002cd4f700000

Metaspace:

Usage:
  Non-class:    229.53 MB used.
      Class:     31.80 MB used.
       Both:    261.34 MB used.

Virtual space:
  Non-class space:      384.00 MB reserved,     230.31 MB ( 60%) committed,  6 nodes.
      Class space:        1.00 GB reserved,      32.62 MB (  3%) committed,  1 nodes.
             Both:        1.38 GB reserved,     262.94 MB ( 19%) committed. 

Chunk freelists:
   Non-Class:  121.37 MB
       Class:  15.42 MB
        Both:  136.79 MB

MaxMetaspaceSize: unlimited
CompressedClassSpaceSize: 1.00 GB
Initial GC threshold: 21.00 MB
Current GC threshold: 635.44 MB
CDS: off
 - commit_granule_bytes: 65536.
 - commit_granule_words: 8192.
 - virtual_space_node_default_size: 8388608.
 - enlarge_chunks_in_place: 1.
 - use_allocation_guard: 0.


Internal statistics:

num_allocs_failed_limit: 9.
num_arena_births: 5516.
num_arena_deaths: 2344.
num_vsnodes_births: 7.
num_vsnodes_deaths: 0.
num_space_committed: 8638.
num_space_uncommitted: 717.
num_chunks_returned_to_freelist: 13184.
num_chunks_taken_from_freelist: 28385.
num_chunk_merges: 5416.
num_chunk_splits: 20582.
num_chunks_enlarged: 16725.
num_inconsistent_stats: 0.

CodeHeap 'non-profiled nmethods': size=120000Kb used=14398Kb max_used=30844Kb free=105601Kb
 bounds [0x000002cd5c3b0000, 0x000002cd5e250000, 0x000002cd638e0000]
CodeHeap 'profiled nmethods': size=120000Kb used=65457Kb max_used=90734Kb free=54542Kb
 bounds [0x000002cd548e0000, 0x000002cd5a190000, 0x000002cd5be10000]
CodeHeap 'non-nmethods': size=5760Kb used=2503Kb max_used=2670Kb free=3256Kb
 bounds [0x000002cd5be10000, 0x000002cd5c0c0000, 0x000002cd5c3b0000]
CodeCache: size=245760Kb, used=82358Kb, max_used=124248Kb, free=163399Kb
 total_blobs=20327, nmethods=19011, adapters=1213, full_count=0
Compilation: enabled, stopped_count=0, restarted_count=0

Compilation events (20 events):
Event: 3677.731 Thread 0x000002cd6b8345e0 nmethod 166497 0x000002cd5a098690 code [0x000002cd5a0989c0, 0x000002cd5a0993c8]
Event: 3677.731 Thread 0x000002cd6b8345e0 166508       3       org.jetbrains.kotlin.ir.inline.InlineCallableReferenceToLambdaPhase::visitDeclaration (10 bytes)
Event: 3677.732 Thread 0x000002cd6b8345e0 nmethod 166508 0x000002cd55aa9e10 code [0x000002cd55aaa0e0, 0x000002cd55aab0f8]
Event: 3677.732 Thread 0x000002cd6b8345e0 166503       2       org.jetbrains.kotlin.backend.common.lower.InventNamesForLocalClasses$NameBuilder::getEnclosingName (153 bytes)
Event: 3677.732 Thread 0x000002cd6b8345e0 nmethod 166503 0x000002cd566c1c90 code [0x000002cd566c1f00, 0x000002cd566c2630]
Event: 3677.732 Thread 0x000002cd6b8345e0 166485       3       org.jetbrains.kotlin.backend.common.lower.SpecialBridgeMethods::findSpecialWithOverride (103 bytes)
Event: 3677.733 Thread 0x000002cd6b8345e0 nmethod 166485 0x000002cd56566c10 code [0x000002cd56566f00, 0x000002cd56567f20]
Event: 3677.733 Thread 0x000002cd6b8345e0 166499       2       org.jetbrains.kotlin.backend.common.lower.InventNamesForLocalClasses$NameInventor::visitValueParameter (13 bytes)
Event: 3677.733 Thread 0x000002cd6b8345e0 nmethod 166499 0x000002cd59e42e90 code [0x000002cd59e43040, 0x000002cd59e431a0]
Event: 3677.733 Thread 0x000002cd6b8345e0 166500       2       org.jetbrains.kotlin.backend.common.lower.InventNamesForLocalClasses$NameInventor::visitValueParameter (31 bytes)
Event: 3677.734 Thread 0x000002cd6b8345e0 nmethod 166500 0x000002cd567bf990 code [0x000002cd567bfc40, 0x000002cd567c03d0]
Event: 3677.734 Thread 0x000002cd6b8345e0 166502       2       org.jetbrains.kotlin.backend.common.lower.InventNamesForLocalClasses$NameBuilder::build (5 bytes)
Event: 3677.735 Thread 0x000002cd6b8345e0 nmethod 166502 0x000002cd59d3d710 code [0x000002cd59d3d8c0, 0x000002cd59d3d9e0]
Event: 3677.735 Thread 0x000002cd6b8345e0 166505       2       org.jetbrains.kotlin.backend.common.lower.InventNamesForLocalClasses$NameBuilder::<init> (78 bytes)
Event: 3677.735 Thread 0x000002cd6b8345e0 nmethod 166505 0x000002cd58fca410 code [0x000002cd58fca5c0, 0x000002cd58fca760]
Event: 3677.735 Thread 0x000002cd6b8345e0 166506       2       org.jetbrains.kotlin.backend.common.lower.InventNamesForLocalClasses$NameBuilder::append (22 bytes)
Event: 3677.735 Thread 0x000002cd6b8345e0 nmethod 166506 0x000002cd56388c10 code [0x000002cd56388e00, 0x000002cd56389188]
Event: 3677.735 Thread 0x000002cd6b8345e0 166491       3       org.jetbrains.kotlin.backend.jvm.JvmIrTypeSystemContext::typeConstructor (6 bytes)
Event: 3677.735 Thread 0x000002cd6b8345e0 nmethod 166491 0x000002cd59e16110 code [0x000002cd59e162c0, 0x000002cd59e163f8]
Event: 3677.735 Thread 0x000002cd6b8345e0 166488       3       org.jetbrains.kotlin.backend.jvm.lower.JvmSafeCallChainFoldingLowering$Transformer::visitCall (510 bytes)

GC Heap History (20 events):
Event: 3611.867 GC heap before
{Heap before GC invocations=175 (full 0):
 garbage-first heap   total 1611776K, used 518144K [0x0000000700000000, 0x0000000800000000)
  region size 2048K, 40 young (81920K), 23 survivors (47104K)
 Metaspace       used 290582K, committed 295872K, reserved 1441792K
  class space    used 35768K, committed 37696K, reserved 1048576K
}
Event: 3612.093 GC heap after
{Heap after GC invocations=176 (full 0):
 garbage-first heap   total 1611776K, used 489472K [0x0000000700000000, 0x0000000800000000)
  region size 2048K, 4 young (8192K), 4 survivors (8192K)
 Metaspace       used 290582K, committed 295872K, reserved 1441792K
  class space    used 35768K, committed 37696K, reserved 1048576K
}
Event: 3621.745 GC heap before
{Heap before GC invocations=177 (full 0):
 garbage-first heap   total 1611776K, used 610304K [0x0000000700000000, 0x0000000800000000)
  region size 2048K, 64 young (131072K), 4 survivors (8192K)
 Metaspace       used 297703K, committed 299712K, reserved 1441792K
  class space    used 36543K, committed 37760K, reserved 1048576K
}
Event: 3621.828 GC heap after
{Heap after GC invocations=178 (full 0):
 garbage-first heap   total 1611776K, used 516096K [0x0000000700000000, 0x0000000800000000)
  region size 2048K, 8 young (16384K), 8 survivors (16384K)
 Metaspace       used 297703K, committed 299712K, reserved 1441792K
  class space    used 36543K, committed 37760K, reserved 1048576K
}
Event: 3626.243 GC heap before
{Heap before GC invocations=178 (full 0):
 garbage-first heap   total 1611776K, used 602112K [0x0000000700000000, 0x0000000800000000)
  region size 2048K, 51 young (104448K), 8 survivors (16384K)
 Metaspace       used 301109K, committed 302976K, reserved 1441792K
  class space    used 36809K, committed 37888K, reserved 1048576K
}
Event: 3626.287 GC heap after
{Heap after GC invocations=179 (full 0):
 garbage-first heap   total 1611776K, used 535085K [0x0000000700000000, 0x0000000800000000)
  region size 2048K, 16 young (32768K), 16 survivors (32768K)
 Metaspace       used 301109K, committed 302976K, reserved 1441792K
  class space    used 36809K, committed 37888K, reserved 1048576K
}
Event: 3630.290 GC heap before
{Heap before GC invocations=180 (full 0):
 garbage-first heap   total 1611776K, used 600621K [0x0000000700000000, 0x0000000800000000)
  region size 2048K, 64 young (131072K), 16 survivors (32768K)
 Metaspace       used 240126K, committed 243584K, reserved 1441792K
  class space    used 30054K, committed 31488K, reserved 1048576K
}
Event: 3630.377 GC heap after
{Heap after GC invocations=181 (full 0):
 garbage-first heap   total 1611776K, used 517514K [0x0000000700000000, 0x0000000800000000)
  region size 2048K, 7 young (14336K), 7 survivors (14336K)
 Metaspace       used 240126K, committed 243584K, reserved 1441792K
  class space    used 30054K, committed 31488K, reserved 1048576K
}
Event: 3640.714 GC heap before
{Heap before GC invocations=181 (full 0):
 garbage-first heap   total 1611776K, used 867722K [0x0000000700000000, 0x0000000800000000)
  region size 2048K, 178 young (364544K), 7 survivors (14336K)
 Metaspace       used 243750K, committed 245568K, reserved 1441792K
  class space    used 30434K, committed 31488K, reserved 1048576K
}
Event: 3641.018 GC heap after
{Heap after GC invocations=182 (full 0):
 garbage-first heap   total 1611776K, used 536452K [0x0000000700000000, 0x0000000800000000)
  region size 2048K, 23 young (47104K), 23 survivors (47104K)
 Metaspace       used 243750K, committed 245568K, reserved 1441792K
  class space    used 30434K, committed 31488K, reserved 1048576K
}
Event: 3641.787 GC heap before
{Heap before GC invocations=182 (full 0):
 garbage-first heap   total 1611776K, used 569220K [0x0000000700000000, 0x0000000800000000)
  region size 2048K, 39 young (79872K), 23 survivors (47104K)
 Metaspace       used 243850K, committed 245696K, reserved 1441792K
  class space    used 30437K, committed 31488K, reserved 1048576K
}
Event: 3641.913 GC heap after
{Heap after GC invocations=183 (full 0):
 garbage-first heap   total 1611776K, used 520479K [0x0000000700000000, 0x0000000800000000)
  region size 2048K, 4 young (8192K), 4 survivors (8192K)
 Metaspace       used 243850K, committed 245696K, reserved 1441792K
  class space    used 30437K, committed 31488K, reserved 1048576K
}
Event: 3646.201 GC heap before
{Heap before GC invocations=183 (full 0):
 garbage-first heap   total 1611776K, used 776479K [0x0000000700000000, 0x0000000800000000)
  region size 2048K, 129 young (264192K), 4 survivors (8192K)
 Metaspace       used 244246K, committed 246080K, reserved 1441792K
  class space    used 30464K, committed 31552K, reserved 1048576K
}
Event: 3646.233 GC heap after
{Heap after GC invocations=184 (full 0):
 garbage-first heap   total 1611776K, used 516160K [0x0000000700000000, 0x0000000800000000)
  region size 2048K, 12 young (24576K), 12 survivors (24576K)
 Metaspace       used 244246K, committed 246080K, reserved 1441792K
  class space    used 30464K, committed 31552K, reserved 1048576K
}
Event: 3650.210 GC heap before
{Heap before GC invocations=184 (full 0):
 garbage-first heap   total 1611776K, used 614464K [0x0000000700000000, 0x0000000800000000)
  region size 2048K, 61 young (124928K), 12 survivors (24576K)
 Metaspace       used 248247K, committed 249856K, reserved 1441792K
  class space    used 30891K, committed 31744K, reserved 1048576K
}
Event: 3650.288 GC heap after
{Heap after GC invocations=185 (full 0):
 garbage-first heap   total 1611776K, used 523777K [0x0000000700000000, 0x0000000800000000)
  region size 2048K, 4 young (8192K), 4 survivors (8192K)
 Metaspace       used 248247K, committed 249856K, reserved 1441792K
  class space    used 30891K, committed 31744K, reserved 1048576K
}
Event: 3665.007 GC heap before
{Heap before GC invocations=186 (full 0):
 garbage-first heap   total 1611776K, used 898561K [0x0000000700000000, 0x0000000800000000)
  region size 2048K, 191 young (391168K), 4 survivors (8192K)
 Metaspace       used 259738K, committed 261440K, reserved 1441792K
  class space    used 31783K, committed 32640K, reserved 1048576K
}
Event: 3665.162 GC heap after
{Heap after GC invocations=187 (full 0):
 garbage-first heap   total 1611776K, used 563754K [0x0000000700000000, 0x0000000800000000)
  region size 2048K, 27 young (55296K), 27 survivors (55296K)
 Metaspace       used 259738K, committed 261440K, reserved 1441792K
  class space    used 31783K, committed 32640K, reserved 1048576K
}
Event: 3670.217 GC heap before
{Heap before GC invocations=188 (full 0):
 garbage-first heap   total 1611776K, used 625194K [0x0000000700000000, 0x0000000800000000)
  region size 2048K, 57 young (116736K), 27 survivors (55296K)
 Metaspace       used 260901K, committed 262528K, reserved 1441792K
  class space    used 31887K, committed 32704K, reserved 1048576K
}
Event: 3670.428 GC heap after
{Heap after GC invocations=189 (full 0):
 garbage-first heap   total 1611776K, used 572836K [0x0000000700000000, 0x0000000800000000)
  region size 2048K, 6 young (12288K), 6 survivors (12288K)
 Metaspace       used 260901K, committed 262528K, reserved 1441792K
  class space    used 31887K, committed 32704K, reserved 1048576K
}

Dll operation events (7 events):
Event: 0.059 Loaded shared library D:\Android Studio\jbr\bin\java.dll
Event: 0.098 Loaded shared library D:\Android Studio\jbr\bin\zip.dll
Event: 3.337 Loaded shared library D:\Android Studio\jbr\bin\verify.dll
Event: 51.449 Unloaded dll "C:\Users\CCCccc\AppData\Local\Temp\sqlite-3.41.2.2-536630e3-2810-491a-b3f9-34d0cc833e15-sqlitejdbc.dll" [0x00007ffc2f750000]
Event: 2908.058 Unloaded dll "C:\Users\CCCccc\AppData\Local\Temp\sqlite-3.41.2.2-dc91c45f-5998-49da-9eb8-e933b461a89f-sqlitejdbc.dll" [0x00007ffc48050000]
Event: 3258.030 Unloaded dll "C:\Users\CCCccc\AppData\Local\Temp\sqlite-3.41.2.2-3560a7a9-12b4-45e8-842f-338848985347-sqlitejdbc.dll" [0x00007ffc48050000]
Event: 3627.527 Unloaded dll "C:\Users\CCCccc\AppData\Local\Temp\sqlite-3.41.2.2-457d7d03-7a74-4ba2-a877-d3549ae5f79c-sqlitejdbc.dll" [0x00007ffc48050000]

Deoptimization events (20 events):
Event: 3677.687 Thread 0x000002cd0b137d30 Uncommon trap: trap_request=0xffffff66 fr.pc=0x000002cd5d2cb69c relative=0x0000000000000e7c
Event: 3677.687 Thread 0x000002cd0b137d30 Uncommon trap: reason=speculate_class_check action=maybe_recompile pc=0x000002cd5d2cb69c method=org.jetbrains.kotlin.ir.expressions.IrExpression.transform(Lorg/jetbrains/kotlin/ir/visitors/IrTransformer;Ljava/lang/Object;)Lorg/jetbrains/kotlin/ir/expressi
Event: 3677.687 Thread 0x000002cd0b137d30 DEOPT PACKING pc=0x000002cd5d2cb69c sp=0x000000f7c4dfcff0
Event: 3677.687 Thread 0x000002cd0b137d30 DEOPT UNPACKING pc=0x000002cd5be64422 sp=0x000000f7c4dfcec0 mode 2
Event: 3677.687 Thread 0x000002cd0b137d30 Uncommon trap: trap_request=0xffffff66 fr.pc=0x000002cd5d2cb69c relative=0x0000000000000e7c
Event: 3677.687 Thread 0x000002cd0b137d30 Uncommon trap: reason=speculate_class_check action=maybe_recompile pc=0x000002cd5d2cb69c method=org.jetbrains.kotlin.ir.expressions.IrExpression.transform(Lorg/jetbrains/kotlin/ir/visitors/IrTransformer;Ljava/lang/Object;)Lorg/jetbrains/kotlin/ir/expressi
Event: 3677.687 Thread 0x000002cd0b137d30 DEOPT PACKING pc=0x000002cd5d2cb69c sp=0x000000f7c4dfcff0
Event: 3677.687 Thread 0x000002cd0b137d30 DEOPT UNPACKING pc=0x000002cd5be64422 sp=0x000000f7c4dfcec0 mode 2
Event: 3677.687 Thread 0x000002cd0b137d30 Uncommon trap: trap_request=0xffffff66 fr.pc=0x000002cd5d2cb69c relative=0x0000000000000e7c
Event: 3677.687 Thread 0x000002cd0b137d30 Uncommon trap: reason=speculate_class_check action=maybe_recompile pc=0x000002cd5d2cb69c method=org.jetbrains.kotlin.ir.expressions.IrExpression.transform(Lorg/jetbrains/kotlin/ir/visitors/IrTransformer;Ljava/lang/Object;)Lorg/jetbrains/kotlin/ir/expressi
Event: 3677.687 Thread 0x000002cd0b137d30 DEOPT PACKING pc=0x000002cd5d2cb69c sp=0x000000f7c4dfcff0
Event: 3677.688 Thread 0x000002cd0b137d30 DEOPT UNPACKING pc=0x000002cd5be64422 sp=0x000000f7c4dfcec0 mode 2
Event: 3677.731 Thread 0x000002cd0b137d30 Uncommon trap: trap_request=0xffffff45 fr.pc=0x000002cd5cbbea98 relative=0x0000000000000178
Event: 3677.731 Thread 0x000002cd0b137d30 Uncommon trap: reason=unstable_if action=reinterpret pc=0x000002cd5cbbea98 method=org.jetbrains.kotlin.ir.declarations.IrValueParameter.set_kind$ir_tree(Lorg/jetbrains/kotlin/ir/declarations/IrParameterKind;)V @ 23 c2
Event: 3677.731 Thread 0x000002cd0b137d30 DEOPT PACKING pc=0x000002cd5cbbea98 sp=0x000000f7c4dfa860
Event: 3677.731 Thread 0x000002cd0b137d30 DEOPT UNPACKING pc=0x000002cd5be64422 sp=0x000000f7c4dfa7f8 mode 2
Event: 3677.735 Thread 0x000002cd0b137d30 Uncommon trap: trap_request=0xffffff45 fr.pc=0x000002cd5cdeaa20 relative=0x0000000000000180
Event: 3677.735 Thread 0x000002cd0b137d30 Uncommon trap: reason=unstable_if action=reinterpret pc=0x000002cd5cdeaa20 method=kotlin.text.StringsKt__StringsKt.substringAfterLast(Ljava/lang/String;CLjava/lang/String;)Ljava/lang/String; @ 29 c2
Event: 3677.735 Thread 0x000002cd0b137d30 DEOPT PACKING pc=0x000002cd5cdeaa20 sp=0x000000f7c4dfad30
Event: 3677.735 Thread 0x000002cd0b137d30 DEOPT UNPACKING pc=0x000002cd5be64422 sp=0x000000f7c4dfaca0 mode 2

Classes loaded (20 events):
Event: 146.727 Loading class java/time/LocalDate$1
Event: 146.727 Loading class java/time/LocalDate$1 done
Event: 147.048 Loading class java/util/concurrent/CompletableFuture$AsyncRun
Event: 147.050 Loading class java/util/concurrent/CompletableFuture$AsyncRun done
Event: 147.387 Loading class java/util/concurrent/CompletableFuture$Signaller
Event: 147.387 Loading class java/util/concurrent/CompletableFuture$Signaller done
Event: 149.486 Loading class jdk/internal/math/FormattedFPDecimal
Event: 151.333 Loading class jdk/internal/math/FormattedFPDecimal done
Event: 2988.196 Loading class java/util/concurrent/atomic/Striped64$Cell
Event: 2988.232 Loading class java/util/concurrent/atomic/Striped64$Cell done
Event: 3226.095 Loading class jdk/internal/math/FloatToDecimal
Event: 3226.145 Loading class jdk/internal/math/FloatToDecimal done
Event: 3285.557 Loading class java/util/logging/LogRecord
Event: 3285.564 Loading class java/util/logging/LogRecord done
Event: 3286.393 Loading class java/lang/Throwable$PrintStreamOrWriter
Event: 3286.395 Loading class java/lang/Throwable$PrintStreamOrWriter done
Event: 3286.507 Loading class java/util/Collections$EmptyListIterator
Event: 3286.508 Loading class java/util/Collections$EmptyListIterator done
Event: 3286.670 Loading class java/net/UrlDeserializedState
Event: 3286.670 Loading class java/net/UrlDeserializedState done

Classes unloaded (20 events):
Event: 3666.467 Thread 0x000002cd6b5e1370 Unloading class 0x0000000801ce2000 'java/lang/invoke/LambdaForm$MH+0x0000000801ce2000'
Event: 3666.467 Thread 0x000002cd6b5e1370 Unloading class 0x0000000801ce1c00 'java/lang/invoke/LambdaForm$MH+0x0000000801ce1c00'
Event: 3666.467 Thread 0x000002cd6b5e1370 Unloading class 0x0000000801ce1800 'java/lang/invoke/LambdaForm$MH+0x0000000801ce1800'
Event: 3666.467 Thread 0x000002cd6b5e1370 Unloading class 0x0000000801ce1400 'java/lang/invoke/LambdaForm$MH+0x0000000801ce1400'
Event: 3666.467 Thread 0x000002cd6b5e1370 Unloading class 0x0000000801ce0800 'java/lang/invoke/LambdaForm$MH+0x0000000801ce0800'
Event: 3666.467 Thread 0x000002cd6b5e1370 Unloading class 0x0000000801ce0400 'java/lang/invoke/LambdaForm$MH+0x0000000801ce0400'
Event: 3666.467 Thread 0x000002cd6b5e1370 Unloading class 0x0000000801ce0000 'java/lang/invoke/LambdaForm$MH+0x0000000801ce0000'
Event: 3666.467 Thread 0x000002cd6b5e1370 Unloading class 0x0000000801cb4c00 'java/lang/invoke/LambdaForm$MH+0x0000000801cb4c00'
Event: 3666.467 Thread 0x000002cd6b5e1370 Unloading class 0x0000000801cb4400 'java/lang/invoke/LambdaForm$MH+0x0000000801cb4400'
Event: 3666.467 Thread 0x000002cd6b5e1370 Unloading class 0x0000000801cb4000 'java/lang/invoke/LambdaForm$MH+0x0000000801cb4000'
Event: 3666.468 Thread 0x000002cd6b5e1370 Unloading class 0x0000000800c45c00 'java/lang/invoke/LambdaForm$MH+0x0000000800c45c00'
Event: 3666.468 Thread 0x000002cd6b5e1370 Unloading class 0x00000008005b1800 'java/lang/invoke/LambdaForm$MH+0x00000008005b1800'
Event: 3666.468 Thread 0x000002cd6b5e1370 Unloading class 0x00000008005b1400 'java/lang/invoke/LambdaForm$MH+0x00000008005b1400'
Event: 3666.468 Thread 0x000002cd6b5e1370 Unloading class 0x00000008005b1000 'java/lang/invoke/LambdaForm$MH+0x00000008005b1000'
Event: 3666.468 Thread 0x000002cd6b5e1370 Unloading class 0x0000000800368c00 'java/lang/invoke/LambdaForm$MH+0x0000000800368c00'
Event: 3666.468 Thread 0x000002cd6b5e1370 Unloading class 0x00000008001e0400 'java/lang/invoke/LambdaForm$MH+0x00000008001e0400'
Event: 3666.468 Thread 0x000002cd6b5e1370 Unloading class 0x00000008001e0000 'java/lang/invoke/LambdaForm$MH+0x00000008001e0000'
Event: 3666.468 Thread 0x000002cd6b5e1370 Unloading class 0x00000008001dbc00 'java/lang/invoke/LambdaForm$MH+0x00000008001dbc00'
Event: 3666.469 Thread 0x000002cd6b5e1370 Unloading class 0x0000000800185400 'java/lang/invoke/LambdaForm$MH+0x0000000800185400'
Event: 3666.469 Thread 0x000002cd6b5e1370 Unloading class 0x0000000800185000 'java/lang/invoke/LambdaForm$MH+0x0000000800185000'

Classes redefined (0 events):
No events

Internal exceptions (20 events):
Event: 3606.819 Thread 0x000002cd0b137d30 Implicit null exception at 0x000002cd5dc98d20 to 0x000002cd5dca2e70
Event: 3606.819 Thread 0x000002cd0b137d30 Implicit null exception at 0x000002cd5dc98d20 to 0x000002cd5dca2e70
Event: 3606.819 Thread 0x000002cd0b137d30 Implicit null exception at 0x000002cd5dc98d20 to 0x000002cd5dca2e70
Event: 3607.298 Thread 0x000002cd71a4f0d0 Exception <a 'sun/nio/fs/WindowsException'{0x000000075eade298}> (0x000000075eade298) 
thrown [s\src\hotspot\share\prims\jni.cpp, line 537]
Event: 3617.315 Thread 0x000002cd71a4f0d0 Exception <a 'sun/nio/fs/WindowsException'{0x000000075e83e458}> (0x000000075e83e458) 
thrown [s\src\hotspot\share\prims\jni.cpp, line 537]
Event: 3627.531 Thread 0x000002cd71a4f0d0 Exception <a 'sun/nio/fs/WindowsException'{0x00000007ff533e78}> (0x00000007ff533e78) 
thrown [s\src\hotspot\share\prims\jni.cpp, line 537]
Event: 3635.096 Thread 0x000002cd0b137d30 Implicit null exception at 0x000002cd5cc00fa8 to 0x000002cd5cc011f4
Event: 3637.380 Thread 0x000002cd71a4f0d0 Exception <a 'sun/nio/fs/WindowsException'{0x0000000751d19bf8}> (0x0000000751d19bf8) 
thrown [s\src\hotspot\share\prims\jni.cpp, line 537]
Event: 3647.308 Thread 0x000002cd71a4f0d0 Exception <a 'sun/nio/fs/WindowsException'{0x000000075f385100}> (0x000000075f385100) 
thrown [s\src\hotspot\share\prims\jni.cpp, line 537]
Event: 3649.376 Thread 0x000002cd0b137d30 Implicit null exception at 0x000002cd5d640a51 to 0x000002cd5d640d00
Event: 3649.378 Thread 0x000002cd0b137d30 Implicit null exception at 0x000002cd5c4b4569 to 0x000002cd5c4b470c
Event: 3657.206 Thread 0x000002cd71a4f0d0 Exception <a 'sun/nio/fs/WindowsException'{0x0000000755530560}> (0x0000000755530560) 
thrown [s\src\hotspot\share\prims\jni.cpp, line 537]
Event: 3660.967 Thread 0x000002cd0b137d30 Implicit null exception at 0x000002cd5cbea703 to 0x000002cd5cbea8fc
Event: 3662.212 Thread 0x000002cd0b137d30 Implicit null exception at 0x000002cd5dee7b77 to 0x000002cd5dee8204
Event: 3668.117 Thread 0x000002cd71a4f0d0 Exception <a 'sun/nio/fs/WindowsException'{0x0000000760f63130}> (0x0000000760f63130) 
thrown [s\src\hotspot\share\prims\jni.cpp, line 537]
Event: 3674.131 Thread 0x000002cd0b137d30 Implicit null exception at 0x000002cd5c441c71 to 0x000002cd5c4420fc
Event: 3675.777 Thread 0x000002cd0b137d30 Exception <a 'java/lang/NoSuchMethodError'{0x00000007585cf2c8}: 'java.lang.Object java.lang.invoke.DirectMethodHandle$Holder.newInvokeSpecial(java.lang.Object, int, java.lang.Object, int, int)'> (0x00000007585cf2c8) 
thrown [s\src\hotspot\share\interpreter\linkResolver.cpp, line 784]
Event: 3676.205 Thread 0x000002cd0b137d30 Implicit null exception at 0x000002cd5cedec91 to 0x000002cd5cedf51c
Event: 3677.220 Thread 0x000002cd71a4f0d0 Exception <a 'sun/nio/fs/WindowsException'{0x0000000756132418}> (0x0000000756132418) 
thrown [s\src\hotspot\share\prims\jni.cpp, line 537]
Event: 3677.738 Thread 0x000002cd0b137d30 Exception <a 'java/lang/NoSuchMethodError'{0x00000007557927e8}: 'java.lang.Object java.lang.invoke.DirectMethodHandle$Holder.newInvokeSpecial(java.lang.Object, java.lang.Object, java.lang.Object, java.lang.Object, int, int, int, java.lang.Object)'> (0x00000007557927e8) 
thrown [s\src\hotspot\share\interpreter\linkResolver.cpp, line 784]

ZGC Phase Switch (0 events):
No events

VM Operations (20 events):
Event: 3677.022 Executing non-safepoint VM operation: HandshakeAllThreads (Deoptimize)
Event: 3677.022 Executing non-safepoint VM operation: HandshakeAllThreads (Deoptimize) done
Event: 3677.124 Executing non-safepoint VM operation: HandshakeAllThreads (Deoptimize)
Event: 3677.125 Executing non-safepoint VM operation: HandshakeAllThreads (Deoptimize) done
Event: 3677.224 Executing non-safepoint VM operation: HandshakeAllThreads (Deoptimize)
Event: 3677.224 Executing non-safepoint VM operation: HandshakeAllThreads (Deoptimize) done
Event: 3677.239 Executing safepoint VM operation: ICBufferFull
Event: 3677.240 Executing safepoint VM operation: ICBufferFull done
Event: 3677.283 Executing non-safepoint VM operation: HandshakeAllThreads (Deoptimize)
Event: 3677.283 Executing non-safepoint VM operation: HandshakeAllThreads (Deoptimize) done
Event: 3677.328 Executing non-safepoint VM operation: HandshakeAllThreads (Deoptimize)
Event: 3677.329 Executing non-safepoint VM operation: HandshakeAllThreads (Deoptimize) done
Event: 3677.341 Executing non-safepoint VM operation: HandshakeAllThreads (Deoptimize)
Event: 3677.341 Executing non-safepoint VM operation: HandshakeAllThreads (Deoptimize) done
Event: 3677.373 Executing non-safepoint VM operation: HandshakeAllThreads (Deoptimize)
Event: 3677.373 Executing non-safepoint VM operation: HandshakeAllThreads (Deoptimize) done
Event: 3677.515 Executing safepoint VM operation: ICBufferFull
Event: 3677.515 Executing safepoint VM operation: ICBufferFull done
Event: 3677.674 Executing safepoint VM operation: ICBufferFull
Event: 3677.674 Executing safepoint VM operation: ICBufferFull done

Memory protections (0 events):
No events

Nmethod flushes (20 events):
Event: 3667.669 Thread 0x000002cd6b5e1370 flushing  nmethod 0x000002cd5a003810
Event: 3667.669 Thread 0x000002cd6b5e1370 flushing  nmethod 0x000002cd5a005790
Event: 3667.669 Thread 0x000002cd6b5e1370 flushing  nmethod 0x000002cd5a005f90
Event: 3667.669 Thread 0x000002cd6b5e1370 flushing  nmethod 0x000002cd5a006490
Event: 3667.669 Thread 0x000002cd6b5e1370 flushing  nmethod 0x000002cd5a008990
Event: 3667.669 Thread 0x000002cd6b5e1370 flushing  nmethod 0x000002cd5a00a190
Event: 3667.669 Thread 0x000002cd6b5e1370 flushing  nmethod 0x000002cd5a00c610
Event: 3667.669 Thread 0x000002cd6b5e1370 flushing  nmethod 0x000002cd5a00ca10
Event: 3667.669 Thread 0x000002cd6b5e1370 flushing  nmethod 0x000002cd5a025690
Event: 3667.669 Thread 0x000002cd6b5e1370 flushing  nmethod 0x000002cd5a025e90
Event: 3667.669 Thread 0x000002cd6b5e1370 flushing  nmethod 0x000002cd5a026490
Event: 3667.669 Thread 0x000002cd6b5e1370 flushing  nmethod 0x000002cd5a027390
Event: 3667.669 Thread 0x000002cd6b5e1370 flushing  nmethod 0x000002cd5a029610
Event: 3667.669 Thread 0x000002cd6b5e1370 flushing  nmethod 0x000002cd5a02ac10
Event: 3667.669 Thread 0x000002cd6b5e1370 flushing  nmethod 0x000002cd5a02cc10
Event: 3667.669 Thread 0x000002cd6b5e1370 flushing  nmethod 0x000002cd5a02eb10
Event: 3667.669 Thread 0x000002cd6b5e1370 flushing  nmethod 0x000002cd5a0abb10
Event: 3667.669 Thread 0x000002cd6b5e1370 flushing  nmethod 0x000002cd5a0abf90
Event: 3667.669 Thread 0x000002cd6b5e1370 flushing  nmethod 0x000002cd5a0ad190
Event: 3667.669 Thread 0x000002cd6b5e1370 flushing  nmethod 0x000002cd5a0ae190

Events (20 events):
Event: 3587.753 Thread 0x000002cd0a0ce910 Thread added: 0x000002cd0a2dbae0
Event: 3587.761 Thread 0x000002cd0a0ce910 Thread added: 0x000002cd0a2dce90
Event: 3587.763 Thread 0x000002cd0a0ce910 Thread added: 0x000002cd0a2dc170
Event: 3587.776 Thread 0x000002cd0a2dadc0 Thread exited: 0x000002cd0a2dadc0
Event: 3588.286 Thread 0x000002cd0a0ce910 Thread added: 0x000002cd0a2ddbb0
Event: 3588.289 Thread 0x000002cd0a2ddbb0 Thread added: 0x000002cd13510490
Event: 3588.289 Thread 0x000002cd0a2ddbb0 Thread added: 0x000002cd1350dd30
Event: 3588.290 Thread 0x000002cd0a2ddbb0 Thread added: 0x000002cd0b1376a0
Event: 3588.296 Thread 0x000002cd0a2ddbb0 Thread added: 0x000002cd0b1362f0
Event: 3588.436 Thread 0x000002cd0a2dce90 Thread added: 0x000002cd0b0693e0
Event: 3590.210 Thread 0x000002cd0a2ddbb0 Thread added: 0x000002cd119234e0
Event: 3594.394 Thread 0x000002cd119234e0 Thread added: 0x000002cd0a2de240
Event: 3594.515 Thread 0x000002cd119234e0 Thread added: 0x000002cd0b137010
Event: 3594.635 Thread 0x000002cd119234e0 Thread added: 0x000002cd0b1383c0
Event: 3596.735 Loaded shared library C:\Users\CCCccc\AppData\Local\Temp\sqlite-3.41.2.2-457d7d03-7a74-4ba2-a877-d3549ae5f79c-sqlitejdbc.dll
Event: 3597.363 Thread 0x000002cd0a2ddbb0 Thread added: 0x000002cd11926ff0
Event: 3597.371 Thread 0x000002cd119234e0 Thread added: 0x000002cd0b137d30
Event: 3605.106 Thread 0x000002cd0b1383c0 Thread exited: 0x000002cd0b1383c0
Event: 3615.245 Thread 0x000002cd0b137010 Thread exited: 0x000002cd0b137010
Event: 3623.841 Thread 0x000002cd0a2de240 Thread exited: 0x000002cd0a2de240


Dynamic libraries:
0x00007ff720320000 - 0x00007ff72032a000 	D:\Android Studio\jbr\bin\java.exe
0x00007ffc8e170000 - 0x00007ffc8e368000 	C:\Windows\SYSTEM32\ntdll.dll
0x00007ffc8cca0000 - 0x00007ffc8cd61000 	C:\Windows\System32\KERNEL32.DLL
0x00007ffc8bb20000 - 0x00007ffc8be1d000 	C:\Windows\System32\KERNELBASE.dll
0x00007ffc8bf40000 - 0x00007ffc8c040000 	C:\Windows\System32\ucrtbase.dll
0x00007ffc7ff00000 - 0x00007ffc7ff1b000 	D:\Android Studio\jbr\bin\VCRUNTIME140.dll
0x00007ffc6cee0000 - 0x00007ffc6cef8000 	D:\Android Studio\jbr\bin\jli.dll
0x00007ffc8cb00000 - 0x00007ffc8cc9d000 	C:\Windows\System32\USER32.dll
0x00007ffc8ba10000 - 0x00007ffc8ba32000 	C:\Windows\System32\win32u.dll
0x00007ffc727f0000 - 0x00007ffc72a8a000 	C:\Windows\WinSxS\amd64_microsoft.windows.common-controls_6595b64144ccf1df_6.0.19041.4355_none_60b8b9eb71f62e16\COMCTL32.dll
0x00007ffc8cd70000 - 0x00007ffc8cd9b000 	C:\Windows\System32\GDI32.dll
0x00007ffc8be20000 - 0x00007ffc8bf37000 	C:\Windows\System32\gdi32full.dll
0x00007ffc8e090000 - 0x00007ffc8e12e000 	C:\Windows\System32\msvcrt.dll
0x00007ffc8c0b0000 - 0x00007ffc8c14d000 	C:\Windows\System32\msvcp_win.dll
0x00007ffc8c9a0000 - 0x00007ffc8c9cf000 	C:\Windows\System32\IMM32.DLL
0x00007ffc84f50000 - 0x00007ffc84f5c000 	D:\Android Studio\jbr\bin\vcruntime140_1.dll
0x00007ffc60d50000 - 0x00007ffc60ddd000 	D:\Android Studio\jbr\bin\msvcp140.dll
0x00007ffc23ee0000 - 0x00007ffc24b76000 	D:\Android Studio\jbr\bin\server\jvm.dll
0x00007ffc8d330000 - 0x00007ffc8d3e0000 	C:\Windows\System32\ADVAPI32.dll
0x00007ffc8dde0000 - 0x00007ffc8de80000 	C:\Windows\System32\sechost.dll
0x00007ffc8c9d0000 - 0x00007ffc8caf3000 	C:\Windows\System32\RPCRT4.dll
0x00007ffc8baf0000 - 0x00007ffc8bb17000 	C:\Windows\System32\bcrypt.dll
0x00007ffc8cda0000 - 0x00007ffc8ce0b000 	C:\Windows\System32\WS2_32.dll
0x00007ffc824c0000 - 0x00007ffc824ca000 	C:\Windows\SYSTEM32\VERSION.dll
0x00007ffc8adb0000 - 0x00007ffc8adfb000 	C:\Windows\SYSTEM32\POWRPROF.dll
0x00007ffc754f0000 - 0x00007ffc75517000 	C:\Windows\SYSTEM32\WINMM.dll
0x00007ffc8ac20000 - 0x00007ffc8ac32000 	C:\Windows\SYSTEM32\UMPDC.dll
0x00007ffc8a090000 - 0x00007ffc8a0a2000 	C:\Windows\SYSTEM32\kernel.appcore.dll
0x00007ffc7d4e0000 - 0x00007ffc7d4ea000 	D:\Android Studio\jbr\bin\jimage.dll
0x00007ffc89ba0000 - 0x00007ffc89d84000 	C:\Windows\SYSTEM32\DBGHELP.DLL
0x00007ffc67530000 - 0x00007ffc67564000 	C:\Windows\SYSTEM32\dbgcore.DLL
0x00007ffc8b820000 - 0x00007ffc8b8a2000 	C:\Windows\System32\bcryptPrimitives.dll
0x00007ffc7e670000 - 0x00007ffc7e67e000 	D:\Android Studio\jbr\bin\instrument.dll
0x00007ffc70870000 - 0x00007ffc70890000 	D:\Android Studio\jbr\bin\java.dll
0x00007ffc6adf0000 - 0x00007ffc6ae08000 	D:\Android Studio\jbr\bin\zip.dll
0x00007ffc8c230000 - 0x00007ffc8c99f000 	C:\Windows\System32\SHELL32.dll
0x00007ffc89320000 - 0x00007ffc89ac3000 	C:\Windows\SYSTEM32\windows.storage.dll
0x00007ffc8da80000 - 0x00007ffc8ddd3000 	C:\Windows\System32\combase.dll
0x00007ffc8b250000 - 0x00007ffc8b27e000 	C:\Windows\SYSTEM32\Wldp.dll
0x00007ffc8de80000 - 0x00007ffc8df4d000 	C:\Windows\System32\OLEAUT32.dll
0x00007ffc8d8f0000 - 0x00007ffc8d99d000 	C:\Windows\System32\SHCORE.dll
0x00007ffc8d2c0000 - 0x00007ffc8d315000 	C:\Windows\System32\shlwapi.dll
0x00007ffc8b750000 - 0x00007ffc8b774000 	C:\Windows\SYSTEM32\profapi.dll
0x00007ffc7d400000 - 0x00007ffc7d410000 	D:\Android Studio\jbr\bin\net.dll
0x00007ffc83a60000 - 0x00007ffc83b6d000 	C:\Windows\SYSTEM32\WINHTTP.dll
0x00007ffc8afb0000 - 0x00007ffc8b01a000 	C:\Windows\system32\mswsock.dll
0x00007ffc63c90000 - 0x00007ffc63ca6000 	D:\Android Studio\jbr\bin\nio.dll
0x00007ffc6ace0000 - 0x00007ffc6acf0000 	D:\Android Studio\jbr\bin\verify.dll
0x00007ffc5a250000 - 0x00007ffc5a277000 	C:\Users\CCCccc\.gradle\native\660c5614fbf4a5f2a75b1949f50a0caf5cd603558e7d8a26e50b933a0cfb79d1\windows-amd64\native-platform.dll
0x00007ffc482e0000 - 0x00007ffc48357000 	C:\Users\CCCccc\.gradle\native\0.2.8\x86_64-windows-gnu\gradle-fileevents.dll
0x00007ffc717c0000 - 0x00007ffc717c9000 	D:\Android Studio\jbr\bin\management.dll
0x00007ffc71510000 - 0x00007ffc7151b000 	D:\Android Studio\jbr\bin\management_ext.dll
0x00007ffc8d3e0000 - 0x00007ffc8d3e8000 	C:\Windows\System32\PSAPI.DLL
0x00007ffc8ac40000 - 0x00007ffc8ac7b000 	C:\Windows\SYSTEM32\IPHLPAPI.DLL
0x00007ffc8d320000 - 0x00007ffc8d328000 	C:\Windows\System32\NSI.dll
0x00007ffc72c70000 - 0x00007ffc72c79000 	D:\Android Studio\jbr\bin\extnet.dll
0x00007ffc8b1b0000 - 0x00007ffc8b1c8000 	C:\Windows\SYSTEM32\CRYPTSP.dll
0x00007ffc8a860000 - 0x00007ffc8a894000 	C:\Windows\system32\rsaenh.dll
0x00007ffc8b710000 - 0x00007ffc8b73e000 	C:\Windows\SYSTEM32\USERENV.dll
0x00007ffc8b1a0000 - 0x00007ffc8b1ac000 	C:\Windows\SYSTEM32\CRYPTBASE.dll
0x00007ffc7c9d0000 - 0x00007ffc7c9d7000 	C:\Windows\system32\wshunix.dll
0x00007ffc4ba00000 - 0x00007ffc4bb99000 	D:\Android Studio\jbr\bin\awt.dll
0x00007ffc886a0000 - 0x00007ffc886cf000 	C:\Windows\SYSTEM32\dwmapi.dll
0x00007ffc5b5e0000 - 0x00007ffc5b624000 	D:\Android Studio\jbr\bin\nvdaControllerClient64.dll
0x00007ffc611e0000 - 0x00007ffc61246000 	C:\Windows\SYSTEM32\OLEACC.dll
0x00007ffc83510000 - 0x00007ffc835a4000 	C:\Windows\SYSTEM32\apphelp.dll
0x00007ffc851e0000 - 0x00007ffc8527e000 	C:\Windows\system32\uxtheme.dll
0x00007ffc8cff0000 - 0x00007ffc8d105000 	C:\Windows\System32\MSCTF.dll
0x00007ffc8ce10000 - 0x00007ffc8cf3b000 	C:\Windows\System32\ole32.dll
0x00007ffc8aab0000 - 0x00007ffc8aae3000 	C:\Windows\SYSTEM32\ntmarta.dll

JVMTI agents:
C:\Users\CCCccc\.gradle\wrapper\dists\gradle-9.3.1-bin\23ovyewtku6u96viwx3xl3oks\gradle-9.3.1\lib\agents\gradle-instrumentation-agent-9.3.1.jar path:D:\Android Studio\jbr\bin\instrument.dll, loaded, initialized, instrumentlib options:none

dbghelp: loaded successfully - version: 4.0.5 - missing functions: none
symbol engine: initialized successfully - sym options: 0x614 - pdb path: .;D:\Android Studio\jbr\bin;C:\Windows\SYSTEM32;C:\Windows\WinSxS\amd64_microsoft.windows.common-controls_6595b64144ccf1df_6.0.19041.4355_none_60b8b9eb71f62e16;D:\Android Studio\jbr\bin\server;C:\Users\CCCccc\.gradle\native\660c5614fbf4a5f2a75b1949f50a0caf5cd603558e7d8a26e50b933a0cfb79d1\windows-amd64;C:\Users\CCCccc\.gradle\native\0.2.8\x86_64-windows-gnu;C:\Users\CCCccc\AppData\Local\Temp

VM Arguments:
jvm_args: --add-opens=java.base/java.lang=ALL-UNNAMED --add-opens=java.base/java.lang.invoke=ALL-UNNAMED --add-opens=java.base/java.util=ALL-UNNAMED --add-opens=java.prefs/java.util.prefs=ALL-UNNAMED --add-exports=jdk.compiler/com.sun.tools.javac.api=ALL-UNNAMED --add-exports=jdk.compiler/com.sun.tools.javac.util=ALL-UNNAMED --add-opens=java.base/java.util=ALL-UNNAMED --add-opens=java.prefs/java.util.prefs=ALL-UNNAMED --add-opens=java.base/java.nio.charset=ALL-UNNAMED --add-opens=java.base/java.net=ALL-UNNAMED --add-opens=java.base/java.util.concurrent=ALL-UNNAMED --add-opens=java.base/java.util.concurrent.atomic=ALL-UNNAMED --add-opens=java.xml/javax.xml.namespace=ALL-UNNAMED --add-opens=java.base/java.time=ALL-UNNAMED -Xmx4g -Dfile.encoding=UTF-8 -Duser.country=CN -Duser.language=zh -Duser.variant -javaagent:C:\Users\CCCccc\.gradle\wrapper\dists\gradle-9.3.1-bin\23ovyewtku6u96viwx3xl3oks\gradle-9.3.1\lib\agents\gradle-instrumentation-agent-9.3.1.jar 
java_command: org.gradle.launcher.daemon.bootstrap.GradleDaemon 9.3.1
java_class_path (initial): C:\Users\CCCccc\.gradle\wrapper\dists\gradle-9.3.1-bin\23ovyewtku6u96viwx3xl3oks\gradle-9.3.1\lib\gradle-daemon-main-9.3.1.jar
Launcher Type: SUN_STANDARD

[Global flags]
     intx CICompilerCount                          = 4                                         {product} {ergonomic}
     uint ConcGCThreads                            = 2                                         {product} {ergonomic}
     uint G1ConcRefinementThreads                  = 8                                         {product} {ergonomic}
   size_t G1HeapRegionSize                         = 2097152                                   {product} {ergonomic}
    uintx GCDrainStackTargetSize                   = 64                                        {product} {ergonomic}
   size_t InitialHeapSize                          = 132120576                                 {product} {ergonomic}
   size_t MarkStackSize                            = 4194304                                   {product} {ergonomic}
   size_t MaxHeapSize                              = 4294967296                                {product} {command line}
   size_t MaxNewSize                               = 2575302656                                {product} {ergonomic}
   size_t MinHeapDeltaBytes                        = 2097152                                   {product} {ergonomic}
   size_t MinHeapSize                              = 8388608                                   {product} {ergonomic}
    uintx NonNMethodCodeHeapSize                   = 5839372                                {pd product} {ergonomic}
    uintx NonProfiledCodeHeapSize                  = 122909434                              {pd product} {ergonomic}
    uintx ProfiledCodeHeapSize                     = 122909434                              {pd product} {ergonomic}
    uintx ReservedCodeCacheSize                    = 251658240                              {pd product} {ergonomic}
     bool SegmentedCodeCache                       = true                                      {product} {ergonomic}
   size_t SoftMaxHeapSize                          = 4294967296                             {manageable} {ergonomic}
     bool UseCompressedOops                        = true                           {product lp64_product} {ergonomic}
     bool UseG1GC                                  = true                                      {product} {ergonomic}
     bool UseLargePagesIndividualAllocation        = false                                  {pd product} {ergonomic}

Logging:
Log output configuration:
 #0: stdout all=warning uptime,level,tags foldmultilines=false
 #1: stderr all=off uptime,level,tags foldmultilines=false

Release file:
JAVA_VERSION="21.0.10" 
MODULES="java.base java.compiler java.datatransfer java.xml java.prefs java.desktop java.instrument java.logging java.management java.security.sasl java.naming java.rmi java.management.rmi java.net.http java.scripting java.security.jgss java.transaction.xa java.sql java.sql.rowset java.xml.crypto java.se java.smartcardio jdk.accessibility jdk.internal.jvmstat jdk.attach jdk.charsets jdk.internal.opt jdk.zipfs jdk.compiler jdk.crypto.ec jdk.crypto.cryptoki jdk.dynalink jdk.hotspot.agent jdk.httpserver jdk.internal.ed jdk.internal.le jdk.internal.vm.ci jdk.jartool jdk.javadoc jdk.jcmd jdk.jdeps jdk.jdwp.agent jdk.jdi jdk.jfr jdk.jlink jdk.jsobject jdk.localedata jdk.management jdk.management.agent jdk.management.jfr jdk.naming.dns jdk.naming.rmi jdk.net jdk.sctp jdk.security.auth jdk.security.jgss jdk.unsupported jdk.unsupported.desktop jdk.xml.dom" 
IMPLEMENTOR="JetBrains s.r.o." 
JAVA_RUNTIME_VERSION="21.0.10+-14961533-b1163.108" 
LIBC="default" 
OS_ARCH="x86_64" 
OS_NAME="Windows" 
SOURCE=".:git:1351622c2ff2" 

Environment Variables:
PATH=C:\Program Files\Common Files\Oracle\Java\javapath;C:\Program Files (x86)\Common Files\Oracle\Java\java8path;C:\Program Files (x86)\Common Files\Oracle\Java\javapath;C:\Windows\system32;C:\Windows;C:\Windows\System32\Wbem;C:\Windows\System32\WindowsPowerShell\v1.0\;C:\Windows\System32\OpenSSH\;C:\Program Files\Bandizip\;C:\Program Files\dotnet\;C:\Program Files\NVIDIA Corporation\NVIDIA App\NvDLISR;C:\Program Files (x86)\NVIDIA Corporation\PhysX\Common;C:\Program Files\PuTTY\;D:\HAM\rtl-sdr;C:\Users\CCCccc\AppData\Local\Programs\Python\Python312\Scripts\;C:\Users\CCCccc\AppData\Local\Programs\Python\Python312\;C:\Users\CCCccc\AppData\Local\Programs\Python\Launcher\;C:\Users\CCCccc\AppData\Local\Microsoft\WindowsApps;C:\Program Files\platform-tools;C:\Program Files\Java\jdk-17
USERNAME=CCCccc
OS=Windows_NT
PROCESSOR_IDENTIFIER=Intel64 Family 6 Model 142 Stepping 12, GenuineIntel
TMP=C:\Users\CCCccc\AppData\Local\Temp
TEMP=C:\Users\CCCccc\AppData\Local\Temp




Periodic native trim disabled

JNI global refs:
JNI global refs: 57, weak refs: 2

JNI global refs memory usage: 835, weak refs: 1025

Process memory usage:
Resident Set Size: 965668K (11% of 8206328K total physical memory with 182984K free physical memory)

OOME stack traces (most recent first):
Classloader memory used:
Loader java.net.URLClassLoader                                                         : 128M
Loader org.gradle.internal.classloader.VisitableURLClassLoader$InstrumentingVisitableURLClassLoader: 50020K
Loader org.gradle.internal.classloader.VisitableURLClassLoader                         : 42415K
Loader bootstrap                                                                       : 30478K
Loader org.gradle.initialization.MixInLegacyTypesClassLoader                           : 10126K
Loader jdk.internal.reflect.DelegatingClassLoader                                      : 1574K
Loader jdk.internal.jrtfs.JrtFileSystemProvider$JrtFsLoader                            : 651K
Loader jdk.internal.loader.ClassLoaders$PlatformClassLoader                            : 307K
Loader jdk.internal.loader.ClassLoaders$AppClassLoader                                 : 237K
Loader sun.reflect.misc.MethodUtil                                                     : 3000B

Classes loaded by more than one classloader:
Class kotlin.sequences.DropTakeSequence                                               : loaded 3 times (x 70B)
Class kotlin.ranges.IntProgression                                                    : loaded 3 times (x 81B)
Class kotlin.io.FileWalkDirection                                                     : loaded 3 times (x 79B)
Class kotlin.sequences.FlatteningSequence                                             : loaded 3 times (x 75B)
Class kotlin.coroutines.jvm.internal.CompletedContinuation                            : loaded 3 times (x 75B)
Class jdk.internal.jimage.decompressor.ResourceDecompressor$StringsProvider           : loaded 3 times (x 70B)
Class kotlin.io.TextStreamsKt                                                         : loaded 3 times (x 71B)
Class kotlin.text.StringsKt__StringsKt                                                : loaded 3 times (x 71B)
Class kotlin.NotImplementedError                                                      : loaded 3 times (x 82B)
Class kotlin.coroutines.CoroutineContext                                              : loaded 3 times (x 70B)
Class kotlin.coroutines.jvm.internal.DebugProbesKt                                    : loaded 3 times (x 71B)
Class kotlin.ranges.IntProgressionIterator                                            : loaded 3 times (x 82B)
Class kotlin.collections.CollectionsKt                                                : loaded 3 times (x 71B)
Class jdk.internal.jimage.BasicImageReader                                            : loaded 3 times (x 95B)
Class kotlin.reflect.KMutableProperty2                                                : loaded 3 times (x 70B)
Class kotlin.io.NoSuchFileException                                                   : loaded 3 times (x 82B)
Class kotlin.reflect.KMutableProperty1                                                : loaded 3 times (x 70B)
Class kotlin.sequences.FilteringSequence$iterator$1                                   : loaded 3 times (x 79B)
Class kotlin.sequences.SequencesKt__SequenceBuilderKt                                 : loaded 3 times (x 71B)
Class kotlin.io.FilesKt__FileTreeWalkKt                                               : loaded 3 times (x 71B)
Class kotlin.coroutines.jvm.internal.CoroutineStackFrame                              : loaded 3 times (x 70B)
Class kotlin.jvm.internal.CollectionToArray                                           : loaded 3 times (x 71B)
Class kotlin.coroutines.intrinsics.IntrinsicsKt__IntrinsicsJvmKt                      : loaded 3 times (x 71B)
Class kotlin.collections.CollectionsKt__ReversedViewsKt                               : loaded 3 times (x 71B)
Class kotlin.jvm.internal.StringCompanionObject                                       : loaded 3 times (x 71B)
Class kotlin.reflect.KClassifier                                                      : loaded 3 times (x 70B)
Class kotlin.SafePublicationLazyImpl$Companion                                        : loaded 3 times (x 71B)
Class kotlin.jvm.internal.PropertyReference1Impl                                      : loaded 3 times (x 127B)
Class kotlin.jvm.internal.MutablePropertyReference1                                   : loaded 3 times (x 137B)
Class kotlin.reflect.KMutableProperty0                                                : loaded 3 times (x 70B)
Class kotlin.coroutines.jvm.internal.SuspendFunction                                  : loaded 3 times (x 70B)
Class kotlin.io.FileTreeWalk                                                          : loaded 3 times (x 75B)
Class [Lkotlin.io.FileWalkDirection;                                                  : loaded 3 times (x 69B)
Class kotlin.jvm.internal.markers.KMappedMarker                                       : loaded 3 times (x 70B)
Class kotlin.ranges.IntProgression$Companion                                          : loaded 3 times (x 71B)
Class [Lkotlin.reflect.KProperty;                                                     : loaded 3 times (x 69B)
Class kotlin.sequences.ConstrainedOnceSequence                                        : loaded 3 times (x 75B)
Class kotlin.NoWhenBranchMatchedException                                             : loaded 3 times (x 82B)
Class kotlin.collections.builders.MapBuilder                                          : loaded 3 times (x 112B)
Class kotlin.Lazy                                                                     : loaded 3 times (x 70B)
Class kotlin.jvm.functions.Function19                                                 : loaded 3 times (x 70B)
Class jdk.internal.jimage.decompressor.StringSharingDecompressorFactory               : loaded 3 times (x 74B)
Class kotlin.reflect.KMutableProperty$Setter                                          : loaded 3 times (x 70B)
Class kotlin.jvm.internal.CallableReference$NoReceiver                                : loaded 3 times (x 71B)
Class kotlin.sequences.TransformingSequence                                           : loaded 3 times (x 75B)
Class kotlin.text.StringsKt__StringBuilderKt                                          : loaded 3 times (x 71B)
Class kotlin.jvm.functions.Function18                                                 : loaded 3 times (x 70B)
Class kotlin.collections.ArraysKt__ArraysJVMKt                                        : loaded 3 times (x 71B)
Class kotlin.jvm.functions.Function17                                                 : loaded 3 times (x 70B)
Class kotlin.InitializedLazyImpl                                                      : loaded 3 times (x 76B)
Class kotlin.LazyKt                                                                   : loaded 3 times (x 71B)
Class kotlin.collections.SetsKt__SetsKt                                               : loaded 3 times (x 71B)
Class kotlin.jvm.functions.Function16                                                 : loaded 3 times (x 70B)
Class [Lkotlin.reflect.KClass;                                                        : loaded 3 times (x 69B)
Class kotlin.coroutines.EmptyCoroutineContext                                         : loaded 3 times (x 77B)
Class kotlin.collections.ArraysKt                                                     : loaded 3 times (x 71B)
Class kotlin.jvm.functions.Function15                                                 : loaded 3 times (x 70B)
Class kotlin.text.CharsKt__CharKt                                                     : loaded 3 times (x 71B)
Class kotlin.collections.ArrayDeque$Companion                                         : loaded 3 times (x 71B)
Class kotlin.coroutines.jvm.internal.Boxing                                           : loaded 3 times (x 71B)
Class kotlin.ranges.RangesKt___RangesKt                                               : loaded 3 times (x 71B)
Class kotlin.jvm.functions.Function14                                                 : loaded 3 times (x 70B)
Class kotlin.sequences.SequencesKt___SequencesKt                                      : loaded 3 times (x 71B)
Class kotlin.KotlinVersion$Companion                                                  : loaded 3 times (x 71B)
Class kotlin.collections.AbstractList$Companion                                       : loaded 3 times (x 71B)
Class kotlin.KotlinNullPointerException                                               : loaded 3 times (x 83B)
Class kotlin.jvm.functions.Function13                                                 : loaded 3 times (x 70B)
Class kotlin.text.Charsets                                                            : loaded 3 times (x 71B)
Class kotlin.io.FileTreeWalk$FileTreeWalkIterator                                     : loaded 3 times (x 83B)
Class kotlin.sequences.SequencesKt___SequencesKt$flatMap$2                            : loaded 3 times (x 125B)
Class kotlin.ranges.OpenEndRange                                                      : loaded 3 times (x 70B)
Class kotlin.sequences.SequenceBuilderIterator                                        : loaded 3 times (x 85B)
Class jdk.internal.jimage.decompressor.CompressedResourceHeader                       : loaded 3 times (x 71B)
Class kotlin.collections.CollectionsKt__IterablesKt                                   : loaded 3 times (x 71B)
Class kotlin.coroutines.ContinuationInterceptor                                       : loaded 3 times (x 70B)
Class kotlin.text.StringsKt__AppendableKt                                             : loaded 3 times (x 71B)
Class kotlin.collections.MapsKt                                                       : loaded 3 times (x 71B)
Class kotlin.jvm.functions.Function12                                                 : loaded 3 times (x 70B)
Class kotlin.coroutines.intrinsics.CoroutineSingletons                                : loaded 3 times (x 79B)
Class jdk.internal.jrtfs.JrtFileSystem                                                : loaded 3 times (x 102B)
Class kotlin.jvm.internal.AdaptedFunctionReference                                    : loaded 3 times (x 77B)
Class kotlin.jvm.internal.Intrinsics                                                  : loaded 3 times (x 71B)
Class kotlin.reflect.KProperty$Accessor                                               : loaded 3 times (x 70B)
Class [Lkotlin.reflect.KCallable;                                                     : loaded 3 times (x 69B)
Class kotlin.jvm.internal.ArrayIteratorKt                                             : loaded 3 times (x 71B)
Class kotlin.reflect.KAnnotatedElement                                                : loaded 3 times (x 70B)
Class kotlin.collections.EmptyMap                                                     : loaded 3 times (x 108B)
Class kotlin.jvm.internal.markers.KMutableCollection                                  : loaded 3 times (x 70B)
Class kotlin.sequences.SequenceScope                                                  : loaded 3 times (x 73B)
Class kotlin.jvm.functions.Function11                                                 : loaded 3 times (x 70B)
Class kotlin.ranges.IntRange$Companion                                                : loaded 3 times (x 71B)
Class kotlin.sequences.Sequence                                                       : loaded 3 times (x 70B)
Class kotlin.coroutines.intrinsics.IntrinsicsKt                                       : loaded 3 times (x 71B)
Class kotlin.collections.builders.MapBuilder$EntryRef                                 : loaded 3 times (x 81B)
Class kotlin.text.StringsKt__StringNumberConversionsJVMKt                             : loaded 3 times (x 71B)
Class [Lkotlin.reflect.KClassifier;                                                   : loaded 3 times (x 69B)
Class [Lkotlin.LazyThreadSafetyMode;                                                  : loaded 3 times (x 69B)
Class kotlin.jvm.functions.Function9                                                  : loaded 3 times (x 70B)
Class kotlin.jvm.functions.Function10                                                 : loaded 3 times (x 70B)
Class kotlin.annotation.MustBeDocumented                                              : loaded 3 times (x 70B)
Class kotlin.enums.EnumEntriesKt                                                      : loaded 3 times (x 71B)
Class kotlin.collections.CollectionsKt___CollectionsKt$asSequence$$inlined$Sequence$1 : loaded 3 times (x 75B)
Class kotlin.text.StringsKt___StringsKt                                               : loaded 3 times (x 71B)
Class kotlin.collections.CollectionsKt__MutableCollectionsJVMKt                       : loaded 3 times (x 71B)
Class kotlin.collections.builders.MapBuilder$Companion                                : loaded 3 times (x 71B)
Class kotlin.jvm.functions.Function20                                                 : loaded 3 times (x 70B)
Class kotlin.jvm.functions.Function8                                                  : loaded 3 times (x 70B)
Class [Lkotlin.annotation.AnnotationRetention;                                        : loaded 3 times (x 69B)
Class kotlin.collections.MapsKt__MapWithDefaultKt                                     : loaded 3 times (x 71B)
Class kotlin.jvm.functions.Function7                                                  : loaded 3 times (x 70B)
Class kotlin.collections.ArraysKt___ArraysKt                                          : loaded 3 times (x 71B)
Class kotlin.collections.MapsKt___MapsKt                                              : loaded 3 times (x 71B)
Class kotlin.jvm.functions.Function6                                                  : loaded 3 times (x 70B)
Class kotlin.jvm.functions.Function21                                                 : loaded 3 times (x 70B)
Class kotlin.io.FilesKt                                                               : loaded 3 times (x 71B)
Class kotlin.reflect.KDeclarationContainer                                            : loaded 3 times (x 70B)
Class kotlin.text.StringsKt___StringsJvmKt                                            : loaded 3 times (x 71B)
Class kotlin.jvm.functions.Function5                                                  : loaded 3 times (x 70B)
Class kotlin.annotation.Retention                                                     : loaded 3 times (x 70B)
Class kotlin.annotation.AnnotationRetention                                           : loaded 3 times (x 79B)
Class kotlin.collections.MapWithDefault                                               : loaded 3 times (x 70B)
Class jdk.internal.jimage.ImageStrings                                                : loaded 3 times (x 70B)
Class kotlin.coroutines.jvm.internal.SuspendLambda                                    : loaded 3 times (x 91B)
Class kotlin.coroutines.jvm.internal.ContinuationImpl                                 : loaded 3 times (x 87B)
Class kotlin.jvm.functions.Function22                                                 : loaded 3 times (x 70B)
Class kotlin.collections.builders.MapBuilderEntries                                   : loaded 3 times (x 145B)
Class kotlin.collections.CollectionsKt___CollectionsKt                                : loaded 3 times (x 71B)
Class kotlin.collections.EmptySet                                                     : loaded 3 times (x 122B)
Class kotlin.annotation.Target                                                        : loaded 3 times (x 70B)
Class kotlin.jvm.functions.Function4                                                  : loaded 3 times (x 70B)
Class kotlin.collections.MapsKt___MapsJvmKt                                           : loaded 3 times (x 71B)
Class kotlin.jvm.functions.Function3                                                  : loaded 3 times (x 70B)
Class kotlin.io.FileTreeWalk$WalkState                                                : loaded 3 times (x 73B)
Class kotlin.jvm.internal.markers.KMutableIterator                                    : loaded 3 times (x 70B)
Class kotlin.reflect.KTypeParameter                                                   : loaded 3 times (x 70B)
Class kotlin.collections.ArraysKt___ArraysJvmKt                                       : loaded 3 times (x 71B)
Class kotlin.collections.CollectionsKt__CollectionsKt                                 : loaded 3 times (x 71B)
Class kotlin.text.StringsKt__RegexExtensionsJVMKt                                     : loaded 3 times (x 71B)
Class kotlin.jvm.functions.Function2                                                  : loaded 3 times (x 70B)
Class kotlin.KotlinNothingValueException                                              : loaded 3 times (x 82B)
Class kotlin.jvm.functions.Function1                                                  : loaded 3 times (x 70B)
Class kotlin.collections.AbstractMutableList                                          : loaded 3 times (x 206B)
Class kotlin.properties.ReadWriteProperty                                             : loaded 3 times (x 70B)
Class kotlin.text.Regex$Companion                                                     : loaded 3 times (x 71B)
Class kotlin._Assertions                                                              : loaded 3 times (x 71B)
Class jdk.internal.jimage.decompressor.ZipDecompressor                                : loaded 3 times (x 75B)
Class kotlin.jvm.functions.Function0                                                  : loaded 3 times (x 70B)
Class kotlin.collections.ArraysUtilJVM                                                : loaded 3 times (x 71B)
Class kotlin.sequences.FlatteningSequence$iterator$1                                  : loaded 3 times (x 79B)
Class kotlin.sequences.GeneratorSequence                                              : loaded 3 times (x 75B)
Class [Lkotlin.annotation.AnnotationTarget;                                           : loaded 3 times (x 69B)
Class [Lkotlin.coroutines.intrinsics.CoroutineSingletons;                             : loaded 3 times (x 69B)
Class [Lkotlin.DeprecationLevel;                                                      : loaded 3 times (x 69B)
Class kotlin.jvm.internal.FunctionReference                                           : loaded 3 times (x 122B)
Class kotlin.jvm.internal.FunctionBase                                                : loaded 3 times (x 70B)
Class kotlin.enums.EnumEntriesList                                                    : loaded 3 times (x 223B)
Class kotlin.ranges.RangesKt                                                          : loaded 3 times (x 71B)
Class kotlin.jvm.internal.markers.KMutableIterable                                    : loaded 3 times (x 70B)
Class kotlin.TuplesKt                                                                 : loaded 3 times (x 71B)
Class kotlin.Unit                                                                     : loaded 3 times (x 71B)
Class kotlin.sequences.SequencesKt___SequencesJvmKt                                   : loaded 3 times (x 71B)
Class kotlin.jvm.internal.FunctionReferenceImpl                                       : loaded 3 times (x 122B)
Class kotlin.comparisons.ComparisonsKt___ComparisonsJvmKt                             : loaded 3 times (x 71B)
Class kotlin.collections.CollectionsKt___CollectionsJvmKt                             : loaded 3 times (x 71B)
Class kotlin.reflect.KType                                                            : loaded 3 times (x 70B)
Class kotlin.text.CharsKt__CharJVMKt                                                  : loaded 3 times (x 71B)
Class kotlin.Result$Companion                                                         : loaded 3 times (x 71B)
Class kotlin.collections.builders.AbstractMapBuilderEntrySet                          : loaded 3 times (x 144B)
Class kotlin.collections.CollectionsKt__IteratorsJVMKt                                : loaded 3 times (x 71B)
Class kotlin.sequences.FilteringSequence                                              : loaded 3 times (x 75B)
Class kotlin.coroutines.jvm.internal.BaseContinuationImpl                             : loaded 3 times (x 87B)
Class kotlin.comparisons.ComparisonsKt___ComparisonsKt                                : loaded 3 times (x 71B)
Class kotlin.comparisons.ComparisonsKt                                                : loaded 3 times (x 71B)
Class jdk.internal.jimage.decompressor.ZipDecompressorFactory                         : loaded 3 times (x 74B)
Class kotlin.ranges.RangesKt__RangesKt                                                : loaded 3 times (x 71B)
Class kotlin.Result                                                                   : loaded 3 times (x 72B)
Class kotlin.reflect.KProperty0                                                       : loaded 3 times (x 70B)
Class kotlin.jvm.internal.ClassBasedDeclarationContainer                              : loaded 3 times (x 70B)
Class kotlin.collections.SetsKt___SetsKt                                              : loaded 3 times (x 71B)
Class kotlin.sequences.SequencesKt__SequencesKt                                       : loaded 3 times (x 71B)
Class kotlin.coroutines.Continuation                                                  : loaded 3 times (x 70B)
Class kotlin.comparisons.ComparisonsKt__ComparisonsKt                                 : loaded 3 times (x 71B)
Class jdk.internal.jrtfs.JrtFileSystemProvider                                        : loaded 3 times (x 101B)
Class kotlin.sequences.TransformingSequence$iterator$1                                : loaded 3 times (x 79B)
Class kotlin.Pair                                                                     : loaded 3 times (x 72B)
Class kotlin.reflect.KProperty1                                                       : loaded 3 times (x 70B)
Class kotlin.reflect.KClass                                                           : loaded 3 times (x 70B)
Class kotlin.UNINITIALIZED_VALUE                                                      : loaded 3 times (x 71B)
Class kotlin.jvm.internal.ReflectionFactory                                           : loaded 3 times (x 91B)
Class kotlin.jvm.internal.Ref$ObjectRef                                               : loaded 3 times (x 72B)
Class kotlin.LazyKt__LazyKt                                                           : loaded 3 times (x 71B)
Class kotlin.text.StringsKt__StringBuilderJVMKt                                       : loaded 3 times (x 71B)
Class kotlin.sequences.GeneratorSequence$iterator$1                                   : loaded 3 times (x 79B)
Class kotlin.text.Regex                                                               : loaded 3 times (x 72B)
Class kotlin.io.CloseableKt                                                           : loaded 3 times (x 71B)
Class kotlin.reflect.KProperty2                                                       : loaded 3 times (x 70B)
Class kotlin.collections.CollectionsKt__MutableCollectionsKt                          : loaded 3 times (x 71B)
Class kotlin.collections.ArrayAsCollection                                            : loaded 3 times (x 105B)
Class kotlin.Triple                                                                   : loaded 3 times (x 72B)
Class kotlin.sequences.SequencesKt__SequenceBuilderKt$sequence$$inlined$Sequence$1    : loaded 3 times (x 75B)
Class kotlin.collections.AbstractCollection                                           : loaded 3 times (x 117B)
Class kotlin.collections.AbstractList                                                 : loaded 3 times (x 197B)
Class kotlin.sequences.SequencesKt__SequencesJVMKt                                    : loaded 3 times (x 71B)
Class kotlin.io.FilePathComponents                                                    : loaded 3 times (x 72B)
Class kotlin.coroutines.CoroutineContext$Element                                      : loaded 3 times (x 70B)
Class kotlin.io.TerminateException                                                    : loaded 3 times (x 82B)
Class kotlin.io.FilesKt__FilePathComponentsKt                                         : loaded 3 times (x 71B)
Class kotlin.coroutines.jvm.internal.RestrictedSuspendLambda                          : loaded 3 times (x 91B)
Class kotlin.reflect.KCallable                                                        : loaded 3 times (x 70B)
Class jdk.internal.jimage.ImageReader$Directory                                       : loaded 3 times (x 84B)
Class kotlin.collections.AbstractIterator                                             : loaded 3 times (x 83B)
Class kotlin.text.CharsKt                                                             : loaded 3 times (x 71B)
Class kotlin.SynchronizedLazyImpl                                                     : loaded 3 times (x 76B)
Class kotlin.text.StringsKt__RegexExtensionsKt                                        : loaded 3 times (x 71B)
Class kotlin.collections.EmptyIterator                                                : loaded 3 times (x 89B)
Class kotlin.jvm.internal.SpreadBuilder                                               : loaded 3 times (x 76B)
Class jdk.internal.jimage.ImageLocation                                               : loaded 3 times (x 90B)
Class jdk.internal.jimage.decompressor.ResourceDecompressorRepository                 : loaded 3 times (x 71B)
Class kotlin.jvm.internal.ArrayIterator                                               : loaded 3 times (x 79B)
Class kotlin.LazyThreadSafetyMode                                                     : loaded 3 times (x 79B)
Class kotlin.jvm.internal.MutablePropertyReference                                    : loaded 3 times (x 119B)
Class kotlin.coroutines.ContinuationInterceptor$Key                                   : loaded 3 times (x 71B)
Class kotlin.LazyKt__LazyJVMKt$WhenMappings                                           : loaded 3 times (x 71B)
Class kotlin.UnsafeLazyImpl                                                           : loaded 3 times (x 76B)
Class kotlin.jvm.internal.PropertyReference1                                          : loaded 3 times (x 127B)
Class kotlin.jvm.internal.DefaultConstructorMarker                                    : loaded 3 times (x 71B)
Class kotlin.collections.builders.MapBuilder$EntriesItr                               : loaded 3 times (x 81B)
Class kotlin.io.FileSystemException                                                   : loaded 3 times (x 82B)
Class jdk.internal.jimage.ImageBufferCache$1                                          : loaded 3 times (x 83B)
Class kotlin.DeprecationLevel                                                         : loaded 3 times (x 79B)
Class kotlin.sequences.EmptySequence                                                  : loaded 3 times (x 78B)
Class jdk.internal.jrtfs.JrtPath                                                      : loaded 3 times (x 118B)
Class jdk.internal.jimage.ImageBufferCache                                            : loaded 3 times (x 71B)
Class kotlin.collections.ArraysKt___ArraysKt$asSequence$$inlined$Sequence$1           : loaded 3 times (x 75B)
Class kotlin.enums.EnumEntries                                                        : loaded 3 times (x 70B)
Class kotlin.jvm.internal.markers.KMutableMap                                         : loaded 3 times (x 70B)
Class kotlin.collections.MapsKt__MapsJVMKt                                            : loaded 3 times (x 71B)
Class kotlin.collections.EmptyList                                                    : loaded 3 times (x 174B)
Class kotlin.properties.ReadOnlyProperty                                              : loaded 3 times (x 70B)
Class kotlin.ranges.IntRange                                                          : loaded 3 times (x 93B)
Class jdk.internal.jimage.ImageBufferCache$2                                          : loaded 3 times (x 91B)
Class kotlin.jvm.internal.CallableReference                                           : loaded 3 times (x 106B)
Class kotlin.collections.AbstractList$IteratorImpl                                    : loaded 3 times (x 82B)
Class kotlin.collections.builders.ListBuilderKt                                       : loaded 3 times (x 71B)
Class [Lkotlin.sequences.Sequence;                                                    : loaded 3 times (x 69B)
Class kotlin.jvm.internal.MutablePropertyReference1Impl                               : loaded 3 times (x 137B)
Class kotlin.text.StringsKt__StringNumberConversionsKt                                : loaded 3 times (x 71B)
Class [Lkotlin.Pair;                                                                  : loaded 3 times (x 69B)
Class kotlin.jvm.internal.markers.KMutableList                                        : loaded 3 times (x 70B)
Class kotlin.io.FilesKt__FileReadWriteKt                                              : loaded 3 times (x 71B)
Class kotlin.jvm.KotlinReflectionNotSupportedError                                    : loaded 3 times (x 82B)
Class kotlin.ResultKt                                                                 : loaded 3 times (x 71B)
Class jdk.internal.jimage.decompressor.Decompressor                                   : loaded 3 times (x 72B)
Class kotlin.LazyKt__LazyJVMKt                                                        : loaded 3 times (x 71B)
Class kotlin.coroutines.CoroutineContext$Key                                          : loaded 3 times (x 70B)
Class kotlin.coroutines.jvm.internal.RestrictedContinuationImpl                       : loaded 3 times (x 87B)
Class kotlin.text.StringsKt                                                           : loaded 3 times (x 71B)
Class kotlin.collections.IndexingIterable                                             : loaded 3 times (x 79B)
Class kotlin.jvm.internal.markers.KMutableSet                                         : loaded 3 times (x 70B)
Class kotlin.Result$Failure                                                           : loaded 3 times (x 72B)
Class kotlin.collections.ArraysKt__ArraysKt                                           : loaded 3 times (x 71B)
Class kotlin.collections.CollectionsKt__IteratorsKt                                   : loaded 3 times (x 71B)
Class kotlin.collections.builders.MapBuilder$Itr                                      : loaded 3 times (x 72B)
Class kotlin.KotlinVersionCurrentValue                                                : loaded 3 times (x 71B)
Class kotlin.sequences.SequencesKt                                                    : loaded 3 times (x 71B)
Class kotlin.collections.IndexedValue                                                 : loaded 3 times (x 72B)
Class jdk.internal.jimage.BasicImageReader$1                                          : loaded 3 times (x 77B)
Class kotlin.collections.CollectionsKt__CollectionsJVMKt                              : loaded 3 times (x 71B)
Class kotlin.io.FilesKt__UtilsKt                                                      : loaded 3 times (x 71B)
Class jdk.internal.jimage.ImageReader$Node                                            : loaded 3 times (x 84B)
Class kotlin.collections.SetsKt__SetsJVMKt                                            : loaded 3 times (x 71B)
Class kotlin.coroutines.intrinsics.IntrinsicsKt__IntrinsicsKt                         : loaded 3 times (x 71B)
Class kotlin.Function                                                                 : loaded 3 times (x 70B)
Class jdk.internal.jimage.decompressor.ResourceDecompressorFactory                    : loaded 3 times (x 74B)
Class kotlin.SafePublicationLazyImpl                                                  : loaded 3 times (x 76B)
Class jdk.internal.jimage.ImageReader$SharedImageReader                               : loaded 3 times (x 95B)
Class kotlin.internal.ProgressionUtilKt                                               : loaded 3 times (x 71B)
Class kotlin.io.FileAlreadyExistsException                                            : loaded 3 times (x 82B)
Class kotlin.KotlinVersion                                                            : loaded 3 times (x 74B)
Class kotlin.reflect.KProperty$Getter                                                 : loaded 3 times (x 70B)
Class kotlin.reflect.KMutableProperty                                                 : loaded 3 times (x 70B)
Class jdk.internal.jimage.ImageReader                                                 : loaded 3 times (x 75B)
Class kotlin.UninitializedPropertyAccessException                                     : loaded 3 times (x 82B)
Class jdk.internal.jimage.ImageHeader                                                 : loaded 3 times (x 71B)
Class kotlin.collections.AbstractMutableSet                                           : loaded 3 times (x 142B)
Class kotlin.Metadata                                                                 : loaded 3 times (x 70B)
Class kotlin.jvm.internal.PropertyReference                                           : loaded 3 times (x 115B)
Class kotlin.properties.Delegates                                                     : loaded 3 times (x 71B)
Class kotlin.jvm.internal.markers.KMutableMap$Entry                                   : loaded 3 times (x 70B)
Class jdk.internal.jimage.ImageStringsReader                                          : loaded 3 times (x 80B)
Class kotlin.collections.MapsKt__MapsKt                                               : loaded 3 times (x 71B)
Class kotlin.collections.IndexingIterator                                             : loaded 3 times (x 79B)
Class [Lkotlin.reflect.KDeclarationContainer;                                         : loaded 3 times (x 69B)
Class kotlin.jvm.internal.Lambda                                                      : loaded 3 times (x 75B)
Class kotlin.reflect.KFunction                                                        : loaded 3 times (x 70B)
Class kotlin.collections.ArrayDeque                                                   : loaded 3 times (x 207B)
Class kotlin.text.StringsKt__IndentKt                                                 : loaded 3 times (x 71B)
Class kotlin.collections.SetsKt                                                       : loaded 3 times (x 71B)
Class kotlin.text.StringsKt__StringsJVMKt                                             : loaded 3 times (x 71B)
Class [Lkotlin.reflect.KAnnotatedElement;                                             : loaded 3 times (x 69B)
Class kotlin.jvm.internal.TypeIntrinsics                                              : loaded 3 times (x 71B)
Class kotlin.collections.IntIterator                                                  : loaded 3 times (x 82B)
Class jdk.internal.jimage.decompressor.ResourceDecompressor                           : loaded 3 times (x 70B)
Class kotlin.jvm.JvmClassMappingKt                                                    : loaded 3 times (x 71B)
Class kotlin.jvm.internal.Reflection                                                  : loaded 3 times (x 71B)
Class kotlin.reflect.KProperty                                                        : loaded 3 times (x 70B)
Class kotlin.annotation.AnnotationTarget                                              : loaded 3 times (x 79B)
Class kotlin.ranges.ClosedRange                                                       : loaded 3 times (x 70B)
Class kotlin.reflect.jvm.internal.KPropertyImpl                                       : loaded 2 times (x 115B)
Class kotlin.jvm.internal.ShortCompanionObject                                        : loaded 2 times (x 71B)
Class org.gradle.api.internal.DefaultClassPathRegistry                                : loaded 2 times (x 76B)
Class com.google.common.cache.RemovalListener                                         : loaded 2 times (x 70B)
Class org.jetbrains.kotlin.cli.common.messages.MessageCollector                       : loaded 2 times (x 70B)
Class com.google.common.reflect.Invokable$ConstructorInvokable                        : loaded 2 times (x 107B)
Class com.google.common.collect.Maps$EntryFunction$2                                  : loaded 2 times (x 91B)
Class com.google.common.primitives.IntsMethodsForWeb                                  : loaded 2 times (x 71B)
Class com.google.common.collect.Multimap                                              : loaded 2 times (x 70B)
Class org.gradle.api.internal.ClassPathRegistry                                       : loaded 2 times (x 70B)
Class org.gradle.internal.classpath.DefaultClassPath$ImmutableUniqueList              : loaded 2 times (x 199B)
Class com.google.common.collect.AbstractMapBasedMultimap$WrappedCollection$WrappedIterator: loaded 2 times (x 84B)
Class com.google.common.base.Present                                                  : loaded 2 times (x 81B)
Class com.google.common.collect.Maps$EntryFunction$1                                  : loaded 2 times (x 91B)
Class kotlinx.coroutines.DispatchedTaskKt                                             : loaded 2 times (x 71B)
Class kotlinx.coroutines.internal.SystemPropsKt__SystemProps_commonKt                 : loaded 2 times (x 71B)
Class kotlinx.coroutines.ThreadContextElement                                         : loaded 2 times (x 70B)
Class kotlin.reflect.jvm.internal.impl.resolve.jvm.JvmPrimitiveType                   : loaded 2 times (x 79B)
Class kotlin.reflect.jvm.internal.ReflectProperties$LazySoftVal                       : loaded 2 times (x 78B)
Class com.google.common.reflect.TypeToken                                             : loaded 2 times (x 73B)
Class com.google.common.collect.NullnessCasts                                         : loaded 2 times (x 71B)
Class com.google.common.base.ExtraObjectsMethodsForWeb                                : loaded 2 times (x 71B)
Class org.jetbrains.kotlin.cli.common.messages.CompilerMessageSourceLocation          : loaded 2 times (x 70B)
Class kotlin.time.DurationUnit                                                        : loaded 2 times (x 79B)
Class kotlin.reflect.jvm.internal.impl.builtins.StandardNames                         : loaded 2 times (x 71B)
Class org.jetbrains.kotlin.cli.common.arguments.K2JVMCompilerArgumentsConfigurator    : loaded 2 times (x 74B)
Class [Lkotlin.reflect.jvm.internal.impl.builtins.PrimitiveType;                      : loaded 2 times (x 69B)
Class com.google.common.collect.SingletonImmutableList                                : loaded 2 times (x 207B)
Class com.google.common.cache.CacheBuilder                                            : loaded 2 times (x 72B)
Class org.gradle.internal.classpath.ClassPath                                         : loaded 2 times (x 70B)
Class com.google.common.util.concurrent.AbstractFuture$Cancellation                   : loaded 2 times (x 72B)
Class kotlin.reflect.jvm.internal.KPackageImpl                                        : loaded 2 times (x 85B)
Class [Lkotlin.reflect.jvm.internal.impl.name.FqName;                                 : loaded 2 times (x 69B)
Class com.google.common.base.NullnessCasts                                            : loaded 2 times (x 71B)
Class [Lcom.google.common.reflect.Types$JavaVersion;                                  : loaded 2 times (x 69B)
Class com.google.common.collect.ImmutableList$ReverseImmutableList                    : loaded 2 times (x 209B)
Class com.google.common.base.JdkPattern                                               : loaded 2 times (x 75B)
Class kotlin.time.DurationUnitKt__DurationUnitKt                                      : loaded 2 times (x 71B)
Class [Lkotlinx.coroutines.CoroutineStart;                                            : loaded 2 times (x 69B)
Class kotlinx.coroutines.CoroutineDispatcher$Key                                      : loaded 2 times (x 72B)
Class com.google.common.collect.ImmutableMap$Builder                                  : loaded 2 times (x 82B)
Class kotlin.coroutines.CombinedContext                                               : loaded 2 times (x 78B)
Class com.google.common.cache.Cache                                                   : loaded 2 times (x 70B)
Class org.jetbrains.kotlin.cli.common.arguments.Freezable                             : loaded 2 times (x 72B)
Class com.google.common.cache.LocalCache$Strength                                     : loaded 2 times (x 81B)
Class com.google.common.base.Stopwatch                                                : loaded 2 times (x 72B)
Class com.google.common.collect.Iterators$1                                           : loaded 2 times (x 81B)
Class com.google.common.base.Suppliers$SupplierOfInstance                             : loaded 2 times (x 79B)
Class org.jetbrains.kotlin.config.Services$Companion                                  : loaded 2 times (x 71B)
Class kotlinx.coroutines.ExecutorCoroutineDispatcher$Key$1                            : loaded 2 times (x 78B)
Class kotlinx.coroutines.internal.LockFreeTaskQueueCore                               : loaded 2 times (x 72B)
Class kotlinx.coroutines.JobCancellingNode                                            : loaded 2 times (x 90B)
Class org.gradle.api.internal.classpath.UnknownModuleException                        : loaded 2 times (x 82B)
Class com.google.devtools.ksp.processing.KSPJvmConfig                                 : loaded 2 times (x 72B)
Class com.google.common.reflect.TypeToken$1                                           : loaded 2 times (x 110B)
Class com.google.common.cache.LocalCache$ComputingValueReference                      : loaded 2 times (x 96B)
Class com.google.common.collect.ImmutableMap$IteratorBasedImmutableMap                : loaded 2 times (x 126B)
Class com.google.common.collect.SingletonImmutableSet                                 : loaded 2 times (x 146B)
Class com.google.common.cache.Weigher                                                 : loaded 2 times (x 70B)
Class kotlin.reflect.jvm.internal.KClassifierImpl                                     : loaded 2 times (x 70B)
Class [Lorg.jetbrains.kotlin.cli.common.messages.CompilerMessageSeverity;             : loaded 2 times (x 69B)
Class com.google.common.reflect.TypeToken$2                                           : loaded 2 times (x 110B)
Class com.google.common.cache.LocalCache$Segment                                      : loaded 2 times (x 154B)
Class kotlinx.coroutines.internal.DispatchedContinuationKt                            : loaded 2 times (x 71B)
Class kotlin.time.DurationJvmKt                                                       : loaded 2 times (x 71B)
Class org.gradle.api.internal.classpath.Module                                        : loaded 2 times (x 70B)
Class kotlin.reflect.jvm.internal.ReflectProperties                                   : loaded 2 times (x 71B)
Class com.google.common.collect.ImmutableBiMap                                        : loaded 2 times (x 143B)
Class com.google.common.collect.Iterators$4                                           : loaded 2 times (x 82B)
Class com.google.common.cache.CacheLoader                                             : loaded 2 times (x 74B)
Class com.google.common.collect.AbstractListMultimap                                  : loaded 2 times (x 172B)
Class org.gradle.api.internal.classpath.ModuleRegistry                                : loaded 2 times (x 70B)
Class org.gradle.internal.installation.GradleInstallation$1                           : loaded 2 times (x 75B)
Class com.google.common.collect.ImmutableMapEntrySet                                  : loaded 2 times (x 152B)
Class kotlin.jvm.internal.DoubleCompanionObject                                       : loaded 2 times (x 71B)
Class com.google.devtools.ksp.processing.KSPLogger                                    : loaded 2 times (x 70B)
Class com.google.common.collect.ImmutableSet$JdkBackedSetBuilderImpl                  : loaded 2 times (x 76B)
Class com.google.common.util.concurrent.internal.InternalFutureFailureAccess          : loaded 2 times (x 72B)
Class com.google.common.collect.Iterators$5                                           : loaded 2 times (x 82B)
Class [Lkotlin.jvm.internal.markers.KMappedMarker;                                    : loaded 2 times (x 69B)
Class kotlin.text.RegexKt                                                             : loaded 2 times (x 71B)
Class kotlin.time.Duration$Companion                                                  : loaded 2 times (x 71B)
Class kotlin.reflect.jvm.internal.KotlinReflectionInternalError                       : loaded 2 times (x 82B)
Class kotlinx.coroutines.Job$Key                                                      : loaded 2 times (x 71B)
Class kotlinx.coroutines.DefaultExecutor                                              : loaded 2 times (x 120B)
Class kotlin.reflect.jvm.internal.KDeclarationContainerImpl                           : loaded 2 times (x 84B)
Class com.google.common.collect.Iterators$6                                           : loaded 2 times (x 81B)
Class com.google.common.cache.LocalCache$LocalManualCache$1                           : loaded 2 times (x 75B)
Class kotlin.reflect.jvm.internal.impl.builtins.jvm.JavaToKotlinClassMap              : loaded 2 times (x 71B)
Class kotlinx.coroutines.Job                                                          : loaded 2 times (x 70B)
Class kotlin.jvm.internal.MutablePropertyReference0Impl                               : loaded 2 times (x 137B)
Class com.google.common.collect.Multimaps$CustomSetMultimap                           : loaded 2 times (x 178B)
Class com.google.common.collect.ImmutableCollection                                   : loaded 2 times (x 125B)
Class org.gradle.api.internal.classpath.DefaultModuleRegistry                         : loaded 2 times (x 86B)
Class com.google.common.collect.Multiset                                              : loaded 2 times (x 70B)
Class com.google.common.collect.ArrayListMultimapGwtSerializationDependencies         : loaded 2 times (x 172B)
Class kotlinx.coroutines.EventLoop                                                    : loaded 2 times (x 105B)
Class kotlin.collections.AbstractSet                                                  : loaded 2 times (x 135B)
Class com.google.common.collect.AbstractIndexedListIterator                           : loaded 2 times (x 96B)
Class com.google.common.math.MathPreconditions                                        : loaded 2 times (x 71B)
Class kotlin.reflect.jvm.internal.impl.name.SpecialNames                              : loaded 2 times (x 71B)
Class com.google.common.collect.ObjectArrays                                          : loaded 2 times (x 71B)
Class com.google.common.collect.FluentIterable$3                                      : loaded 2 times (x 81B)
Class com.google.common.collect.Lists                                                 : loaded 2 times (x 71B)
Class com.google.common.util.concurrent.ListenableFuture                              : loaded 2 times (x 70B)
Class com.google.common.cache.ReferenceEntry                                          : loaded 2 times (x 70B)
Class com.google.common.base.Converter                                                : loaded 2 times (x 90B)
Class com.google.common.collect.ImmutableSet$CachingAsList                            : loaded 2 times (x 148B)
Class jdk.internal.jimage.BasicImageReader$2                                          : loaded 2 times (x 77B)
Class kotlin.properties.NotNullVar                                                    : loaded 2 times (x 79B)
Class kotlinx.coroutines.ExecutorCoroutineDispatcher                                  : loaded 2 times (x 107B)
Class com.google.common.collect.AbstractIterator                                      : loaded 2 times (x 82B)
Class com.google.common.util.concurrent.AbstractFuture                                : loaded 2 times (x 106B)
Class com.google.common.base.FunctionalEquivalence                                    : loaded 2 times (x 83B)
Class com.google.common.collect.Iterators$9                                           : loaded 2 times (x 81B)
Class com.google.common.collect.AbstractMapBasedMultimap                              : loaded 2 times (x 139B)
Class com.google.common.collect.ImmutableAsList                                       : loaded 2 times (x 209B)
Class com.google.common.primitives.Ints                                               : loaded 2 times (x 71B)
Class com.google.common.base.Absent                                                   : loaded 2 times (x 80B)
Class com.google.common.collect.FluentIterable$2                                      : loaded 2 times (x 81B)
Class com.google.common.reflect.TypeResolver$TypeTable                                : loaded 2 times (x 73B)
Class com.google.common.cache.CacheLoader$SupplierToCacheLoader                       : loaded 2 times (x 75B)
Class com.google.common.reflect.Reflection                                            : loaded 2 times (x 71B)
Class jdk.internal.jimage.ImageReader$Resource                                        : loaded 2 times (x 84B)
Class org.gradle.api.internal.classpath.DefaultModuleRegistry$DefaultModule           : loaded 2 times (x 86B)
Class kotlinx.coroutines.ChildJob                                                     : loaded 2 times (x 70B)
Class kotlinx.coroutines.scheduling.TasksKt                                           : loaded 2 times (x 71B)
Class kotlinx.coroutines.internal.SystemPropsKt__SystemPropsKt                        : loaded 2 times (x 71B)
Class [Lorg.jetbrains.kotlin.cli.common.ExitCode;                                     : loaded 2 times (x 69B)
Class com.google.common.collect.BiMap                                                 : loaded 2 times (x 70B)
Class com.google.common.collect.ImmutableMap$1                                        : loaded 2 times (x 81B)
Class com.google.common.collect.IndexedImmutableSet                                   : loaded 2 times (x 152B)
Class com.google.common.base.Objects                                                  : loaded 2 times (x 71B)
Class com.google.common.reflect.TypeResolver$TypeTable$1                              : loaded 2 times (x 73B)
Class com.google.common.collect.Maps$EntryTransformer                                 : loaded 2 times (x 70B)
Class org.gradle.internal.service.ServiceLookupException                              : loaded 2 times (x 82B)
Class jdk.internal.jrtfs.JrtFileAttributes                                            : loaded 2 times (x 83B)
Class com.google.common.collect.FluentIterable$1                                      : loaded 2 times (x 81B)
Class kotlin.coroutines.ContinuationKt                                                : loaded 2 times (x 71B)
Class kotlinx.coroutines.ChildHandleNode                                              : loaded 2 times (x 94B)
Class kotlinx.coroutines.scheduling.SchedulerCoroutineDispatcher                      : loaded 2 times (x 108B)
Class [Lcom.google.common.cache.LocalCache$EntryFactory;                              : loaded 2 times (x 69B)
Class org.gradle.internal.classloader.ClassLoaderFactory                              : loaded 2 times (x 70B)
Class kotlinx.coroutines.CompletionHandlerBase                                        : loaded 2 times (x 80B)
Class kotlin.reflect.jvm.internal.impl.builtins.PrimitiveType                         : loaded 2 times (x 79B)
Class org.jetbrains.kotlin.cli.common.arguments.ArgumentParseErrors                   : loaded 2 times (x 72B)
Class com.google.common.base.CommonPattern                                            : loaded 2 times (x 74B)
Class com.google.common.cache.LocalCache$LocalManualCache                             : loaded 2 times (x 99B)
Class org.gradle.internal.service.CachingServiceLocator                               : loaded 2 times (x 82B)
Class kotlin.collections.AbstractMap                                                  : loaded 2 times (x 122B)
Class kotlin.reflect.jvm.internal.impl.builtins.StandardNames$FqNames                 : loaded 2 times (x 71B)
Class kotlinx.coroutines.JobSupport                                                   : loaded 2 times (x 132B)
Class com.google.common.math.IntMath                                                  : loaded 2 times (x 71B)
Class kotlinx.coroutines.BlockingEventLoop                                            : loaded 2 times (x 117B)
Class kotlin.coroutines.AbstractCoroutineContextElement                               : loaded 2 times (x 89B)
Class kotlinx.coroutines.ThreadLocalEventLoop                                         : loaded 2 times (x 71B)
Class org.gradle.internal.classloader.ClasspathUtil$1                                 : loaded 2 times (x 76B)
Class com.google.common.cache.CacheLoader$UnsupportedLoadingOperationException        : loaded 2 times (x 82B)
Class kotlin.reflect.jvm.internal.impl.descriptors.runtime.structure.ReflectClassUtilKt: loaded 2 times (x 71B)
Class kotlin.reflect.jvm.internal.ReflectionFactoryImpl                               : loaded 2 times (x 91B)
Class com.google.common.reflect.Types$TypeVariableInvocationHandler                   : loaded 2 times (x 75B)
Class [Lcom.google.common.collect.HashBiMap$BiEntry;                                  : loaded 2 times (x 69B)
Class com.google.common.collect.ImmutableMapEntry                                     : loaded 2 times (x 85B)
Class kotlinx.coroutines.CompletionStateKt                                            : loaded 2 times (x 71B)
Class kotlinx.coroutines.internal.ThreadLocalKt                                       : loaded 2 times (x 71B)
Class com.google.common.base.Predicates                                               : loaded 2 times (x 71B)
Class com.google.common.collect.ImmutableMapEntry$NonTerminalImmutableMapEntry        : loaded 2 times (x 85B)
Class com.google.common.base.Equivalence                                              : loaded 2 times (x 82B)
Class com.google.common.base.Function                                                 : loaded 2 times (x 70B)
Class kotlin.jvm.internal.markers.KMutableListIterator                                : loaded 2 times (x 70B)
Class kotlinx.coroutines.CoroutineDispatcher$Key$1                                    : loaded 2 times (x 78B)
Class kotlinx.coroutines.CoroutineDispatcher                                          : loaded 2 times (x 99B)
Class [Lorg.jetbrains.kotlin.cli.common.CompilerSystemProperties;                     : loaded 2 times (x 69B)
Class com.google.common.collect.IndexedImmutableSet$1                                 : loaded 2 times (x 213B)
Class com.google.common.collect.RegularImmutableList                                  : loaded 2 times (x 213B)
Class com.google.common.cache.CacheBuilder$OneWeigher                                 : loaded 2 times (x 82B)
Class kotlin.time.DurationUnitKt__DurationUnitJvmKt                                   : loaded 2 times (x 71B)
Class kotlin.jvm.JvmStatic                                                            : loaded 2 times (x 70B)
Class kotlin.reflect.jvm.internal.KDeclarationContainerImpl$Companion                 : loaded 2 times (x 71B)
Class com.google.common.reflect.Types$ClassOwnership$1LocalClass                      : loaded 2 times (x 71B)
Class com.google.common.collect.Maps$EntryFunction                                    : loaded 2 times (x 91B)
Class org.gradle.internal.classloader.ClasspathUtil                                   : loaded 2 times (x 71B)
Class kotlin.collections.builders.SetBuilder$Companion                                : loaded 2 times (x 71B)
Class kotlin.collections.builders.SetBuilder                                          : loaded 2 times (x 143B)
Class kotlinx.coroutines.NonDisposableHandle                                          : loaded 2 times (x 78B)
Class kotlin.io.FileTreeWalk$FileTreeWalkIterator$WhenMappings                        : loaded 2 times (x 71B)
Class kotlin.jvm.internal.PropertyReference0                                          : loaded 2 times (x 127B)
Class org.jetbrains.kotlin.cli.common.arguments.ParseCommandLineArgumentsKt           : loaded 2 times (x 71B)
Class com.google.common.util.concurrent.Uninterruptibles                              : loaded 2 times (x 71B)
Class kotlin.reflect.full.IllegalCallableAccessException                              : loaded 2 times (x 82B)
Class com.google.common.util.concurrent.UncheckedExecutionException                   : loaded 2 times (x 82B)
Class com.google.common.collect.Lists$StringAsImmutableList                           : loaded 2 times (x 207B)
Class com.google.common.collect.AbstractMapBasedMultimap$WrappedSet                   : loaded 2 times (x 142B)
Class com.google.common.util.concurrent.LazyLogger                                    : loaded 2 times (x 72B)
Class com.google.common.collect.Maps                                                  : loaded 2 times (x 71B)
Class org.gradle.api.specs.Spec                                                       : loaded 2 times (x 70B)
Class jdk.internal.jimage.ImageReader$SharedImageReader$LocationVisitor               : loaded 2 times (x 70B)
Class org.jetbrains.kotlin.config.Services                                            : loaded 2 times (x 72B)
Class kotlin.text.DelimitedRangesSequence$iterator$1                                  : loaded 2 times (x 79B)
Class kotlin.jvm.internal.PropertyReference2                                          : loaded 2 times (x 127B)
Class kotlin.reflect.jvm.internal.KMutableProperty1Impl                               : loaded 2 times (x 135B)
Class com.google.common.reflect.Types$JavaVersion                                     : loaded 2 times (x 83B)
Class [Lcom.google.common.collect.ImmutableEntry;                                     : loaded 2 times (x 69B)
Class kotlinx.coroutines.CoroutineContextKt                                           : loaded 2 times (x 71B)
Class [Lkotlin.reflect.jvm.internal.impl.builtins.jvm.JavaToKotlinClassMap$PlatformMutabilityMapping;: loaded 2 times (x 69B)
Class kotlin.collections.MutableMapWithDefault                                        : loaded 2 times (x 70B)
Class kotlin.reflect.full.IllegalPropertyDelegateAccessException                      : loaded 2 times (x 82B)
Class kotlin.jvm.internal.IntCompanionObject                                          : loaded 2 times (x 71B)
Class com.google.common.cache.LocalCache$LoadingValueReference                        : loaded 2 times (x 96B)
Class jdk.internal.jrtfs.JrtDirectoryStream$1                                         : loaded 2 times (x 83B)
Class com.google.common.collect.Iterators                                             : loaded 2 times (x 71B)
Class kotlinx.coroutines.internal.DispatchedContinuation                              : loaded 2 times (x 90B)
Class kotlinx.coroutines.internal.Symbol                                              : loaded 2 times (x 72B)
Class com.google.common.util.concurrent.AbstractFuture$Trusted                        : loaded 2 times (x 70B)
Class com.google.common.base.Optional                                                 : loaded 2 times (x 80B)
Class kotlin.io.LinesSequence$iterator$1                                              : loaded 2 times (x 79B)
Class com.google.common.reflect.Invokable$MethodInvokable                             : loaded 2 times (x 107B)
Class com.google.common.collect.CollectSpliterators                                   : loaded 2 times (x 71B)
Class com.google.common.base.Platform                                                 : loaded 2 times (x 71B)
Class com.google.common.collect.RegularImmutableAsList                                : loaded 2 times (x 217B)
Class kotlin.reflect.jvm.internal.impl.utils.CollectionsKt                            : loaded 2 times (x 71B)
Class kotlin.jvm.internal.CharCompanionObject                                         : loaded 2 times (x 71B)
Class kotlinx.coroutines.internal.LimitedDispatcherKt                                 : loaded 2 times (x 71B)
Class com.google.common.collect.AbstractMultimap                                      : loaded 2 times (x 123B)
Class com.google.common.cache.LocalCache$2                                            : loaded 2 times (x 142B)
Class com.google.common.collect.AbstractSetMultimap                                   : loaded 2 times (x 174B)
Class com.google.devtools.ksp.processing.KspGradleLogger$Companion                    : loaded 2 times (x 71B)
Class com.google.common.collect.Maps$8                                                : loaded 2 times (x 82B)
Class com.google.common.collect.ImmutableList$Builder                                 : loaded 2 times (x 77B)
Class kotlin.collections.MutableMapWithDefaultImpl                                    : loaded 2 times (x 144B)
Class com.google.common.collect.Sets$ImprovedAbstractSet                              : loaded 2 times (x 135B)
Class kotlinx.coroutines.EventLoopKt                                                  : loaded 2 times (x 71B)
Class com.google.common.reflect.TypeToken$SimpleTypeToken                             : loaded 2 times (x 73B)
Class kotlinx.coroutines.scheduling.GlobalQueue                                       : loaded 2 times (x 72B)
Class com.google.common.collect.AbstractMapEntry                                      : loaded 2 times (x 81B)
Class com.google.common.collect.Iterators$SingletonIterator                           : loaded 2 times (x 81B)
Class com.google.common.base.Predicates$CompositionPredicate                          : loaded 2 times (x 88B)
Class com.google.common.collect.Sets$SetView                                          : loaded 2 times (x 138B)
Class com.google.common.cache.LocalCache$StrongValueReference                         : loaded 2 times (x 90B)
Class com.google.common.cache.LocalCache$1                                            : loaded 2 times (x 89B)
Class com.google.common.collect.HashBiMap$BiEntry                                     : loaded 2 times (x 83B)
Class com.google.common.collect.SingletonImmutableBiMap                               : loaded 2 times (x 143B)
Class org.gradle.internal.classloader.VisitableURLClassLoader$InstrumentingVisitableURLClassLoader: loaded 2 times (x 123B)
Class jdk.internal.jrtfs.JrtFileSystem$1                                              : loaded 2 times (x 107B)
Class kotlin.collections.ReversedListReadOnly$listIterator$1                          : loaded 2 times (x 90B)
Class kotlinx.coroutines.Job$DefaultImpls                                             : loaded 2 times (x 71B)
Class kotlin.coroutines.CoroutineContext$Element$DefaultImpls                         : loaded 2 times (x 71B)
Class org.gradle.internal.service.ServiceLocator                                      : loaded 2 times (x 70B)
Class com.google.common.collect.UnmodifiableIterator                                  : loaded 2 times (x 80B)
Class [Lkotlin.reflect.jvm.internal.impl.resolve.jvm.JvmPrimitiveType;                : loaded 2 times (x 69B)
Class com.google.common.collect.Platform                                              : loaded 2 times (x 71B)
Class org.jetbrains.kotlin.cli.common.arguments.PreprocessCommandLineArgumentsKt      : loaded 2 times (x 71B)
Class kotlinx.coroutines.BuildersKt__BuildersKt                                       : loaded 2 times (x 71B)
Class com.google.common.math.IntMath$1                                                : loaded 2 times (x 71B)
Class [Lcom.google.common.cache.CacheBuilder$NullListener;                            : loaded 2 times (x 69B)
Class org.gradle.internal.classloader.VisitableURLClassLoader$Spec                    : loaded 2 times (x 74B)
Class org.gradle.internal.classpath.DefaultClassPath                                  : loaded 2 times (x 90B)
Class kotlinx.coroutines.scheduling.NanoTimeSource                                    : loaded 2 times (x 72B)
Class kotlin.jvm.internal.BooleanCompanionObject                                      : loaded 2 times (x 71B)
Class com.google.common.base.MoreObjects                                              : loaded 2 times (x 71B)
Class com.google.common.base.Joiner                                                   : loaded 2 times (x 79B)
Class com.google.common.reflect.TypeResolver$TypeVariableKey                          : loaded 2 times (x 72B)
Class kotlin.reflect.jvm.internal.impl.name.FqNamesUtilKt                             : loaded 2 times (x 71B)
Class kotlin.collections.builders.ListBuilder                                         : loaded 2 times (x 207B)
Class com.google.devtools.ksp.processing.KspGradleLogger                              : loaded 2 times (x 79B)
Class com.google.common.reflect.Types$ClassOwnership                                  : loaded 2 times (x 80B)
Class kotlin.UInt$Companion                                                           : loaded 2 times (x 71B)
Class kotlin.UInt                                                                     : loaded 2 times (x 74B)
Class kotlin.collections.builders.ListBuilder$Companion                               : loaded 2 times (x 71B)
Class com.google.common.collect.Sets$FilteredSet                                      : loaded 2 times (x 137B)
Class com.google.common.collect.RegularImmutableMap$Values                            : loaded 2 times (x 207B)
Class com.google.common.io.Closer                                                     : loaded 2 times (x 78B)
Class com.google.common.collect.ImmutableSet                                          : loaded 2 times (x 145B)
Class org.gradle.internal.classloader.ClassLoaderSpec                                 : loaded 2 times (x 71B)
Class kotlin.jvm.internal.LongCompanionObject                                         : loaded 2 times (x 71B)
Class kotlin.collections.ReversedListReadOnly                                         : loaded 2 times (x 198B)
Class kotlin.text.DelimitedRangesSequence                                             : loaded 2 times (x 75B)
Class kotlin.reflect.jvm.internal.ReflectProperties$Val$1                             : loaded 2 times (x 71B)
Class kotlinx.coroutines.scheduling.CoroutineScheduler$Companion                      : loaded 2 times (x 71B)
Class jdk.internal.jrtfs.SystemImage$2                                                : loaded 2 times (x 76B)
Class com.google.common.cache.CacheStats                                              : loaded 2 times (x 71B)
Class kotlin.time.DurationKt                                                          : loaded 2 times (x 71B)
Class kotlinx.coroutines.CoroutineStart$WhenMappings                                  : loaded 2 times (x 71B)
Class com.google.common.collect.ImmutableCollection$Builder                           : loaded 2 times (x 76B)
Class com.google.common.cache.CacheLoader$FunctionToCacheLoader                       : loaded 2 times (x 75B)
Class com.google.common.collect.Iterators$ArrayItr                                    : loaded 2 times (x 97B)
Class com.google.common.collect.Maps$IteratorBasedAbstractMap$1                       : loaded 2 times (x 138B)
Class kotlin.jdk7.AutoCloseableKt                                                     : loaded 2 times (x 71B)
Class com.google.common.io.Closer$Suppressor                                          : loaded 2 times (x 70B)
Class com.google.common.util.concurrent.AbstractFuture$Listener                       : loaded 2 times (x 72B)
Class kotlin.collections.AbstractSet$Companion                                        : loaded 2 times (x 71B)
Class com.google.common.reflect.Types$ParameterizedTypeImpl                           : loaded 2 times (x 81B)
Class org.jetbrains.kotlin.config.Services$Builder                                    : loaded 2 times (x 72B)
Class kotlin.io.FileTreeWalk$DirectoryState                                           : loaded 2 times (x 73B)
Class com.google.common.base.Supplier                                                 : loaded 2 times (x 70B)
Class org.gradle.internal.classloader.VisitableURLClassLoader                         : loaded 2 times (x 117B)
Class kotlinx.coroutines.DisposableHandle                                             : loaded 2 times (x 70B)
Class jdk.internal.jrtfs.SystemImage$1                                                : loaded 2 times (x 78B)
Class org.gradle.internal.classloader.InstrumentingClassLoader                        : loaded 2 times (x 70B)
Class kotlin.reflect.jvm.internal.KClassImpl                                          : loaded 2 times (x 115B)
Class org.gradle.internal.classpath.TransformedClassPath                              : loaded 2 times (x 96B)
Class com.google.common.cache.CacheBuilder$NullListener                               : loaded 2 times (x 82B)
Class com.google.common.collect.ImmutableList$SerializedForm                          : loaded 2 times (x 73B)
Class org.gradle.internal.Cast                                                        : loaded 2 times (x 71B)
Class org.gradle.api.Action                                                           : loaded 2 times (x 70B)
Class com.google.common.reflect.Invokable                                             : loaded 2 times (x 103B)
Class jdk.internal.jimage.ImageReader$LinkNode                                        : loaded 2 times (x 84B)
Class kotlinx.coroutines.CompletedExceptionally                                       : loaded 2 times (x 72B)
Class kotlin.coroutines.AbstractCoroutineContextKey                                   : loaded 2 times (x 72B)
Class com.google.common.collect.MapDifference                                         : loaded 2 times (x 70B)
Class org.jetbrains.kotlin.cli.common.messages.GradleStyleMessageRenderer             : loaded 2 times (x 78B)
Class com.google.common.cache.LocalCache$Strength$3                                   : loaded 2 times (x 81B)
Class com.google.common.collect.HashBiMap                                             : loaded 2 times (x 143B)
Class com.google.common.collect.Sets                                                  : loaded 2 times (x 71B)
Class com.google.common.base.Strings                                                  : loaded 2 times (x 71B)
Class com.google.common.base.Ticker                                                   : loaded 2 times (x 72B)
Class com.google.common.collect.TransformedIterator                                   : loaded 2 times (x 80B)
Class [Lcom.google.common.collect.Maps$EntryFunction;                                 : loaded 2 times (x 69B)
Class kotlinx.coroutines.scheduling.DefaultIoScheduler                                : loaded 2 times (x 110B)
Class com.google.devtools.ksp.processing.KSPConfig                                    : loaded 2 times (x 72B)
Class [Lcom.google.common.cache.LocalCache$Segment;                                   : loaded 2 times (x 69B)
Class com.google.common.base.Predicate                                                : loaded 2 times (x 70B)
Class [Lcom.google.common.cache.LocalCache$Strength;                                  : loaded 2 times (x 69B)
Class com.google.common.cache.CacheBuilder$1                                          : loaded 2 times (x 85B)
Class com.google.common.collect.ImmutableMap                                          : loaded 2 times (x 120B)
Class org.gradle.internal.classpath.DefaultClassPath$ImmutableUniqueList$Builder      : loaded 2 times (x 75B)
Class kotlinx.coroutines.DispatchedTask                                               : loaded 2 times (x 81B)
Class kotlinx.coroutines.CoroutineStart                                               : loaded 2 times (x 79B)
Class kotlinx.coroutines.scheduling.UnlimitedIoScheduler                              : loaded 2 times (x 99B)
Class jdk.internal.jrtfs.JrtFileStore                                                 : loaded 2 times (x 83B)
Class kotlin.reflect.jvm.internal.KDeclarationContainerImpl$Data                      : loaded 2 times (x 72B)
Class com.google.common.cache.LocalCache$Strength$2                                   : loaded 2 times (x 81B)
Class com.google.common.cache.LocalCache                                              : loaded 2 times (x 187B)
Class com.google.common.cache.CacheBuilder$2                                          : loaded 2 times (x 79B)
Class kotlinx.coroutines.CoroutineId                                                  : loaded 2 times (x 93B)
Class kotlinx.coroutines.EventLoopImplBase                                            : loaded 2 times (x 117B)
Class kotlin.reflect.jvm.internal.impl.builtins.PrimitiveType$Companion               : loaded 2 times (x 71B)
Class com.google.common.util.concurrent.SettableFuture                                : loaded 2 times (x 114B)
Class kotlin.reflect.jvm.internal.KClassImpl$Data                                     : loaded 2 times (x 72B)
Class com.google.common.collect.Collections2$FilteredCollection                       : loaded 2 times (x 119B)
Class com.google.common.reflect.Types$ClassOwnership$3                                : loaded 2 times (x 71B)
Class org.jetbrains.kotlin.cli.common.messages.CompilerMessageSeverity                : loaded 2 times (x 79B)
Class org.jetbrains.kotlin.cli.common.arguments.K2JVMCompilerArguments                : loaded 2 times (x 76B)
Class [Lcom.google.common.collect.AbstractMapEntry;                                   : loaded 2 times (x 69B)
Class com.google.common.collect.ImmutableEntry                                        : loaded 2 times (x 82B)
Class com.google.common.cache.CacheBuilder$3                                          : loaded 2 times (x 72B)
Class com.google.common.collect.ArrayListMultimap                                     : loaded 2 times (x 172B)
Class org.gradle.api.GradleException                                                  : loaded 2 times (x 82B)
Class kotlinx.coroutines.internal.SystemPropsKt                                       : loaded 2 times (x 71B)
Class kotlin.collections.AbstractMap$Companion                                        : loaded 2 times (x 71B)
Class com.google.common.cache.LocalCache$Strength$1                                   : loaded 2 times (x 81B)
Class com.google.common.collect.Sets$4                                                : loaded 2 times (x 139B)
Class com.google.common.reflect.TypeResolver                                          : loaded 2 times (x 72B)
Class com.google.common.reflect.Types$ClassOwnership$2                                : loaded 2 times (x 80B)
Class com.google.common.base.Suppliers$MemoizingSupplier                              : loaded 2 times (x 79B)
Class com.google.common.collect.CollectPreconditions                                  : loaded 2 times (x 71B)
Class kotlinx.coroutines.DefaultExecutorKt                                            : loaded 2 times (x 71B)
Class kotlinx.coroutines.Unconfined                                                   : loaded 2 times (x 99B)
Class kotlinx.coroutines.GlobalScope                                                  : loaded 2 times (x 74B)
Class kotlin.reflect.jvm.internal.impl.name.ClassId                                   : loaded 2 times (x 72B)
Class kotlinx.coroutines.IncompleteStateBox                                           : loaded 2 times (x 72B)
Class kotlin.reflect.jvm.internal.KTypeParameterOwnerImpl                             : loaded 2 times (x 70B)
Class org.gradle.internal.service.UnknownServiceException                             : loaded 2 times (x 83B)
Class com.google.common.cache.LocalCache$LocalLoadingCache                            : loaded 2 times (x 134B)
Class com.google.common.collect.Maps$AbstractFilteredMap                              : loaded 2 times (x 127B)
Class com.google.common.collect.SortedMapDifference                                   : loaded 2 times (x 70B)
Class kotlin.collections.builders.MapBuilder$KeysItr                                  : loaded 2 times (x 81B)
Class [Lkotlin.time.DurationUnit;                                                     : loaded 2 times (x 69B)
Class kotlinx.coroutines.AbstractCoroutine                                            : loaded 2 times (x 143B)
Class com.google.common.collect.Sets$3                                                : loaded 2 times (x 139B)
Class kotlin.reflect.jvm.internal.impl.name.Name                                      : loaded 2 times (x 75B)
Class kotlin.reflect.jvm.internal.KPropertyImpl$Companion                             : loaded 2 times (x 71B)
Class com.google.common.reflect.Types$ClassOwnership$1                                : loaded 2 times (x 80B)
Class org.jetbrains.kotlin.cli.common.arguments.CommonCompilerArguments               : loaded 2 times (x 75B)
Class com.google.common.cache.LocalCache$EntryFactory                                 : loaded 2 times (x 83B)
Class org.jetbrains.kotlin.cli.common.CompilerSystemProperties                        : loaded 2 times (x 80B)
Class org.jetbrains.kotlin.cli.common.arguments.Argument                              : loaded 2 times (x 70B)
Class kotlin.reflect.jvm.internal.impl.name.FqNameUnsafe                              : loaded 2 times (x 72B)
Class kotlinx.coroutines.Delay                                                        : loaded 2 times (x 70B)
Class org.jetbrains.kotlin.cli.common.arguments.CommonCompilerArgumentsConfigurator   : loaded 2 times (x 74B)
Class kotlinx.coroutines.ParentJob                                                    : loaded 2 times (x 70B)
Class kotlinx.coroutines.JobNode                                                      : loaded 2 times (x 90B)
Class jdk.internal.jrtfs.SystemImage                                                  : loaded 2 times (x 74B)
Class com.google.common.reflect.Types$NativeTypeVariableEquals                        : loaded 2 times (x 71B)
Class com.google.common.reflect.TypeParameter                                         : loaded 2 times (x 72B)
Class com.google.common.collect.Iterables$5                                           : loaded 2 times (x 81B)
Class com.google.common.cache.LocalCache$AbstractReferenceEntry                       : loaded 2 times (x 107B)
Class org.gradle.internal.IoActions                                                   : loaded 2 times (x 71B)
Class org.gradle.api.internal.ClassPathProvider                                       : loaded 2 times (x 70B)
Class kotlinx.coroutines.scheduling.TaskContext                                       : loaded 2 times (x 70B)
Class [Lorg.gradle.api.internal.ClassPathProvider;                                    : loaded 2 times (x 69B)
Class com.google.common.collect.Sets$2                                                : loaded 2 times (x 139B)
Class com.google.common.collect.Maps$ViewCachingAbstractMap                           : loaded 2 times (x 125B)
Class [Lcom.google.common.base.Function;                                              : loaded 2 times (x 69B)
Class kotlin.reflect.jvm.internal.EmptyContainerForLocal                              : loaded 2 times (x 84B)
Class com.google.common.cache.CacheLoader$InvalidCacheLoadException                   : loaded 2 times (x 82B)
Class com.google.common.collect.ImmutableSet$RegularSetBuilderImpl                    : loaded 2 times (x 77B)
Class org.gradle.internal.classloader.SystemClassLoaderSpec                           : loaded 2 times (x 71B)
Class kotlin.text.MatcherMatchResult$groups$1                                         : loaded 2 times (x 151B)
Class kotlinx.coroutines.internal.LockFreeLinkedListNode                              : loaded 2 times (x 75B)
Class kotlin.reflect.jvm.internal.impl.builtins.jvm.JavaToKotlinClassMap$PlatformMutabilityMapping: loaded 2 times (x 72B)
Class kotlin.coroutines.CoroutineContext$DefaultImpls                                 : loaded 2 times (x 71B)
Class kotlin.coroutines.ContinuationInterceptor$DefaultImpls                          : loaded 2 times (x 71B)
Class kotlin.jvm.internal.PropertyReference0Impl                                      : loaded 2 times (x 127B)
Class kotlin.text.MatchResult                                                         : loaded 2 times (x 70B)
Class org.gradle.api.internal.DefaultClassPathProvider                                : loaded 2 times (x 76B)
Class com.google.common.collect.ImmutableSet$SerializedForm                           : loaded 2 times (x 73B)
Class com.google.common.collect.Sets$1                                                : loaded 2 times (x 139B)
Class kotlin.reflect.jvm.internal.KCallableImpl                                       : loaded 2 times (x 105B)
Class org.jetbrains.kotlin.cli.common.ExitCode                                        : loaded 2 times (x 79B)
Class com.google.common.collect.FluentIterable                                        : loaded 2 times (x 81B)
Class com.google.common.cache.LocalCache$StrongEntry                                  : loaded 2 times (x 108B)
Class com.google.common.util.concurrent.AbstractFuture$TrustedFuture                  : loaded 2 times (x 114B)
Class com.google.common.cache.LoadingCache                                            : loaded 2 times (x 70B)
Class kotlinx.coroutines.EventLoop_commonKt                                           : loaded 2 times (x 71B)
Class com.google.common.collect.ListMultimap                                          : loaded 2 times (x 70B)
Class com.google.common.collect.ImmutableEnumMap                                      : loaded 2 times (x 126B)
Class com.google.common.collect.CollectSpliterators$1WithCharacteristics              : loaded 2 times (x 90B)
Class kotlinx.coroutines.DebugKt                                                      : loaded 2 times (x 71B)
Class kotlin.io.FileTreeWalk$FileTreeWalkIterator$TopDownDirectoryState               : loaded 2 times (x 74B)
Class com.google.common.collect.RegularImmutableMap$BucketOverflowException           : loaded 2 times (x 82B)
Class com.google.common.base.Suppliers$NonSerializableMemoizingSupplier               : loaded 2 times (x 79B)
Class [Lcom.google.common.cache.Weigher;                                              : loaded 2 times (x 69B)
Class org.gradle.api.internal.classpath.EffectiveClassPath                            : loaded 2 times (x 90B)
Class [Lcom.google.common.collect.ImmutableMapEntry;                                  : loaded 2 times (x 69B)
Class kotlinx.coroutines.internal.LockFreeTaskQueueCore$Companion                     : loaded 2 times (x 71B)
Class kotlin.reflect.jvm.internal.KProperty1Impl                                      : loaded 2 times (x 128B)
Class jdk.internal.jrtfs.ExplodedImage                                                : loaded 2 times (x 77B)
Class org.gradle.internal.classloader.ClassLoaderVisitor                              : loaded 2 times (x 76B)
Class org.jetbrains.kotlin.cli.common.CompilerSystemProperties$Companion              : loaded 2 times (x 71B)
Class [Lcom.google.common.collect.AbstractIterator$State;                             : loaded 2 times (x 69B)
Class kotlinx.coroutines.CopyableThreadContextElement                                 : loaded 2 times (x 70B)
Class kotlin.sequences.SequencesKt___SequencesKt$flatMap$1                            : loaded 2 times (x 125B)
Class com.google.common.reflect.Types$JavaVersion$1                                   : loaded 2 times (x 83B)
Class com.google.common.collect.RegularImmutableBiMap                                 : loaded 2 times (x 149B)
Class com.google.common.collect.AbstractIterator$State                                : loaded 2 times (x 79B)
Class com.google.common.cache.LocalCache$ValueReference                               : loaded 2 times (x 70B)
Class kotlin.text.MatcherMatchResult$groupValues$1                                    : loaded 2 times (x 198B)
Class kotlin.jvm.internal.FloatCompanionObject                                        : loaded 2 times (x 71B)
Class org.gradle.internal.classloader.DefaultClassLoaderFactory                       : loaded 2 times (x 82B)
Class com.google.common.base.Suppliers                                                : loaded 2 times (x 71B)
Class [Lcom.google.common.cache.CacheBuilder$OneWeigher;                              : loaded 2 times (x 69B)
Class org.jetbrains.kotlin.cli.common.arguments.CommonToolArguments                   : loaded 2 times (x 73B)
Class com.google.common.reflect.Types$JavaVersion$2                                   : loaded 2 times (x 83B)
Class com.google.common.reflect.Types                                                 : loaded 2 times (x 71B)
Class com.google.common.hash.PrimitiveSink                                            : loaded 2 times (x 70B)
Class com.google.common.collect.Hashing                                               : loaded 2 times (x 71B)
Class com.google.common.base.PatternCompiler                                          : loaded 2 times (x 70B)
Class com.google.common.util.concurrent.AbstractFuture$Failure                        : loaded 2 times (x 72B)
Class com.google.common.base.Equivalence$Equals                                       : loaded 2 times (x 82B)
Class com.google.common.base.Preconditions                                            : loaded 2 times (x 71B)
Class com.google.common.base.Platform$JdkPatternCompiler                              : loaded 2 times (x 75B)
Class kotlin.reflect.jvm.internal.KProperty0Impl                                      : loaded 2 times (x 128B)
Class kotlin.reflect.jvm.internal.impl.name.FqName                                    : loaded 2 times (x 72B)
Class kotlin.io.LinesSequence                                                         : loaded 2 times (x 75B)
Class kotlinx.coroutines.EventLoopImplPlatform                                        : loaded 2 times (x 107B)
Class com.google.common.reflect.Types$JavaVersion$3                                   : loaded 2 times (x 83B)
Class com.google.common.base.Joiner$1                                                 : loaded 2 times (x 80B)
Class com.google.common.collect.PeekingIterator                                       : loaded 2 times (x 70B)
Class kotlinx.coroutines.scheduling.SchedulerTimeSource                               : loaded 2 times (x 72B)
Class kotlinx.coroutines.scheduling.CoroutineScheduler                                : loaded 2 times (x 81B)
Class com.google.common.collect.UnmodifiableListIterator                              : loaded 2 times (x 95B)
Class com.google.common.reflect.Types$JavaVersion$4                                   : loaded 2 times (x 83B)
Class com.google.common.collect.Maps$IteratorBasedAbstractMap                         : loaded 2 times (x 125B)
Class com.google.common.base.Joiner$2                                                 : loaded 2 times (x 79B)
Class com.google.common.cache.LocalCache$EntryFactory$1                               : loaded 2 times (x 83B)
Class [Lcom.google.common.cache.RemovalListener;                                      : loaded 2 times (x 69B)
Class kotlinx.coroutines.scheduling.TaskContextImpl                                   : loaded 2 times (x 75B)
Class com.google.common.reflect.TypeCapture                                           : loaded 2 times (x 71B)
Class kotlinx.coroutines.CoroutineScope                                               : loaded 2 times (x 70B)
Class kotlinx.coroutines.ChildHandle                                                  : loaded 2 times (x 70B)
Class com.google.common.reflect.Types$JavaVersion$5                                   : loaded 2 times (x 71B)
Class [Lcom.google.common.reflect.Types$ClassOwnership;                               : loaded 2 times (x 69B)
Class com.google.common.cache.LocalCache$EntryFactory$2                               : loaded 2 times (x 83B)
Class org.gradle.api.internal.classpath.GlobalCacheRootsProvider                      : loaded 2 times (x 70B)
Class kotlin.collections.builders.ListBuilder$Itr                                     : loaded 2 times (x 94B)
Class com.google.common.collect.ImmutableMap$MapViewOfValuesAsSingletonSets           : loaded 2 times (x 126B)
Class com.google.common.collect.RegularImmutableMap                                   : loaded 2 times (x 121B)
Class org.jetbrains.kotlin.cli.common.arguments.ArgumentField                         : loaded 2 times (x 72B)
Class com.google.common.collect.ImmutableMapEntrySet$RegularEntrySet                  : loaded 2 times (x 152B)
Class com.google.common.collect.Multimaps                                             : loaded 2 times (x 71B)
Class com.google.common.cache.LocalCache$EntryFactory$3                               : loaded 2 times (x 83B)
Class com.google.common.base.Ticker$1                                                 : loaded 2 times (x 72B)
Class com.google.common.collect.Maps$BiMapConverter                                   : loaded 2 times (x 90B)
Class kotlinx.coroutines.Incomplete                                                   : loaded 2 times (x 70B)
Class org.jetbrains.kotlin.cli.common.messages.MessageRenderer                        : loaded 2 times (x 70B)
Class com.google.common.collect.SetMultimap                                           : loaded 2 times (x 70B)
Class com.google.common.cache.LocalCache$EntryFactory$4                               : loaded 2 times (x 83B)
Class com.google.common.collect.ImmutableSet$Builder                                  : loaded 2 times (x 85B)
Class kotlin.concurrent.LocksKt                                                       : loaded 2 times (x 71B)
Class kotlinx.coroutines.AbstractTimeSourceKt                                         : loaded 2 times (x 71B)
Class kotlin.jvm.internal.MutablePropertyReference2                                   : loaded 2 times (x 137B)
Class com.google.common.cache.LocalCache$EntryFactory$5                               : loaded 2 times (x 83B)
Class kotlin.jvm.internal.ByteCompanionObject                                         : loaded 2 times (x 71B)
Class kotlin.time.Duration                                                            : loaded 2 times (x 74B)
Class kotlin.reflect.jvm.internal.ReflectProperties$Val                               : loaded 2 times (x 74B)
Class org.gradle.api.internal.classpath.ManifestUtil                                  : loaded 2 times (x 71B)
Class com.google.common.cache.LocalCache$EntryFactory$6                               : loaded 2 times (x 83B)
Class org.gradle.internal.installation.CurrentGradleInstallationLocator               : loaded 2 times (x 71B)
Class com.google.common.collect.AbstractMapBasedMultimap$WrappedCollection            : loaded 2 times (x 124B)
Class kotlinx.coroutines.internal.OpDescriptor                                        : loaded 2 times (x 73B)
Class kotlinx.coroutines.Empty                                                        : loaded 2 times (x 75B)
Class org.jetbrains.kotlin.cli.common.messages.CompilerMessageSeverity$Companion      : loaded 2 times (x 71B)
Class kotlin.coroutines.jvm.internal.SpillingKt                                       : loaded 2 times (x 71B)
Class com.google.common.collect.ImmutableSet$EmptySetBuilderImpl                      : loaded 2 times (x 76B)
Class com.google.common.cache.LocalCache$EntryFactory$7                               : loaded 2 times (x 83B)
Class com.google.common.collect.ImmutableList                                         : loaded 2 times (x 206B)
Class org.gradle.internal.service.DefaultServiceLocator                               : loaded 2 times (x 83B)
Class jdk.internal.jrtfs.JrtDirectoryStream                                           : loaded 2 times (x 89B)
Class kotlin.properties.ObservableProperty                                            : loaded 2 times (x 83B)
Class com.google.common.util.concurrent.ExecutionError                                : loaded 2 times (x 82B)
Class com.google.common.collect.ImmutableList$1                                       : loaded 2 times (x 97B)
Class com.google.common.collect.ImmutableEnumSet                                      : loaded 2 times (x 146B)
Class org.gradle.internal.classloader.ClassLoaderHierarchy                            : loaded 2 times (x 70B)
Class org.jetbrains.kotlin.util.capitalizeDecapitalize.CapitalizeDecapitalizeKt       : loaded 2 times (x 71B)
Class com.google.common.collect.Maps$EntrySet                                         : loaded 2 times (x 136B)
Class com.google.common.cache.LocalCache$EntryFactory$8                               : loaded 2 times (x 83B)
Class com.google.common.collect.ImmutableSet$SetBuilderImpl                           : loaded 2 times (x 76B)
Class org.gradle.internal.installation.CurrentGradleInstallation                      : loaded 2 times (x 73B)
Class com.google.common.collect.SortedSetMultimap                                     : loaded 2 times (x 70B)
Class kotlin.jvm.internal.Ref$BooleanRef                                              : loaded 2 times (x 71B)
Class kotlinx.coroutines.scheduling.Task                                              : loaded 2 times (x 76B)
Class kotlin.jvm.internal.MutablePropertyReference0                                   : loaded 2 times (x 137B)
Class kotlinx.coroutines.BlockingCoroutine                                            : loaded 2 times (x 143B)
Class kotlin.reflect.jvm.internal.impl.builtins.CompanionObjectMapping                : loaded 2 times (x 71B)
Class kotlinx.coroutines.BuildersKt                                                   : loaded 2 times (x 71B)
Class com.google.common.collect.ImmutableList$SubList                                 : loaded 2 times (x 209B)
Class com.google.common.collect.ForwardingObject                                      : loaded 2 times (x 72B)
Class com.google.common.cache.CacheLoader$1                                           : loaded 2 times (x 75B)
Class org.gradle.util.internal.GUtil                                                  : loaded 2 times (x 71B)
Class kotlinx.coroutines.internal.LockFreeTaskQueue                                   : loaded 2 times (x 72B)
Class kotlinx.coroutines.scheduling.DefaultScheduler                                  : loaded 2 times (x 108B)
Class kotlinx.coroutines.Dispatchers                                                  : loaded 2 times (x 71B)
Class kotlinx.coroutines.CoroutineContextKt$hasCopyableElements$1                     : loaded 2 times (x 78B)
Class kotlinx.coroutines.internal.ThreadContextKt                                     : loaded 2 times (x 71B)
Class org.gradle.internal.classloader.FilteringClassLoader                            : loaded 2 times (x 105B)
Class com.google.common.cache.AbstractCache$StatsCounter                              : loaded 2 times (x 70B)
Class com.google.common.base.Equivalence$Identity                                     : loaded 2 times (x 82B)
Class kotlin.time.DurationUnitKt                                                      : loaded 2 times (x 71B)
Class com.google.common.base.PairwiseEquivalence                                      : loaded 2 times (x 83B)
Class kotlinx.coroutines.intrinsics.CancellableKt                                     : loaded 2 times (x 71B)
Class com.google.common.collect.RegularImmutableMap$KeySet                            : loaded 2 times (x 152B)
Class kotlin.reflect.jvm.internal.RuntimeTypeMapper                                   : loaded 2 times (x 71B)
Class com.google.common.reflect.Types$TypeVariableImpl                                : loaded 2 times (x 72B)
Class com.google.common.collect.Iterators$MergingIterator                             : loaded 2 times (x 81B)
Class com.google.common.collect.RegularImmutableSet                                   : loaded 2 times (x 149B)
Class org.gradle.internal.installation.GradleInstallation                             : loaded 2 times (x 75B)
Class kotlinx.coroutines.internal.ResizableAtomicArray                                : loaded 2 times (x 72B)
Class kotlin.collections.ReversedList                                                 : loaded 2 times (x 207B)
Class com.google.common.collect.Iterables                                             : loaded 2 times (x 71B)
Class kotlin.collections.ReversedList$listIterator$1                                  : loaded 2 times (x 94B)
Class kotlin.text.MatcherMatchResult                                                  : loaded 2 times (x 80B)
Class kotlinx.coroutines.JobSupportKt                                                 : loaded 2 times (x 71B)
Class kotlinx.coroutines.ExecutorCoroutineDispatcher$Key                              : loaded 2 times (x 72B)
Class kotlin.text.MatchGroupCollection                                                : loaded 2 times (x 70B)
Class kotlin.text.MatchNamedGroupCollection                                           : loaded 2 times (x 70B)

---------------  S Y S T E M  ---------------

OS:
 Windows 10 , 64 bit Build 19041 (10.0.19041.4842)
OS uptime: 0 days 23:13 hours

CPU: total 8 (initial active 8) (4 cores per cpu, 2 threads per core) family 6 model 142 stepping 12 microcode 0xca, cx8, cmov, fxsr, ht, mmx, 3dnowpref, sse, sse2, sse3, ssse3, sse4.1, sse4.2, popcnt, lzcnt, tsc, tscinvbit, avx, avx2, aes, erms, clmul, bmi1, bmi2, adx, fma, vzeroupper, clflush, clflushopt, rdtscp, f16c
Processor Information for the first 8 processors :
  Max Mhz: 2304, Current Mhz: 1803, Mhz Limit: 1797

Memory: 4k page, system-wide physical 8013M (243M free)
TotalPageFile size 20301M (AvailPageFile size 5M)
current process WorkingSet (physical memory assigned to process): 952M, peak: 2058M
current process commit charge ("private bytes"): 2321M, peak: 2466M

vm_info: OpenJDK 64-Bit Server VM (21.0.10+-14961533-b1163.108) for windows-amd64 JRE (21.0.10+-14961533-b1163.108), built on 2026-03-02T19:58:50Z by "builder" with MS VC++ 16.10 / 16.11 (VS2019)

END.
