#
# There is insufficient memory for the Java Runtime Environment to continue.
# Native memory allocation (mmap) failed to map 1182793728 bytes for G1 virtual space
# Possible reasons:
#   The system is out of physical RAM or swap space
#   The process is running with CompressedOops enabled, and the Java Heap may be blocking the growth of the native heap
# Possible solutions:
#   Reduce memory load on the system
#   Increase physical memory or swap space
#   Check if swap backing store is full
#   Decrease Java heap size (-Xmx/-Xms)
#   Decrease number of Java threads
#   Decrease Java thread stack sizes (-Xss)
#   Set larger code cache with -XX:ReservedCodeCacheSize=
#   JVM is running with Zero Based Compressed Oops mode in which the Java heap is
#     placed in the first 32GB address space. The Java Heap base address is the
#     maximum limit for the native heap growth. Please use -XX:HeapBaseMinAddress
#     to set the Java Heap base and to place the Java Heap above 32GB virtual address.
# This output file may be truncated or incomplete.
#
#  Out of Memory Error (os_windows.cpp:3548), pid=6928, tid=2228
#
# JRE version: Java(TM) SE Runtime Environment (17.0.12+8) (build 17.0.12+8-LTS-286)
# Java VM: Java HotSpot(TM) 64-Bit Server VM (17.0.12+8-LTS-286, mixed mode, sharing, tiered, compressed oops, compressed class ptrs, g1 gc, windows-amd64)
# No core dump will be written. Minidumps are not enabled by default on client versions of Windows
#

---------------  S U M M A R Y ------------

Command Line: --add-opens=java.base/java.lang=ALL-UNNAMED --add-opens=java.base/java.lang.invoke=ALL-UNNAMED --add-opens=java.base/java.util=ALL-UNNAMED --add-opens=java.prefs/java.util.prefs=ALL-UNNAMED --add-exports=jdk.compiler/com.sun.tools.javac.api=ALL-UNNAMED --add-exports=jdk.compiler/com.sun.tools.javac.util=ALL-UNNAMED --add-opens=java.base/java.util=ALL-UNNAMED --add-opens=java.prefs/java.util.prefs=ALL-UNNAMED --add-opens=java.base/java.nio.charset=ALL-UNNAMED --add-opens=java.base/java.net=ALL-UNNAMED --add-opens=java.base/java.util.concurrent=ALL-UNNAMED --add-opens=java.base/java.util.concurrent.atomic=ALL-UNNAMED --add-opens=java.xml/javax.xml.namespace=ALL-UNNAMED --add-opens=java.base/java.time=ALL-UNNAMED -Xmx4g -Dfile.encoding=UTF-8 -Duser.country=CN -Duser.language=zh -Duser.variant -javaagent:C:\Users\CCCccc\.gradle\wrapper\dists\gradle-9.3.1-bin\23ovyewtku6u96viwx3xl3oks\gradle-9.3.1\lib\agents\gradle-instrumentation-agent-9.3.1.jar org.gradle.launcher.daemon.bootstrap.GradleDaemon 9.3.1

Host: Intel(R) Core(TM) i7-10510U CPU @ 1.80GHz, 8 cores, 7G,  Windows 10 , 64 bit Build 19041 (10.0.19041.4842)
Time: Tue Oct  6 07:40:12 2026  Windows 10 , 64 bit Build 19041 (10.0.19041.4842) elapsed time: 186.869737 seconds (0d 0h 3m 6s)

---------------  T H R E A D  ---------------

Current thread (0x000001d9a5c0ea30):  VMThread "VM Thread" [stack: 0x0000008542d00000,0x0000008542e00000] [id=2228]

Stack: [0x0000008542d00000,0x0000008542e00000]
Native frames: (J=compiled Java code, j=interpreted, Vv=VM code, C=native code)
V  [jvm.dll+0x67a04a]
V  [jvm.dll+0x7da4ed]
V  [jvm.dll+0x7dbe33]
V  [jvm.dll+0x7dc4a3]
V  [jvm.dll+0x24508f]
V  [jvm.dll+0x677089]
V  [jvm.dll+0x66bd32]
V  [jvm.dll+0x301fa6]
V  [jvm.dll+0x309546]
V  [jvm.dll+0x359d2e]
V  [jvm.dll+0x359f5f]
V  [jvm.dll+0x2d9078]
V  [jvm.dll+0x2d74ad]
V  [jvm.dll+0x2d6afc]
V  [jvm.dll+0x31a65b]
V  [jvm.dll+0x7e0d9b]
V  [jvm.dll+0x7e1ad4]
V  [jvm.dll+0x7e1fed]
V  [jvm.dll+0x7e23c4]
V  [jvm.dll+0x7e2490]
V  [jvm.dll+0x78abea]
V  [jvm.dll+0x678f35]
C  [ucrtbase.dll+0x21bb2]
C  [KERNEL32.DLL+0x17374]
C  [ntdll.dll+0x4cc91]

VM_Operation (0x000000854abfda00): G1CollectForAllocation, mode: safepoint, requested by thread 0x000001da047e0a80


---------------  P R O C E S S  ---------------

Threads class SMR info:
_java_thread_list=0x000001d9a5b12cb0, length=116, elements={
0x000001d98322ada0, 0x000001d9a5c14950, 0x000001d9a5c176f0, 0x000001d9a5c306d0,
0x000001d9a5c311a0, 0x000001d9a5c34a90, 0x000001d9a5c35360, 0x000001d9a5c35f60,
0x000001d9a5c42180, 0x000001d9a5c4d270, 0x000001d9a6184240, 0x000001d9a6184750,
0x000001d9a6182e00, 0x000001d9a61828f0, 0x000001d9a61823e0, 0x000001d9a6183820,
0x000001d9a6183d30, 0x000001d9ed3c2b70, 0x000001d9ed3c2150, 0x000001d9ed3bfde0,
0x000001d9ed3c3fb0, 0x000001d9ed3c1220, 0x000001d9ed3c1730, 0x000001d9f03e5130,
0x000001d9a64498f0, 0x000001d9ed3c1c40, 0x000001d9fbffaf70, 0x000001d9fb1fb240,
0x000001d9fb1f7a90, 0x000001d9fb1fe9f0, 0x000001d9fb1f89c0, 0x000001d9fb1fc170,
0x000001d9f03e7ec0, 0x000001d9f03e28b0, 0x000001d9eeda5320, 0x000001d9eeda2080,
0x000001d9ec7c2580, 0x000001da020e6a10, 0x000001da020e7940, 0x000001da020ea1c0,
0x000001da020e8d80, 0x000001da020eb0f0, 0x000001da020eb600, 0x000001da020e5ae0,
0x000001da020f1120, 0x000001da04c19700, 0x000001da04c1ba70, 0x000001da04c18ce0,
0x000001da04c182c0, 0x000001da0243dae0, 0x000001da0243c6a0, 0x000001da0243dff0,
0x000001da044bc770, 0x000001da04c19c10, 0x000001da04c1a630, 0x000001da04c1ab40,
0x000001da04c187d0, 0x000001da04c1a120, 0x000001da0283a880, 0x000001da0283bcc0,
0x000001da0283b2a0, 0x000001da047dfb50, 0x000001da047dec20, 0x000001d9f2724880,
0x000001d9f2722f30, 0x000001d9f27252a0, 0x000001d9f2725cc0, 0x000001d9f2723440,
0x000001d9f2723950, 0x000001d9f27257b0, 0x000001d9f2724d90, 0x000001da29860480,
0x000001da298618c0, 0x000001da2985ff70, 0x000001d9ec7c34b0, 0x000001da01f00950,
0x000001da01f01370, 0x000001da01f01d90, 0x000001da02995df0, 0x000001da0513ef90,
0x000001da29860990, 0x000001da298613b0, 0x000001da29860ea0, 0x000001da0513e060,
0x000001d9ec7c2fa0, 0x000001da047e0060, 0x000001d9f2586560, 0x000001da020e50c0,
0x000001da020f1b40, 0x000001da020ef7d0, 0x000001da0507cc00, 0x000001da0250ef80,
0x000001da0a3b78b0, 0x000001da0a3b87e0, 0x000001da0a3b5030, 0x000001da029958e0,
0x000001da0250feb0, 0x000001d9f27261d0, 0x000001d9f1cb7060, 0x000001da020f2050,
0x000001da020efce0, 0x000001da020ed460, 0x000001da020f2f80, 0x000001da047df130,
0x000001da047df640, 0x000001da047e0570, 0x000001da0a3b73a0, 0x000001da0a3b5540,
0x000001da025112f0, 0x000001d9f271f410, 0x000001da020f2560, 0x000001da047dd7e0,
0x000001da047e0a80, 0x000001da047e0f90, 0x000001da0a3b5a50, 0x000001d9f2720340
}

Java Threads: ( => current thread )
  0x000001d98322ada0 JavaThread "main" [_thread_blocked, id=11472, stack(0x0000008542700000,0x0000008542800000)]
  0x000001d9a5c14950 JavaThread "Reference Handler" daemon [_thread_blocked, id=14416, stack(0x0000008542e00000,0x0000008542f00000)]
  0x000001d9a5c176f0 JavaThread "Finalizer" daemon [_thread_blocked, id=17372, stack(0x0000008542f00000,0x0000008543000000)]
  0x000001d9a5c306d0 JavaThread "Signal Dispatcher" daemon [_thread_blocked, id=16308, stack(0x0000008543000000,0x0000008543100000)]
  0x000001d9a5c311a0 JavaThread "Attach Listener" daemon [_thread_blocked, id=9452, stack(0x0000008543100000,0x0000008543200000)]
  0x000001d9a5c34a90 JavaThread "Service Thread" daemon [_thread_blocked, id=7324, stack(0x0000008543200000,0x0000008543300000)]
  0x000001d9a5c35360 JavaThread "Monitor Deflation Thread" daemon [_thread_blocked, id=13616, stack(0x0000008543300000,0x0000008543400000)]
  0x000001d9a5c35f60 JavaThread "C2 CompilerThread0" daemon [_thread_blocked, id=4392, stack(0x0000008543400000,0x0000008543500000)]
  0x000001d9a5c42180 JavaThread "C1 CompilerThread0" daemon [_thread_blocked, id=12944, stack(0x0000008543500000,0x0000008543600000)]
  0x000001d9a5c4d270 JavaThread "Sweeper thread" daemon [_thread_blocked, id=4444, stack(0x0000008543600000,0x0000008543700000)]
  0x000001d9a6184240 JavaThread "Common-Cleaner" daemon [_thread_blocked, id=10980, stack(0x0000008543700000,0x0000008543800000)]
  0x000001d9a6184750 JavaThread "Notification Thread" daemon [_thread_blocked, id=17600, stack(0x0000008543800000,0x0000008543900000)]
  0x000001d9a6182e00 JavaThread "Daemon health stats" [_thread_blocked, id=3612, stack(0x0000008544000000,0x0000008544100000)]
  0x000001d9a61828f0 JavaThread "Incoming local TCP Connector on port 21708" [_thread_in_native, id=16792, stack(0x0000008544200000,0x0000008544300000)]
  0x000001d9a61823e0 JavaThread "Daemon periodic checks" [_thread_blocked, id=2260, stack(0x0000008544400000,0x0000008544500000)]
  0x000001d9a6183820 JavaThread "Daemon" [_thread_blocked, id=3288, stack(0x0000008544500000,0x0000008544600000)]
  0x000001d9a6183d30 JavaThread "Daemon worker" [_thread_blocked, id=16848, stack(0x0000008544800000,0x0000008544900000)]
  0x000001d9ed3c2b70 JavaThread "Cache worker for journal cache (C:\Users\CCCccc\.gradle\caches\journal-1)" [_thread_blocked, id=3380, stack(0x0000008544300000,0x0000008544400000)]
  0x000001d9ed3c2150 JavaThread "File lock request listener" [_thread_in_native, id=17660, stack(0x0000008544c00000,0x0000008544d00000)]
  0x000001d9ed3bfde0 JavaThread "Cache worker for file hash cache (C:\Users\CCCccc\.gradle\caches\9.3.1\fileHashes)" [_thread_blocked, id=4084, stack(0x0000008544d00000,0x0000008544e00000)]
  0x000001d9ed3c3fb0 JavaThread "Cache worker for file content cache (C:\Users\CCCccc\.gradle\caches\9.3.1\fileContent)" [_thread_blocked, id=14064, stack(0x0000008545400000,0x0000008545500000)]
  0x000001d9ed3c1220 JavaThread "File watcher server" daemon [_thread_blocked, id=12696, stack(0x0000008544e00000,0x0000008544f00000)]
  0x000001d9ed3c1730 JavaThread "File watcher consumer" daemon [_thread_blocked, id=6868, stack(0x0000008545500000,0x0000008545600000)]
  0x000001d9f03e5130 JavaThread "Memory manager" [_thread_blocked, id=4740, stack(0x0000008545a00000,0x0000008545b00000)]
  0x000001d9a64498f0 JavaThread "pool-3-thread-1" [_thread_blocked, id=14944, stack(0x0000008546f00000,0x0000008547000000)]
  0x000001d9ed3c1c40 JavaThread "pool-6-thread-1" [_thread_blocked, id=12396, stack(0x0000008542400000,0x0000008542500000)]
  0x000001d9fbffaf70 JavaThread "included builds" [_thread_blocked, id=10716, stack(0x0000008547800000,0x0000008547900000)]
  0x000001d9fb1fb240 JavaThread "DefaultDispatcher-worker-1" daemon [_thread_blocked, id=15272, stack(0x0000008548b00000,0x0000008548c00000)]
  0x000001d9fb1f7a90 JavaThread "DefaultDispatcher-worker-2" daemon [_thread_blocked, id=5556, stack(0x0000008548c00000,0x0000008548d00000)]
  0x000001d9fb1fe9f0 JavaThread "DefaultDispatcher-worker-3" daemon [_thread_blocked, id=12492, stack(0x0000008548d00000,0x0000008548e00000)]
  0x000001d9fb1f89c0 JavaThread "Periodic tasks thread" daemon [_thread_blocked, id=16496, stack(0x0000008548e00000,0x0000008548f00000)]
  0x000001d9fb1fc170 JavaThread "ApplicationImpl pooled thread 1" [_thread_blocked, id=10004, stack(0x0000008548f00000,0x0000008549000000)]
  0x000001d9f03e7ec0 JavaThread "ForkJoinPool.commonPool-worker-2" daemon [_thread_blocked, id=7808, stack(0x0000008549100000,0x0000008549200000)]
  0x000001d9f03e28b0 JavaThread "Java2D Disposer" daemon [_thread_blocked, id=17688, stack(0x0000008549200000,0x0000008549300000)]
  0x000001d9eeda5320 JavaThread "AWT-Windows" daemon [_thread_in_native, id=11896, stack(0x0000008549400000,0x0000008549500000)]
  0x000001d9eeda2080 JavaThread "ForkJoinPool.commonPool-worker-3" daemon [_thread_blocked, id=15292, stack(0x0000008549300000,0x0000008549400000)]
  0x000001d9ec7c2580 JavaThread "VFS cleanup Thread 2" [_thread_blocked, id=18100, stack(0x0000008542500000,0x0000008542600000)]
  0x000001da020e6a10 JavaThread "Handler for socket connection from /127.0.0.1:21708 to /127.0.0.1:21724" [_thread_in_native, id=9284, stack(0x0000008542600000,0x0000008542700000)]
  0x000001da020e7940 JavaThread "Cancel handler" [_thread_blocked, id=2112, stack(0x0000008544600000,0x0000008544700000)]
  0x000001da020ea1c0 JavaThread "Asynchronous log dispatcher for DefaultDaemonConnection: socket connection from /127.0.0.1:21708 to /127.0.0.1:21724" [_thread_blocked, id=7064, stack(0x0000008544700000,0x0000008544800000)]
  0x000001da020e8d80 JavaThread "Stdin handler" [_thread_blocked, id=17564, stack(0x0000008544900000,0x0000008544a00000)]
  0x000001da020eb0f0 JavaThread "Daemon client event forwarder" [_thread_blocked, id=1428, stack(0x0000008544a00000,0x0000008544b00000)]
  0x000001da020eb600 JavaThread "Cache worker for file hash cache (D:\HAM\YUJINGQI\A_LBJ\233\233Android_RTL_SDR_LBJ_RECEIVER2-feature-lbj-signal-data\.gradle\9.3.1\fileHashes)" [_thread_blocked, id=8736, stack(0x0000008544b00000,0x0000008544c00000)]
  0x000001da020e5ae0 JavaThread "Cache worker for checksums cache (D:\HAM\YUJINGQI\A_LBJ\233\233Android_RTL_SDR_LBJ_RECEIVER2-feature-lbj-signal-data\.gradle\9.3.1\checksums)" [_thread_blocked, id=2284, stack(0x0000008545100000,0x0000008545200000)]
  0x000001da020f1120 JavaThread "Cache worker for Build Output Cleanup Cache (D:\HAM\YUJINGQI\A_LBJ\233\233Android_RTL_SDR_LBJ_RECEIVER2-feature-lbj-signal-data\.gradle\buildOutputCleanup)" [_thread_blocked, id=3196, stack(0x0000008545200000,0x0000008545300000)]
  0x000001da04c19700 JavaThread "Cache worker for cache directory md-supplier (C:\Users\CCCccc\.gradle\caches\9.3.1\md-supplier)" [_thread_blocked, id=5724, stack(0x0000008545300000,0x0000008545400000)]
  0x000001da04c1ba70 JavaThread "Cache worker for cache directory md-rule (C:\Users\CCCccc\.gradle\caches\9.3.1\md-rule)" [_thread_blocked, id=17080, stack(0x0000008545600000,0x0000008545700000)]
  0x000001da04c18ce0 JavaThread "Unconstrained build operations" [_thread_blocked, id=13032, stack(0x0000008545700000,0x0000008545800000)]
  0x000001da04c182c0 JavaThread "Unconstrained build operations Thread 2" [_thread_blocked, id=9964, stack(0x0000008545800000,0x0000008545900000)]
  0x000001da0243dae0 JavaThread "Configuration cache report writer" [_thread_blocked, id=9680, stack(0x0000008545900000,0x0000008545a00000)]
  0x000001da0243c6a0 JavaThread "Unconstrained build operations Thread 3" [_thread_blocked, id=14420, stack(0x0000008545b00000,0x0000008545c00000)]
  0x000001da0243dff0 JavaThread "Unconstrained build operations Thread 4" [_thread_blocked, id=9944, stack(0x0000008545c00000,0x0000008545d00000)]
  0x000001da044bc770 JavaThread "Unconstrained build operations Thread 5" [_thread_blocked, id=4468, stack(0x0000008545e00000,0x0000008545f00000)]
  0x000001da04c19c10 JavaThread "Unconstrained build operations Thread 6" [_thread_blocked, id=9556, stack(0x0000008545f00000,0x0000008546000000)]
  0x000001da04c1a630 JavaThread "Unconstrained build operations Thread 7" [_thread_blocked, id=5164, stack(0x0000008546000000,0x0000008546100000)]
  0x000001da04c1ab40 JavaThread "Unconstrained build operations Thread 8" [_thread_blocked, id=12456, stack(0x0000008546100000,0x0000008546200000)]
  0x000001da04c187d0 JavaThread "build event listener" [_thread_blocked, id=13556, stack(0x0000008546200000,0x0000008546300000)]
  0x000001da04c1a120 JavaThread "pool-11-thread-1" [_thread_blocked, id=2620, stack(0x0000008546300000,0x0000008546400000)]
  0x000001da0283a880 JavaThread "build event listener" [_thread_blocked, id=14620, stack(0x0000008546400000,0x0000008546500000)]
  0x000001da0283bcc0 JavaThread "Build operations" [_thread_blocked, id=6112, stack(0x0000008546500000,0x0000008546600000)]
  0x000001da0283b2a0 JavaThread "Unconstrained build operations Thread 9" [_thread_blocked, id=16440, stack(0x0000008546600000,0x0000008546700000)]
  0x000001da047dfb50 JavaThread "Unconstrained build operations Thread 10" [_thread_blocked, id=11712, stack(0x0000008546700000,0x0000008546800000)]
  0x000001da047dec20 JavaThread "Unconstrained build operations Thread 11" [_thread_blocked, id=16108, stack(0x0000008546a00000,0x0000008546b00000)]
  0x000001d9f2724880 JavaThread "Unconstrained build operations Thread 12" [_thread_blocked, id=2548, stack(0x0000008546c00000,0x0000008546d00000)]
  0x000001d9f2722f30 JavaThread "Unconstrained build operations Thread 13" [_thread_blocked, id=17476, stack(0x0000008547000000,0x0000008547100000)]
  0x000001d9f27252a0 JavaThread "Unconstrained build operations Thread 14" [_thread_blocked, id=17556, stack(0x0000008547100000,0x0000008547200000)]
  0x000001d9f2725cc0 JavaThread "Unconstrained build operations Thread 15" [_thread_blocked, id=4028, stack(0x0000008547200000,0x0000008547300000)]
  0x000001d9f2723440 JavaThread "Unconstrained build operations Thread 16" [_thread_blocked, id=10820, stack(0x0000008547300000,0x0000008547400000)]
  0x000001d9f2723950 JavaThread "Unconstrained build operations Thread 17" [_thread_blocked, id=3488, stack(0x0000008547400000,0x0000008547500000)]
  0x000001d9f27257b0 JavaThread "Unconstrained build operations Thread 18" [_thread_blocked, id=17928, stack(0x0000008547500000,0x0000008547600000)]
  0x000001d9f2724d90 JavaThread "Unconstrained build operations Thread 19" [_thread_blocked, id=17224, stack(0x0000008547600000,0x0000008547700000)]
  0x000001da29860480 JavaThread "Exec process" [_thread_blocked, id=2268, stack(0x0000008547700000,0x0000008547800000)]
  0x000001da298618c0 JavaThread "Exec process Thread 2" [_thread_blocked, id=12320, stack(0x0000008547900000,0x0000008547a00000)]
  0x000001da2985ff70 JavaThread "Exec process Thread 3" [_thread_blocked, id=14364, stack(0x0000008547a00000,0x0000008547b00000)]
  0x000001d9ec7c34b0 JavaThread "Build operations Thread 2" [_thread_blocked, id=12800, stack(0x0000008547c00000,0x0000008547d00000)]
  0x000001da01f00950 JavaThread "included builds" [_thread_blocked, id=10720, stack(0x0000008547b00000,0x0000008547c00000)]
  0x000001da01f01370 JavaThread "Execution worker" [_thread_blocked, id=7080, stack(0x0000008547d00000,0x0000008547e00000)]
  0x000001da01f01d90 JavaThread "Execution worker Thread 2" [_thread_blocked, id=5972, stack(0x0000008547e00000,0x0000008547f00000)]
  0x000001da02995df0 JavaThread "Execution worker Thread 3" [_thread_blocked, id=12620, stack(0x0000008547f00000,0x0000008548000000)]
  0x000001da0513ef90 JavaThread "Cache worker for execution history cache (D:\HAM\YUJINGQI\A_LBJ\233\233Android_RTL_SDR_LBJ_RECEIVER2-feature-lbj-signal-data\.gradle\9.3.1\executionHistory)" [_thread_blocked, id=12584, stack(0x0000008548000000,0x0000008548100000)]
  0x000001da29860990 JavaThread "Unconstrained build operations Thread 20" [_thread_blocked, id=1080, stack(0x0000008548100000,0x0000008548200000)]
  0x000001da298613b0 JavaThread "Unconstrained build operations Thread 21" [_thread_blocked, id=4588, stack(0x0000008548200000,0x0000008548300000)]
  0x000001da29860ea0 JavaThread "Unconstrained build operations Thread 22" [_thread_blocked, id=13996, stack(0x0000008548300000,0x0000008548400000)]
  0x000001da0513e060 JavaThread "WorkerExecutor Queue" [_thread_blocked, id=12140, stack(0x0000008548400000,0x0000008548500000)]
  0x000001d9ec7c2fa0 JavaThread "Unconstrained build operations Thread 23" [_thread_blocked, id=8972, stack(0x0000008548500000,0x0000008548600000)]
  0x000001da047e0060 JavaThread "Unconstrained build operations Thread 24" [_thread_blocked, id=8896, stack(0x0000008548600000,0x0000008548700000)]
  0x000001d9f2586560 JavaThread "Unconstrained build operations Thread 25" [_thread_blocked, id=10528, stack(0x0000008548700000,0x0000008548800000)]
  0x000001da020e50c0 JavaThread "Unconstrained build operations Thread 26" [_thread_blocked, id=10196, stack(0x0000008548800000,0x0000008548900000)]
  0x000001da020f1b40 JavaThread "Unconstrained build operations Thread 27" [_thread_blocked, id=15900, stack(0x0000008548900000,0x0000008548a00000)]
  0x000001da020ef7d0 JavaThread "Unconstrained build operations Thread 28" [_thread_blocked, id=18312, stack(0x0000008548a00000,0x0000008548b00000)]
  0x000001da0507cc00 JavaThread "WorkerExecutor Queue Thread 3" [_thread_blocked, id=17956, stack(0x0000008549500000,0x0000008549600000)]
  0x000001da0250ef80 JavaThread "WorkerExecutor Queue Thread 4" [_thread_blocked, id=15492, stack(0x0000008549600000,0x0000008549700000)]
  0x000001da0a3b78b0 JavaThread "Unconstrained build operations Thread 29" [_thread_blocked, id=3852, stack(0x0000008549700000,0x0000008549800000)]
  0x000001da0a3b87e0 JavaThread "Unconstrained build operations Thread 30" [_thread_blocked, id=2036, stack(0x0000008549800000,0x0000008549900000)]
  0x000001da0a3b5030 JavaThread "Unconstrained build operations Thread 31" [_thread_blocked, id=13544, stack(0x0000008549900000,0x0000008549a00000)]
  0x000001da029958e0 JavaThread "Cache worker for Java compile cache (C:\Users\CCCccc\.gradle\caches\9.3.1\javaCompile)" [_thread_blocked, id=13224, stack(0x0000008549a00000,0x0000008549b00000)]
  0x000001da0250feb0 JavaThread "Unconstrained build operations Thread 32" [_thread_blocked, id=14372, stack(0x0000008549b00000,0x0000008549c00000)]
  0x000001d9f27261d0 JavaThread "Unconstrained build operations Thread 33" [_thread_blocked, id=17540, stack(0x0000008549c00000,0x0000008549d00000)]
  0x000001d9f1cb7060 JavaThread "Unconstrained build operations Thread 34" [_thread_blocked, id=3952, stack(0x0000008549d00000,0x0000008549e00000)]
  0x000001da020f2050 JavaThread "WorkerExecutor Queue Thread 5" [_thread_blocked, id=5636, stack(0x0000008549e00000,0x0000008549f00000)]
  0x000001da020efce0 JavaThread "Unconstrained build operations Thread 35" [_thread_blocked, id=12628, stack(0x0000008549f00000,0x000000854a000000)]
  0x000001da020ed460 JavaThread "Unconstrained build operations Thread 36" [_thread_blocked, id=14904, stack(0x000000854a000000,0x000000854a100000)]
  0x000001da020f2f80 JavaThread "Unconstrained build operations Thread 37" [_thread_blocked, id=18200, stack(0x000000854a100000,0x000000854a200000)]
  0x000001da047df130 JavaThread "Unconstrained build operations Thread 38" [_thread_blocked, id=1172, stack(0x000000854a200000,0x000000854a300000)]
  0x000001da047df640 JavaThread "Unconstrained build operations Thread 39" [_thread_blocked, id=16736, stack(0x000000854a300000,0x000000854a400000)]
  0x000001da047e0570 JavaThread "Unconstrained build operations Thread 40" [_thread_blocked, id=13464, stack(0x000000854a400000,0x000000854a500000)]
  0x000001da0a3b73a0 JavaThread "Build operations Thread 3" [_thread_blocked, id=8224, stack(0x0000008549000000,0x0000008549100000)]
  0x000001da0a3b5540 JavaThread "Build operations Thread 4" [_thread_blocked, id=8220, stack(0x000000854a500000,0x000000854a600000)]
  0x000001da025112f0 JavaThread "ForkJoinPool-1-worker-1" daemon [_thread_blocked, id=15968, stack(0x000000854a700000,0x000000854a800000)]
  0x000001d9f271f410 JavaThread "ForkJoinPool-1-worker-2" daemon [_thread_blocked, id=16648, stack(0x000000854a800000,0x000000854a900000)]
  0x000001da020f2560 JavaThread "ForkJoinPool-1-worker-3" daemon [_thread_blocked, id=1460, stack(0x000000854a900000,0x000000854aa00000)]
  0x000001da047dd7e0 JavaThread "ForkJoinPool-1-worker-4" daemon [_thread_blocked, id=15160, stack(0x000000854aa00000,0x000000854ab00000)]
  0x000001da047e0a80 JavaThread "ForkJoinPool-1-worker-5" daemon [_thread_blocked, id=10604, stack(0x000000854ab00000,0x000000854ac00000)]
  0x000001da047e0f90 JavaThread "ForkJoinPool-1-worker-6" daemon [_thread_blocked, id=9876, stack(0x000000854ac00000,0x000000854ad00000)]
  0x000001da0a3b5a50 JavaThread "ForkJoinPool-1-worker-7" daemon [_thread_blocked, id=8700, stack(0x000000854ad00000,0x000000854ae00000)]
  0x000001d9f2720340 JavaThread "ForkJoinPool-1-worker-8" daemon [_thread_blocked, id=15608, stack(0x000000854ae00000,0x000000854af00000)]

Other Threads:
=>0x000001d9a5c0ea30 VMThread "VM Thread" [stack: 0x0000008542d00000,0x0000008542e00000] [id=2228]
  0x000001d9832b0690 WatcherThread [stack: 0x0000008543900000,0x0000008543a00000] [id=18172]
  0x000001d983295880 GCTaskThread "GC Thread#0" [stack: 0x0000008542800000,0x0000008542900000] [id=17836]
  0x000001d9a65ef2b0 GCTaskThread "GC Thread#1" [stack: 0x0000008543b00000,0x0000008543c00000] [id=12324]
  0x000001d9a63536e0 GCTaskThread "GC Thread#2" [stack: 0x0000008543c00000,0x0000008543d00000] [id=11740]
  0x000001d9ec08ad10 GCTaskThread "GC Thread#3" [stack: 0x0000008543e00000,0x0000008543f00000] [id=16900]
  0x000001d9ec7ef990 GCTaskThread "GC Thread#4" [stack: 0x0000008543f00000,0x0000008544000000] [id=12572]
  0x000001d9ecbe4150 GCTaskThread "GC Thread#5" [stack: 0x0000008543a00000,0x0000008543b00000] [id=9000]
  0x000001d9ed423830 GCTaskThread "GC Thread#6" [stack: 0x0000008543d00000,0x0000008543e00000] [id=17216]
  0x000001d9ec769b90 GCTaskThread "GC Thread#7" [stack: 0x0000008544100000,0x0000008544200000] [id=12652]
  0x000001d9832a66e0 ConcurrentGCThread "G1 Main Marker" [stack: 0x0000008542900000,0x0000008542a00000] [id=18216]
  0x000001d9832a77a0 ConcurrentGCThread "G1 Conc#0" [stack: 0x0000008542a00000,0x0000008542b00000] [id=5796]
  0x000001d9eec60960 ConcurrentGCThread "G1 Conc#1" [stack: 0x0000008545000000,0x0000008545100000] [id=18316]
  0x000001d9a5ae5b50 ConcurrentGCThread "G1 Refine#0" [stack: 0x0000008542b00000,0x0000008542c00000] [id=4440]
  0x000001d9a6904b60 ConcurrentGCThread "G1 Refine#1" [stack: 0x0000008544f00000,0x0000008545000000] [id=17264]
  0x000001d9f0b9b690 ConcurrentGCThread "G1 Refine#2" [stack: 0x0000008545d00000,0x0000008545e00000] [id=13280]
  0x000001da0a640da0 ConcurrentGCThread "G1 Refine#3" [stack: 0x0000008546800000,0x0000008546900000] [id=14248]
  0x000001da0a6404d0 ConcurrentGCThread "G1 Refine#4" [stack: 0x0000008546900000,0x0000008546a00000] [id=17640]
  0x000001d9ef083a00 ConcurrentGCThread "G1 Refine#5" [stack: 0x0000008546d00000,0x0000008546e00000] [id=9296]
  0x000001d9ef0842d0 ConcurrentGCThread "G1 Refine#6" [stack: 0x0000008546e00000,0x0000008546f00000] [id=12744]
  0x000001d9832e3590 ConcurrentGCThread "G1 Service" [stack: 0x0000008542c00000,0x0000008542d00000] [id=18012]

Threads with active compile tasks:
C2 CompilerThread0   186921 65181 %     4       com.android.tools.r8.dex.z::a @ 293 (1018 bytes)

VM state: at safepoint (normal execution)

VM Mutex/Monitor currently owned by a thread:  ([mutex/lock_event])
[0x000001d983225ca0] Threads_lock - owner thread: 0x000001d9a5c0ea30
[0x000001d9832263f0] Heap_lock - owner thread: 0x000001da047e0a80

Heap address: 0x0000000700000000, size: 4096 MB, Compressed Oops mode: Zero based, Oop shift amount: 3

CDS archive(s) mapped at: [0x000001d9a7000000-0x000001d9a7bd0000-0x000001d9a7bd0000), size 12386304, SharedBaseAddress: 0x000001d9a7000000, ArchiveRelocationMode: 1.
Compressed class space mapped at: 0x000001d9a8000000-0x000001d9e8000000, reserved size: 1073741824
Narrow klass base: 0x000001d9a7000000, Narrow klass shift: 0, Narrow klass range: 0x100000000

GC Precious Log:
 CPUs: 8 total, 8 available
 Memory: 8013M
 Large Page Support: Disabled
 NUMA Support: Disabled
 Compressed Oops: Enabled (Zero based)
 Heap Region Size: 2M
 Heap Min Capacity: 8M
 Heap Initial Capacity: 126M
 Heap Max Capacity: 4G
 Pre-touch: Disabled
 Parallel Workers: 8
 Concurrent Workers: 2
 Concurrent Refinement Workers: 8
 Periodic GC: Disabled

Heap:
 garbage-first heap   total 1310720K, used 911360K [0x0000000700000000, 0x0000000800000000)
  region size 2048K, 16 young (32768K), 16 survivors (32768K)
 Metaspace       used 352280K, committed 353920K, reserved 1376256K
  class space    used 41394K, committed 42176K, reserved 1048576K

Heap Regions: E=young(eden), S=young(survivor), O=old, HS=humongous(starts), HC=humongous(continues), CS=collection set, F=free, OA=open archive, CA=closed archive, TAMS=top-at-mark-start (previous, next)
|   0|0x0000000700000000, 0x0000000700200000, 0x0000000700200000|100%|HS|  |TAMS 0x0000000700200000, 0x0000000700000000| Complete 
|   1|0x0000000700200000, 0x0000000700400000, 0x0000000700400000|100%|HC|  |TAMS 0x0000000700400000, 0x0000000700200000| Complete 
|   2|0x0000000700400000, 0x0000000700600000, 0x0000000700600000|100%| O|  |TAMS 0x0000000700600000, 0x0000000700400000| Untracked 
|   3|0x0000000700600000, 0x0000000700800000, 0x0000000700800000|100%| O|  |TAMS 0x0000000700800000, 0x0000000700600000| Untracked 
|   4|0x0000000700800000, 0x0000000700a00000, 0x0000000700a00000|100%| O|  |TAMS 0x0000000700a00000, 0x0000000700800000| Untracked 
|   5|0x0000000700a00000, 0x0000000700c00000, 0x0000000700c00000|100%| O|  |TAMS 0x0000000700c00000, 0x0000000700a00000| Untracked 
|   6|0x0000000700c00000, 0x0000000700e00000, 0x0000000700e00000|100%| O|  |TAMS 0x0000000700e00000, 0x0000000700c00000| Untracked 
|   7|0x0000000700e00000, 0x0000000701000000, 0x0000000701000000|100%| O|  |TAMS 0x0000000701000000, 0x0000000700e00000| Untracked 
|   8|0x0000000701000000, 0x0000000701200000, 0x0000000701200000|100%| O|  |TAMS 0x0000000701200000, 0x0000000701000000| Untracked 
|   9|0x0000000701200000, 0x0000000701400000, 0x0000000701400000|100%| O|  |TAMS 0x0000000701400000, 0x0000000701200000| Untracked 
|  10|0x0000000701400000, 0x0000000701600000, 0x0000000701600000|100%| O|  |TAMS 0x0000000701600000, 0x0000000701400000| Untracked 
|  11|0x0000000701600000, 0x0000000701800000, 0x0000000701800000|100%| O|  |TAMS 0x0000000701800000, 0x0000000701600000| Untracked 
|  12|0x0000000701800000, 0x0000000701a00000, 0x0000000701a00000|100%| O|  |TAMS 0x0000000701a00000, 0x0000000701800000| Untracked 
|  13|0x0000000701a00000, 0x0000000701c00000, 0x0000000701c00000|100%| O|  |TAMS 0x0000000701c00000, 0x0000000701a00000| Untracked 
|  14|0x0000000701c00000, 0x0000000701e00000, 0x0000000701e00000|100%| O|  |TAMS 0x0000000701e00000, 0x0000000701c00000| Untracked 
|  15|0x0000000701e00000, 0x0000000702000000, 0x0000000702000000|100%| O|  |TAMS 0x0000000702000000, 0x0000000701e00000| Untracked 
|  16|0x0000000702000000, 0x0000000702200000, 0x0000000702200000|100%| O|  |TAMS 0x0000000702200000, 0x0000000702000000| Untracked 
|  17|0x0000000702200000, 0x0000000702400000, 0x0000000702400000|100%| O|  |TAMS 0x0000000702400000, 0x0000000702200000| Untracked 
|  18|0x0000000702400000, 0x0000000702600000, 0x0000000702600000|100%|HS|  |TAMS 0x0000000702600000, 0x0000000702400000| Complete 
|  19|0x0000000702600000, 0x0000000702800000, 0x0000000702800000|100%| O|  |TAMS 0x0000000702800000, 0x0000000702600000| Untracked 
|  20|0x0000000702800000, 0x0000000702a00000, 0x0000000702a00000|100%| O|  |TAMS 0x0000000702a00000, 0x0000000702800000| Untracked 
|  21|0x0000000702a00000, 0x0000000702c00000, 0x0000000702c00000|100%| O|  |TAMS 0x0000000702c00000, 0x0000000702a00000| Untracked 
|  22|0x0000000702c00000, 0x0000000702e00000, 0x0000000702e00000|100%| O|  |TAMS 0x0000000702e00000, 0x0000000702c00000| Untracked 
|  23|0x0000000702e00000, 0x0000000703000000, 0x0000000703000000|100%| O|  |TAMS 0x0000000703000000, 0x0000000702e00000| Untracked 
|  24|0x0000000703000000, 0x0000000703200000, 0x0000000703200000|100%| O|  |TAMS 0x0000000703200000, 0x0000000703000000| Untracked 
|  25|0x0000000703200000, 0x0000000703400000, 0x0000000703400000|100%| O|  |TAMS 0x0000000703200000, 0x0000000703200000| Untracked 
|  26|0x0000000703400000, 0x0000000703600000, 0x0000000703600000|100%| O|  |TAMS 0x0000000703600000, 0x0000000703400000| Untracked 
|  27|0x0000000703600000, 0x0000000703800000, 0x0000000703800000|100%| O|  |TAMS 0x0000000703800000, 0x0000000703600000| Untracked 
|  28|0x0000000703800000, 0x0000000703a00000, 0x0000000703a00000|100%| O|  |TAMS 0x0000000703800000, 0x0000000703800000| Untracked 
|  29|0x0000000703a00000, 0x0000000703c00000, 0x0000000703c00000|100%| O|  |TAMS 0x0000000703c00000, 0x0000000703a00000| Untracked 
|  30|0x0000000703c00000, 0x0000000703e00000, 0x0000000703e00000|100%| O|  |TAMS 0x0000000703e00000, 0x0000000703c00000| Untracked 
|  31|0x0000000703e00000, 0x0000000704000000, 0x0000000704000000|100%| O|  |TAMS 0x0000000704000000, 0x0000000703e00000| Untracked 
|  32|0x0000000704000000, 0x0000000704200000, 0x0000000704200000|100%| O|  |TAMS 0x0000000704200000, 0x0000000704000000| Untracked 
|  33|0x0000000704200000, 0x0000000704400000, 0x0000000704400000|100%| O|  |TAMS 0x0000000704200000, 0x0000000704200000| Untracked 
|  34|0x0000000704400000, 0x0000000704600000, 0x0000000704600000|100%| O|  |TAMS 0x0000000704600000, 0x0000000704400000| Untracked 
|  35|0x0000000704600000, 0x0000000704800000, 0x0000000704800000|100%|HS|  |TAMS 0x0000000704800000, 0x0000000704600000| Complete 
|  36|0x0000000704800000, 0x0000000704a00000, 0x0000000704a00000|100%| O|  |TAMS 0x0000000704a00000, 0x0000000704800000| Untracked 
|  37|0x0000000704a00000, 0x0000000704c00000, 0x0000000704c00000|100%| O|  |TAMS 0x0000000704c00000, 0x0000000704a00000| Untracked 
|  38|0x0000000704c00000, 0x0000000704e00000, 0x0000000704e00000|100%| O|  |TAMS 0x0000000704c00000, 0x0000000704c00000| Untracked 
|  39|0x0000000704e00000, 0x0000000705000000, 0x0000000705000000|100%| O|  |TAMS 0x0000000704e00000, 0x0000000704e00000| Untracked 
|  40|0x0000000705000000, 0x0000000705200000, 0x0000000705200000|100%| O|  |TAMS 0x0000000705200000, 0x0000000705000000| Untracked 
|  41|0x0000000705200000, 0x0000000705400000, 0x0000000705400000|100%| O|  |TAMS 0x0000000705200000, 0x0000000705200000| Untracked 
|  42|0x0000000705400000, 0x0000000705600000, 0x0000000705600000|100%| O|  |TAMS 0x0000000705400000, 0x0000000705400000| Untracked 
|  43|0x0000000705600000, 0x0000000705800000, 0x0000000705800000|100%| O|  |TAMS 0x0000000705800000, 0x0000000705600000| Untracked 
|  44|0x0000000705800000, 0x0000000705a00000, 0x0000000705a00000|100%| O|  |TAMS 0x0000000705a00000, 0x0000000705800000| Untracked 
|  45|0x0000000705a00000, 0x0000000705c00000, 0x0000000705c00000|100%| O|  |TAMS 0x0000000705a00000, 0x0000000705a00000| Untracked 
|  46|0x0000000705c00000, 0x0000000705e00000, 0x0000000705e00000|100%| O|  |TAMS 0x0000000705c00000, 0x0000000705c00000| Untracked 
|  47|0x0000000705e00000, 0x0000000706000000, 0x0000000706000000|100%| O|  |TAMS 0x0000000705e00000, 0x0000000705e00000| Untracked 
|  48|0x0000000706000000, 0x0000000706200000, 0x0000000706200000|100%| O|  |TAMS 0x0000000706200000, 0x0000000706000000| Untracked 
|  49|0x0000000706200000, 0x0000000706400000, 0x0000000706400000|100%|HS|  |TAMS 0x0000000706200000, 0x0000000706200000| Complete 
|  50|0x0000000706400000, 0x0000000706600000, 0x0000000706600000|100%| O|  |TAMS 0x0000000706400000, 0x0000000706400000| Untracked 
|  51|0x0000000706600000, 0x0000000706800000, 0x0000000706800000|100%| O|  |TAMS 0x0000000706800000, 0x0000000706600000| Untracked 
|  52|0x0000000706800000, 0x0000000706a00000, 0x0000000706a00000|100%|HS|  |TAMS 0x0000000706800000, 0x0000000706800000| Complete 
|  53|0x0000000706a00000, 0x0000000706c00000, 0x0000000706c00000|100%| O|  |TAMS 0x0000000706a00000, 0x0000000706a00000| Untracked 
|  54|0x0000000706c00000, 0x0000000706e00000, 0x0000000706e00000|100%| O|  |TAMS 0x0000000706e00000, 0x0000000706c00000| Untracked 
|  55|0x0000000706e00000, 0x0000000707000000, 0x0000000707000000|100%| O|  |TAMS 0x0000000707000000, 0x0000000706e00000| Untracked 
|  56|0x0000000707000000, 0x0000000707200000, 0x0000000707200000|100%| O|  |TAMS 0x0000000707000000, 0x0000000707000000| Untracked 
|  57|0x0000000707200000, 0x0000000707400000, 0x0000000707400000|100%| O|  |TAMS 0x0000000707400000, 0x0000000707200000| Untracked 
|  58|0x0000000707400000, 0x0000000707600000, 0x0000000707600000|100%| O|  |TAMS 0x0000000707600000, 0x0000000707400000| Untracked 
|  59|0x0000000707600000, 0x0000000707800000, 0x0000000707800000|100%| O|  |TAMS 0x0000000707800000, 0x0000000707600000| Untracked 
|  60|0x0000000707800000, 0x0000000707a00000, 0x0000000707a00000|100%| O|  |TAMS 0x0000000707800000, 0x0000000707800000| Untracked 
|  61|0x0000000707a00000, 0x0000000707c00000, 0x0000000707c00000|100%| O|  |TAMS 0x0000000707a00000, 0x0000000707a00000| Untracked 
|  62|0x0000000707c00000, 0x0000000707e00000, 0x0000000707e00000|100%| O|  |TAMS 0x0000000707e00000, 0x0000000707c00000| Untracked 
|  63|0x0000000707e00000, 0x0000000708000000, 0x0000000708000000|100%| O|  |TAMS 0x0000000707e00000, 0x0000000707e00000| Untracked 
|  64|0x0000000708000000, 0x0000000708200000, 0x0000000708200000|100%| O|  |TAMS 0x0000000708200000, 0x0000000708000000| Untracked 
|  65|0x0000000708200000, 0x0000000708400000, 0x0000000708400000|100%| O|  |TAMS 0x0000000708400000, 0x0000000708200000| Untracked 
|  66|0x0000000708400000, 0x0000000708600000, 0x0000000708600000|100%| O|  |TAMS 0x0000000708400000, 0x0000000708400000| Untracked 
|  67|0x0000000708600000, 0x0000000708800000, 0x0000000708800000|100%| O|  |TAMS 0x0000000708600000, 0x0000000708600000| Untracked 
|  68|0x0000000708800000, 0x0000000708a00000, 0x0000000708a00000|100%| O|  |TAMS 0x0000000708800000, 0x0000000708800000| Untracked 
|  69|0x0000000708a00000, 0x0000000708c00000, 0x0000000708c00000|100%| O|  |TAMS 0x0000000708a00000, 0x0000000708a00000| Untracked 
|  70|0x0000000708c00000, 0x0000000708e00000, 0x0000000708e00000|100%| O|  |TAMS 0x0000000708c00000, 0x0000000708c00000| Untracked 
|  71|0x0000000708e00000, 0x0000000709000000, 0x0000000709000000|100%| O|  |TAMS 0x0000000708e00000, 0x0000000708e00000| Untracked 
|  72|0x0000000709000000, 0x0000000709200000, 0x0000000709200000|100%| O|  |TAMS 0x0000000709000000, 0x0000000709000000| Untracked 
|  73|0x0000000709200000, 0x0000000709400000, 0x0000000709400000|100%|HS|  |TAMS 0x0000000709400000, 0x0000000709200000| Complete 
|  74|0x0000000709400000, 0x0000000709600000, 0x0000000709600000|100%|HC|  |TAMS 0x0000000709600000, 0x0000000709400000| Complete 
|  75|0x0000000709600000, 0x0000000709800000, 0x0000000709800000|100%| O|  |TAMS 0x0000000709600000, 0x0000000709600000| Untracked 
|  76|0x0000000709800000, 0x0000000709a00000, 0x0000000709a00000|100%| O|  |TAMS 0x0000000709a00000, 0x0000000709800000| Untracked 
|  77|0x0000000709a00000, 0x0000000709c00000, 0x0000000709c00000|100%| O|  |TAMS 0x0000000709a00000, 0x0000000709a00000| Untracked 
|  78|0x0000000709c00000, 0x0000000709c00000, 0x0000000709e00000|  0%| F|  |TAMS 0x0000000709c00000, 0x0000000709c00000| Untracked 
|  79|0x0000000709e00000, 0x000000070a000000, 0x000000070a000000|100%| O|  |TAMS 0x000000070a000000, 0x0000000709e00000| Untracked 
|  80|0x000000070a000000, 0x000000070a200000, 0x000000070a200000|100%| O|  |TAMS 0x000000070a200000, 0x000000070a000000| Untracked 
|  81|0x000000070a200000, 0x000000070a400000, 0x000000070a400000|100%| O|  |TAMS 0x000000070a400000, 0x000000070a200000| Untracked 
|  82|0x000000070a400000, 0x000000070a600000, 0x000000070a600000|100%| O|  |TAMS 0x000000070a600000, 0x000000070a400000| Untracked 
|  83|0x000000070a600000, 0x000000070a800000, 0x000000070a800000|100%| O|  |TAMS 0x000000070a800000, 0x000000070a600000| Untracked 
|  84|0x000000070a800000, 0x000000070aa00000, 0x000000070aa00000|100%| O|  |TAMS 0x000000070aa00000, 0x000000070a800000| Untracked 
|  85|0x000000070aa00000, 0x000000070ac00000, 0x000000070ac00000|100%| O|  |TAMS 0x000000070ac00000, 0x000000070aa00000| Untracked 
|  86|0x000000070ac00000, 0x000000070ae00000, 0x000000070ae00000|100%| O|  |TAMS 0x000000070ae00000, 0x000000070ac00000| Untracked 
|  87|0x000000070ae00000, 0x000000070b000000, 0x000000070b000000|100%| O|  |TAMS 0x000000070b000000, 0x000000070ae00000| Untracked 
|  88|0x000000070b000000, 0x000000070b200000, 0x000000070b200000|100%| O|  |TAMS 0x000000070b200000, 0x000000070b000000| Untracked 
|  89|0x000000070b200000, 0x000000070b400000, 0x000000070b400000|100%| O|  |TAMS 0x000000070b400000, 0x000000070b200000| Untracked 
|  90|0x000000070b400000, 0x000000070b600000, 0x000000070b600000|100%| O|  |TAMS 0x000000070b600000, 0x000000070b400000| Untracked 
|  91|0x000000070b600000, 0x000000070b800000, 0x000000070b800000|100%| O|  |TAMS 0x000000070b800000, 0x000000070b600000| Untracked 
|  92|0x000000070b800000, 0x000000070ba00000, 0x000000070ba00000|100%| O|  |TAMS 0x000000070ba00000, 0x000000070b800000| Untracked 
|  93|0x000000070ba00000, 0x000000070bc00000, 0x000000070bc00000|100%| O|  |TAMS 0x000000070bc00000, 0x000000070ba00000| Untracked 
|  94|0x000000070bc00000, 0x000000070be00000, 0x000000070be00000|100%| O|  |TAMS 0x000000070be00000, 0x000000070bc00000| Untracked 
|  95|0x000000070be00000, 0x000000070c000000, 0x000000070c000000|100%| O|  |TAMS 0x000000070c000000, 0x000000070be00000| Untracked 
|  96|0x000000070c000000, 0x000000070c200000, 0x000000070c200000|100%| O|  |TAMS 0x000000070c200000, 0x000000070c000000| Untracked 
|  97|0x000000070c200000, 0x000000070c400000, 0x000000070c400000|100%| O|  |TAMS 0x000000070c400000, 0x000000070c200000| Untracked 
|  98|0x000000070c400000, 0x000000070c600000, 0x000000070c600000|100%| O|  |TAMS 0x000000070c600000, 0x000000070c400000| Untracked 
|  99|0x000000070c600000, 0x000000070c800000, 0x000000070c800000|100%| O|  |TAMS 0x000000070c800000, 0x000000070c600000| Untracked 
| 100|0x000000070c800000, 0x000000070ca00000, 0x000000070ca00000|100%| O|  |TAMS 0x000000070ca00000, 0x000000070c800000| Untracked 
| 101|0x000000070ca00000, 0x000000070cc00000, 0x000000070cc00000|100%| O|  |TAMS 0x000000070cc00000, 0x000000070ca00000| Untracked 
| 102|0x000000070cc00000, 0x000000070ce00000, 0x000000070ce00000|100%| O|  |TAMS 0x000000070ce00000, 0x000000070cc00000| Untracked 
| 103|0x000000070ce00000, 0x000000070d000000, 0x000000070d000000|100%| O|  |TAMS 0x000000070d000000, 0x000000070ce00000| Untracked 
| 104|0x000000070d000000, 0x000000070d200000, 0x000000070d200000|100%| O|  |TAMS 0x000000070d200000, 0x000000070d000000| Untracked 
| 105|0x000000070d200000, 0x000000070d400000, 0x000000070d400000|100%| O|  |TAMS 0x000000070d400000, 0x000000070d200000| Untracked 
| 106|0x000000070d400000, 0x000000070d600000, 0x000000070d600000|100%| O|  |TAMS 0x000000070d600000, 0x000000070d400000| Untracked 
| 107|0x000000070d600000, 0x000000070d600000, 0x000000070d800000|  0%| F|  |TAMS 0x000000070d600000, 0x000000070d600000| Untracked 
| 108|0x000000070d800000, 0x000000070da00000, 0x000000070da00000|100%| O|  |TAMS 0x000000070da00000, 0x000000070d800000| Untracked 
| 109|0x000000070da00000, 0x000000070dc00000, 0x000000070dc00000|100%| O|  |TAMS 0x000000070dc00000, 0x000000070da00000| Untracked 
| 110|0x000000070dc00000, 0x000000070de00000, 0x000000070de00000|100%| O|  |TAMS 0x000000070de00000, 0x000000070dc00000| Untracked 
| 111|0x000000070de00000, 0x000000070e000000, 0x000000070e000000|100%| O|  |TAMS 0x000000070e000000, 0x000000070de00000| Untracked 
| 112|0x000000070e000000, 0x000000070e200000, 0x000000070e200000|100%| O|  |TAMS 0x000000070e200000, 0x000000070e000000| Untracked 
| 113|0x000000070e200000, 0x000000070e400000, 0x000000070e400000|100%| O|  |TAMS 0x000000070e400000, 0x000000070e200000| Untracked 
| 114|0x000000070e400000, 0x000000070e600000, 0x000000070e600000|100%| O|  |TAMS 0x000000070e600000, 0x000000070e400000| Untracked 
| 115|0x000000070e600000, 0x000000070e800000, 0x000000070e800000|100%| O|  |TAMS 0x000000070e800000, 0x000000070e600000| Untracked 
| 116|0x000000070e800000, 0x000000070ea00000, 0x000000070ea00000|100%| O|  |TAMS 0x000000070ea00000, 0x000000070e800000| Untracked 
| 117|0x000000070ea00000, 0x000000070ec00000, 0x000000070ec00000|100%| O|  |TAMS 0x000000070ec00000, 0x000000070ea00000| Untracked 
| 118|0x000000070ec00000, 0x000000070ee00000, 0x000000070ee00000|100%| O|  |TAMS 0x000000070ee00000, 0x000000070ec00000| Untracked 
| 119|0x000000070ee00000, 0x000000070f000000, 0x000000070f000000|100%| O|  |TAMS 0x000000070f000000, 0x000000070ee00000| Untracked 
| 120|0x000000070f000000, 0x000000070f200000, 0x000000070f200000|100%| O|  |TAMS 0x000000070f200000, 0x000000070f000000| Untracked 
| 121|0x000000070f200000, 0x000000070f400000, 0x000000070f400000|100%| O|  |TAMS 0x000000070f400000, 0x000000070f200000| Untracked 
| 122|0x000000070f400000, 0x000000070f600000, 0x000000070f600000|100%| O|  |TAMS 0x000000070f600000, 0x000000070f400000| Untracked 
| 123|0x000000070f600000, 0x000000070f800000, 0x000000070f800000|100%| O|  |TAMS 0x000000070f800000, 0x000000070f600000| Untracked 
| 124|0x000000070f800000, 0x000000070fa00000, 0x000000070fa00000|100%| O|  |TAMS 0x000000070fa00000, 0x000000070f800000| Untracked 
| 125|0x000000070fa00000, 0x000000070fc00000, 0x000000070fc00000|100%| O|  |TAMS 0x000000070fc00000, 0x000000070fa00000| Untracked 
| 126|0x000000070fc00000, 0x000000070fe00000, 0x000000070fe00000|100%| O|  |TAMS 0x000000070fe00000, 0x000000070fc00000| Untracked 
| 127|0x000000070fe00000, 0x0000000710000000, 0x0000000710000000|100%| O|  |TAMS 0x0000000710000000, 0x000000070fe00000| Untracked 
| 128|0x0000000710000000, 0x0000000710200000, 0x0000000710200000|100%| O|  |TAMS 0x0000000710200000, 0x0000000710000000| Untracked 
| 129|0x0000000710200000, 0x0000000710400000, 0x0000000710400000|100%| O|  |TAMS 0x0000000710400000, 0x0000000710200000| Untracked 
| 130|0x0000000710400000, 0x0000000710600000, 0x0000000710600000|100%| O|  |TAMS 0x0000000710600000, 0x0000000710400000| Untracked 
| 131|0x0000000710600000, 0x0000000710800000, 0x0000000710800000|100%| O|  |TAMS 0x0000000710800000, 0x0000000710600000| Untracked 
| 132|0x0000000710800000, 0x0000000710a00000, 0x0000000710a00000|100%| O|  |TAMS 0x0000000710a00000, 0x0000000710800000| Untracked 
| 133|0x0000000710a00000, 0x0000000710c00000, 0x0000000710c00000|100%| O|  |TAMS 0x0000000710c00000, 0x0000000710a00000| Untracked 
| 134|0x0000000710c00000, 0x0000000710e00000, 0x0000000710e00000|100%|HS|  |TAMS 0x0000000710e00000, 0x0000000710c00000| Complete 
| 135|0x0000000710e00000, 0x0000000711000000, 0x0000000711000000|100%|HC|  |TAMS 0x0000000711000000, 0x0000000710e00000| Complete 
| 136|0x0000000711000000, 0x0000000711200000, 0x0000000711200000|100%|HC|  |TAMS 0x0000000711200000, 0x0000000711000000| Complete 
| 137|0x0000000711200000, 0x0000000711400000, 0x0000000711400000|100%| O|  |TAMS 0x0000000711400000, 0x0000000711200000| Untracked 
| 138|0x0000000711400000, 0x0000000711600000, 0x0000000711600000|100%| O|  |TAMS 0x0000000711600000, 0x0000000711400000| Untracked 
| 139|0x0000000711600000, 0x0000000711800000, 0x0000000711800000|100%| O|  |TAMS 0x0000000711800000, 0x0000000711600000| Untracked 
| 140|0x0000000711800000, 0x0000000711a00000, 0x0000000711a00000|100%| O|  |TAMS 0x0000000711800000, 0x0000000711800000| Untracked 
| 141|0x0000000711a00000, 0x0000000711c00000, 0x0000000711c00000|100%| O|  |TAMS 0x0000000711c00000, 0x0000000711a00000| Untracked 
| 142|0x0000000711c00000, 0x0000000711e00000, 0x0000000711e00000|100%| O|  |TAMS 0x0000000711e00000, 0x0000000711c00000| Untracked 
| 143|0x0000000711e00000, 0x0000000712000000, 0x0000000712000000|100%| O|  |TAMS 0x0000000712000000, 0x0000000711e00000| Untracked 
| 144|0x0000000712000000, 0x0000000712200000, 0x0000000712200000|100%| O|  |TAMS 0x0000000712200000, 0x0000000712000000| Untracked 
| 145|0x0000000712200000, 0x0000000712400000, 0x0000000712400000|100%| O|  |TAMS 0x0000000712400000, 0x0000000712200000| Untracked 
| 146|0x0000000712400000, 0x0000000712600000, 0x0000000712600000|100%| O|  |TAMS 0x0000000712600000, 0x0000000712400000| Untracked 
| 147|0x0000000712600000, 0x0000000712800000, 0x0000000712800000|100%| O|  |TAMS 0x0000000712800000, 0x0000000712600000| Untracked 
| 148|0x0000000712800000, 0x0000000712a00000, 0x0000000712a00000|100%| O|  |TAMS 0x0000000712a00000, 0x0000000712800000| Untracked 
| 149|0x0000000712a00000, 0x0000000712a00000, 0x0000000712c00000|  0%| F|  |TAMS 0x0000000712a00000, 0x0000000712a00000| Untracked 
| 150|0x0000000712c00000, 0x0000000712e00000, 0x0000000712e00000|100%| O|  |TAMS 0x0000000712e00000, 0x0000000712c00000| Untracked 
| 151|0x0000000712e00000, 0x0000000713000000, 0x0000000713000000|100%| O|  |TAMS 0x0000000713000000, 0x0000000712e00000| Untracked 
| 152|0x0000000713000000, 0x0000000713200000, 0x0000000713200000|100%| O|  |TAMS 0x0000000713200000, 0x0000000713000000| Untracked 
| 153|0x0000000713200000, 0x0000000713400000, 0x0000000713400000|100%| O|  |TAMS 0x0000000713400000, 0x0000000713200000| Untracked 
| 154|0x0000000713400000, 0x0000000713600000, 0x0000000713600000|100%| O|  |TAMS 0x0000000713600000, 0x0000000713400000| Untracked 
| 155|0x0000000713600000, 0x0000000713800000, 0x0000000713800000|100%| O|  |TAMS 0x0000000713800000, 0x0000000713600000| Untracked 
| 156|0x0000000713800000, 0x0000000713a00000, 0x0000000713a00000|100%| O|  |TAMS 0x0000000713a00000, 0x0000000713800000| Untracked 
| 157|0x0000000713a00000, 0x0000000713c00000, 0x0000000713c00000|100%| O|  |TAMS 0x0000000713c00000, 0x0000000713a00000| Untracked 
| 158|0x0000000713c00000, 0x0000000713e00000, 0x0000000713e00000|100%| O|  |TAMS 0x0000000713e00000, 0x0000000713c00000| Untracked 
| 159|0x0000000713e00000, 0x0000000714000000, 0x0000000714000000|100%| O|  |TAMS 0x0000000714000000, 0x0000000713e00000| Untracked 
| 160|0x0000000714000000, 0x0000000714200000, 0x0000000714200000|100%| O|  |TAMS 0x0000000714200000, 0x0000000714000000| Untracked 
| 161|0x0000000714200000, 0x0000000714400000, 0x0000000714400000|100%| O|  |TAMS 0x0000000714400000, 0x0000000714200000| Untracked 
| 162|0x0000000714400000, 0x0000000714600000, 0x0000000714600000|100%| O|  |TAMS 0x0000000714600000, 0x0000000714400000| Untracked 
| 163|0x0000000714600000, 0x0000000714800000, 0x0000000714800000|100%| O|  |TAMS 0x0000000714800000, 0x0000000714600000| Untracked 
| 164|0x0000000714800000, 0x0000000714a00000, 0x0000000714a00000|100%| O|  |TAMS 0x0000000714a00000, 0x0000000714800000| Untracked 
| 165|0x0000000714a00000, 0x0000000714c00000, 0x0000000714c00000|100%| O|  |TAMS 0x0000000714c00000, 0x0000000714a00000| Untracked 
| 166|0x0000000714c00000, 0x0000000714e00000, 0x0000000714e00000|100%| O|  |TAMS 0x0000000714e00000, 0x0000000714c00000| Untracked 
| 167|0x0000000714e00000, 0x0000000715000000, 0x0000000715000000|100%| O|  |TAMS 0x0000000715000000, 0x0000000714e00000| Untracked 
| 168|0x0000000715000000, 0x0000000715200000, 0x0000000715200000|100%| O|  |TAMS 0x0000000715200000, 0x0000000715000000| Untracked 
| 169|0x0000000715200000, 0x0000000715400000, 0x0000000715400000|100%| O|  |TAMS 0x0000000715400000, 0x0000000715200000| Untracked 
| 170|0x0000000715400000, 0x0000000715600000, 0x0000000715600000|100%| O|  |TAMS 0x0000000715600000, 0x0000000715400000| Untracked 
| 171|0x0000000715600000, 0x0000000715800000, 0x0000000715800000|100%| O|  |TAMS 0x0000000715800000, 0x0000000715600000| Untracked 
| 172|0x0000000715800000, 0x0000000715a00000, 0x0000000715a00000|100%| O|  |TAMS 0x0000000715a00000, 0x0000000715800000| Untracked 
| 173|0x0000000715a00000, 0x0000000715c00000, 0x0000000715c00000|100%| O|  |TAMS 0x0000000715c00000, 0x0000000715a00000| Untracked 
| 174|0x0000000715c00000, 0x0000000715e00000, 0x0000000715e00000|100%| O|  |TAMS 0x0000000715e00000, 0x0000000715c00000| Untracked 
| 175|0x0000000715e00000, 0x0000000716000000, 0x0000000716000000|100%| O|  |TAMS 0x0000000716000000, 0x0000000715e00000| Untracked 
| 176|0x0000000716000000, 0x0000000716200000, 0x0000000716200000|100%| O|  |TAMS 0x0000000716200000, 0x0000000716000000| Untracked 
| 177|0x0000000716200000, 0x0000000716400000, 0x0000000716400000|100%| O|  |TAMS 0x0000000716400000, 0x0000000716200000| Untracked 
| 178|0x0000000716400000, 0x0000000716600000, 0x0000000716600000|100%| O|  |TAMS 0x0000000716600000, 0x0000000716400000| Untracked 
| 179|0x0000000716600000, 0x0000000716800000, 0x0000000716800000|100%| O|  |TAMS 0x0000000716800000, 0x0000000716600000| Untracked 
| 180|0x0000000716800000, 0x0000000716a00000, 0x0000000716a00000|100%| O|  |TAMS 0x0000000716a00000, 0x0000000716800000| Untracked 
| 181|0x0000000716a00000, 0x0000000716c00000, 0x0000000716c00000|100%| O|  |TAMS 0x0000000716c00000, 0x0000000716a00000| Untracked 
| 182|0x0000000716c00000, 0x0000000716e00000, 0x0000000716e00000|100%| O|  |TAMS 0x0000000716e00000, 0x0000000716c00000| Untracked 
| 183|0x0000000716e00000, 0x0000000717000000, 0x0000000717000000|100%| O|  |TAMS 0x0000000717000000, 0x0000000716e00000| Untracked 
| 184|0x0000000717000000, 0x0000000717200000, 0x0000000717200000|100%| O|  |TAMS 0x0000000717200000, 0x0000000717000000| Untracked 
| 185|0x0000000717200000, 0x0000000717400000, 0x0000000717400000|100%| O|  |TAMS 0x0000000717400000, 0x0000000717200000| Untracked 
| 186|0x0000000717400000, 0x0000000717600000, 0x0000000717600000|100%| O|  |TAMS 0x0000000717600000, 0x0000000717400000| Untracked 
| 187|0x0000000717600000, 0x0000000717800000, 0x0000000717800000|100%| O|  |TAMS 0x0000000717800000, 0x0000000717600000| Untracked 
| 188|0x0000000717800000, 0x0000000717a00000, 0x0000000717a00000|100%| O|  |TAMS 0x0000000717a00000, 0x0000000717800000| Untracked 
| 189|0x0000000717a00000, 0x0000000717c00000, 0x0000000717c00000|100%| O|  |TAMS 0x0000000717c00000, 0x0000000717a00000| Untracked 
| 190|0x0000000717c00000, 0x0000000717e00000, 0x0000000717e00000|100%| O|  |TAMS 0x0000000717e00000, 0x0000000717c00000| Untracked 
| 191|0x0000000717e00000, 0x0000000718000000, 0x0000000718000000|100%| O|  |TAMS 0x0000000718000000, 0x0000000717e00000| Untracked 
| 192|0x0000000718000000, 0x0000000718000000, 0x0000000718200000|  0%| F|  |TAMS 0x0000000718000000, 0x0000000718000000| Untracked 
| 193|0x0000000718200000, 0x0000000718200000, 0x0000000718400000|  0%| F|  |TAMS 0x0000000718200000, 0x0000000718200000| Untracked 
| 194|0x0000000718400000, 0x0000000718600000, 0x0000000718600000|100%| O|  |TAMS 0x0000000718600000, 0x0000000718400000| Untracked 
| 195|0x0000000718600000, 0x0000000718800000, 0x0000000718800000|100%| O|  |TAMS 0x0000000718800000, 0x0000000718600000| Untracked 
| 196|0x0000000718800000, 0x0000000718a00000, 0x0000000718a00000|100%| O|  |TAMS 0x0000000718a00000, 0x0000000718800000| Untracked 
| 197|0x0000000718a00000, 0x0000000718c00000, 0x0000000718c00000|100%| O|  |TAMS 0x0000000718c00000, 0x0000000718a00000| Untracked 
| 198|0x0000000718c00000, 0x0000000718e00000, 0x0000000718e00000|100%| O|  |TAMS 0x0000000718e00000, 0x0000000718c00000| Untracked 
| 199|0x0000000718e00000, 0x0000000719000000, 0x0000000719000000|100%| O|  |TAMS 0x0000000719000000, 0x0000000718e00000| Untracked 
| 200|0x0000000719000000, 0x0000000719200000, 0x0000000719200000|100%| O|  |TAMS 0x0000000719200000, 0x0000000719000000| Untracked 
| 201|0x0000000719200000, 0x0000000719400000, 0x0000000719400000|100%| O|  |TAMS 0x0000000719400000, 0x0000000719200000| Untracked 
| 202|0x0000000719400000, 0x0000000719600000, 0x0000000719600000|100%| O|  |TAMS 0x0000000719600000, 0x0000000719400000| Untracked 
| 203|0x0000000719600000, 0x0000000719800000, 0x0000000719800000|100%| O|  |TAMS 0x0000000719800000, 0x0000000719600000| Untracked 
| 204|0x0000000719800000, 0x0000000719a00000, 0x0000000719a00000|100%| O|  |TAMS 0x0000000719a00000, 0x0000000719800000| Untracked 
| 205|0x0000000719a00000, 0x0000000719c00000, 0x0000000719c00000|100%| O|  |TAMS 0x0000000719c00000, 0x0000000719a00000| Untracked 
| 206|0x0000000719c00000, 0x0000000719e00000, 0x0000000719e00000|100%| O|  |TAMS 0x0000000719e00000, 0x0000000719c00000| Untracked 
| 207|0x0000000719e00000, 0x000000071a000000, 0x000000071a000000|100%| O|  |TAMS 0x000000071a000000, 0x0000000719e00000| Untracked 
| 208|0x000000071a000000, 0x000000071a200000, 0x000000071a200000|100%| O|  |TAMS 0x000000071a200000, 0x000000071a000000| Untracked 
| 209|0x000000071a200000, 0x000000071a400000, 0x000000071a400000|100%| O|  |TAMS 0x000000071a400000, 0x000000071a200000| Untracked 
| 210|0x000000071a400000, 0x000000071a600000, 0x000000071a600000|100%| O|  |TAMS 0x000000071a600000, 0x000000071a400000| Untracked 
| 211|0x000000071a600000, 0x000000071a800000, 0x000000071a800000|100%| O|  |TAMS 0x000000071a800000, 0x000000071a600000| Untracked 
| 212|0x000000071a800000, 0x000000071aa00000, 0x000000071aa00000|100%| O|  |TAMS 0x000000071aa00000, 0x000000071a800000| Untracked 
| 213|0x000000071aa00000, 0x000000071ac00000, 0x000000071ac00000|100%| O|  |TAMS 0x000000071ac00000, 0x000000071aa00000| Untracked 
| 214|0x000000071ac00000, 0x000000071ae00000, 0x000000071ae00000|100%| O|  |TAMS 0x000000071ae00000, 0x000000071ac00000| Untracked 
| 215|0x000000071ae00000, 0x000000071b000000, 0x000000071b000000|100%| O|  |TAMS 0x000000071b000000, 0x000000071ae00000| Untracked 
| 216|0x000000071b000000, 0x000000071b200000, 0x000000071b200000|100%| O|  |TAMS 0x000000071b200000, 0x000000071b000000| Untracked 
| 217|0x000000071b200000, 0x000000071b200000, 0x000000071b400000|  0%| F|  |TAMS 0x000000071b200000, 0x000000071b200000| Untracked 
| 218|0x000000071b400000, 0x000000071b600000, 0x000000071b600000|100%|HS|  |TAMS 0x000000071b400000, 0x000000071b400000| Complete 
| 219|0x000000071b600000, 0x000000071b800000, 0x000000071b800000|100%| O|  |TAMS 0x000000071b800000, 0x000000071b600000| Untracked 
| 220|0x000000071b800000, 0x000000071ba00000, 0x000000071ba00000|100%| O|  |TAMS 0x000000071ba00000, 0x000000071b800000| Untracked 
| 221|0x000000071ba00000, 0x000000071bc00000, 0x000000071bc00000|100%| O|  |TAMS 0x000000071bc00000, 0x000000071ba00000| Untracked 
| 222|0x000000071bc00000, 0x000000071be00000, 0x000000071be00000|100%| O|  |TAMS 0x000000071be00000, 0x000000071bc00000| Untracked 
| 223|0x000000071be00000, 0x000000071c000000, 0x000000071c000000|100%| O|  |TAMS 0x000000071c000000, 0x000000071be00000| Untracked 
| 224|0x000000071c000000, 0x000000071c200000, 0x000000071c200000|100%| O|  |TAMS 0x000000071c200000, 0x000000071c000000| Untracked 
| 225|0x000000071c200000, 0x000000071c400000, 0x000000071c400000|100%| O|  |TAMS 0x000000071c400000, 0x000000071c200000| Untracked 
| 226|0x000000071c400000, 0x000000071c600000, 0x000000071c600000|100%| O|  |TAMS 0x000000071c600000, 0x000000071c400000| Untracked 
| 227|0x000000071c600000, 0x000000071c800000, 0x000000071c800000|100%| O|  |TAMS 0x000000071c800000, 0x000000071c600000| Untracked 
| 228|0x000000071c800000, 0x000000071ca00000, 0x000000071ca00000|100%| O|  |TAMS 0x000000071ca00000, 0x000000071c800000| Untracked 
| 229|0x000000071ca00000, 0x000000071cc00000, 0x000000071cc00000|100%| O|  |TAMS 0x000000071cc00000, 0x000000071ca00000| Untracked 
| 230|0x000000071cc00000, 0x000000071ce00000, 0x000000071ce00000|100%| O|  |TAMS 0x000000071ce00000, 0x000000071cc00000| Untracked 
| 231|0x000000071ce00000, 0x000000071d000000, 0x000000071d000000|100%| O|  |TAMS 0x000000071d000000, 0x000000071ce00000| Untracked 
| 232|0x000000071d000000, 0x000000071d200000, 0x000000071d200000|100%| O|  |TAMS 0x000000071d200000, 0x000000071d000000| Untracked 
| 233|0x000000071d200000, 0x000000071d400000, 0x000000071d400000|100%| O|  |TAMS 0x000000071d400000, 0x000000071d200000| Untracked 
| 234|0x000000071d400000, 0x000000071d600000, 0x000000071d600000|100%| O|  |TAMS 0x000000071d600000, 0x000000071d400000| Untracked 
| 235|0x000000071d600000, 0x000000071d800000, 0x000000071d800000|100%| O|  |TAMS 0x000000071d800000, 0x000000071d600000| Untracked 
| 236|0x000000071d800000, 0x000000071da00000, 0x000000071da00000|100%| O|  |TAMS 0x000000071da00000, 0x000000071d800000| Untracked 
| 237|0x000000071da00000, 0x000000071dc00000, 0x000000071dc00000|100%| O|  |TAMS 0x000000071dc00000, 0x000000071da00000| Untracked 
| 238|0x000000071dc00000, 0x000000071de00000, 0x000000071de00000|100%| O|  |TAMS 0x000000071de00000, 0x000000071dc00000| Untracked 
| 239|0x000000071de00000, 0x000000071e000000, 0x000000071e000000|100%| O|  |TAMS 0x000000071e000000, 0x000000071de00000| Untracked 
| 240|0x000000071e000000, 0x000000071e200000, 0x000000071e200000|100%| O|  |TAMS 0x000000071e200000, 0x000000071e000000| Untracked 
| 241|0x000000071e200000, 0x000000071e400000, 0x000000071e400000|100%| O|  |TAMS 0x000000071e400000, 0x000000071e200000| Untracked 
| 242|0x000000071e400000, 0x000000071e600000, 0x000000071e600000|100%| O|  |TAMS 0x000000071e600000, 0x000000071e400000| Untracked 
| 243|0x000000071e600000, 0x000000071e800000, 0x000000071e800000|100%| O|  |TAMS 0x000000071e800000, 0x000000071e600000| Untracked 
| 244|0x000000071e800000, 0x000000071ea00000, 0x000000071ea00000|100%| O|  |TAMS 0x000000071ea00000, 0x000000071e800000| Untracked 
| 245|0x000000071ea00000, 0x000000071ec00000, 0x000000071ec00000|100%| O|  |TAMS 0x000000071ec00000, 0x000000071ea00000| Untracked 
| 246|0x000000071ec00000, 0x000000071ee00000, 0x000000071ee00000|100%| O|  |TAMS 0x000000071ee00000, 0x000000071ec00000| Untracked 
| 247|0x000000071ee00000, 0x000000071f000000, 0x000000071f000000|100%| O|  |TAMS 0x000000071f000000, 0x000000071ee00000| Untracked 
| 248|0x000000071f000000, 0x000000071f200000, 0x000000071f200000|100%| O|  |TAMS 0x000000071f200000, 0x000000071f000000| Untracked 
| 249|0x000000071f200000, 0x000000071f400000, 0x000000071f400000|100%| O|  |TAMS 0x000000071f400000, 0x000000071f200000| Untracked 
| 250|0x000000071f400000, 0x000000071f600000, 0x000000071f600000|100%| O|  |TAMS 0x000000071f600000, 0x000000071f400000| Untracked 
| 251|0x000000071f600000, 0x000000071f800000, 0x000000071f800000|100%| O|  |TAMS 0x000000071f800000, 0x000000071f600000| Untracked 
| 252|0x000000071f800000, 0x000000071f800000, 0x000000071fa00000|  0%| F|  |TAMS 0x000000071f800000, 0x000000071f800000| Untracked 
| 253|0x000000071fa00000, 0x000000071fc00000, 0x000000071fc00000|100%| O|  |TAMS 0x000000071fa00000, 0x000000071fa00000| Untracked 
| 254|0x000000071fc00000, 0x000000071fc00000, 0x000000071fe00000|  0%| F|  |TAMS 0x000000071fc00000, 0x000000071fc00000| Untracked 
| 255|0x000000071fe00000, 0x0000000720000000, 0x0000000720000000|100%| O|  |TAMS 0x0000000720000000, 0x000000071fe00000| Untracked 
| 256|0x0000000720000000, 0x0000000720000000, 0x0000000720200000|  0%| F|  |TAMS 0x0000000720000000, 0x0000000720000000| Untracked 
| 257|0x0000000720200000, 0x0000000720200000, 0x0000000720400000|  0%| F|  |TAMS 0x0000000720200000, 0x0000000720200000| Untracked 
| 258|0x0000000720400000, 0x0000000720600000, 0x0000000720600000|100%| O|  |TAMS 0x0000000720600000, 0x0000000720400000| Untracked 
| 259|0x0000000720600000, 0x0000000720600000, 0x0000000720800000|  0%| F|  |TAMS 0x0000000720600000, 0x0000000720600000| Untracked 
| 260|0x0000000720800000, 0x0000000720800000, 0x0000000720a00000|  0%| F|  |TAMS 0x0000000720800000, 0x0000000720800000| Untracked 
| 261|0x0000000720a00000, 0x0000000720a00000, 0x0000000720c00000|  0%| F|  |TAMS 0x0000000720a00000, 0x0000000720a00000| Untracked 
| 262|0x0000000720c00000, 0x0000000720c00000, 0x0000000720e00000|  0%| F|  |TAMS 0x0000000720c00000, 0x0000000720c00000| Untracked 
| 263|0x0000000720e00000, 0x0000000720e00000, 0x0000000721000000|  0%| F|  |TAMS 0x0000000720e00000, 0x0000000720e00000| Untracked 
| 264|0x0000000721000000, 0x0000000721200000, 0x0000000721200000|100%|HS|  |TAMS 0x0000000721000000, 0x0000000721000000| Complete 
| 265|0x0000000721200000, 0x0000000721200000, 0x0000000721400000|  0%| F|  |TAMS 0x0000000721200000, 0x0000000721200000| Untracked 
| 266|0x0000000721400000, 0x0000000721400000, 0x0000000721600000|  0%| F|  |TAMS 0x0000000721400000, 0x0000000721400000| Untracked 
| 267|0x0000000721600000, 0x0000000721600000, 0x0000000721800000|  0%| F|  |TAMS 0x0000000721600000, 0x0000000721600000| Untracked 
| 268|0x0000000721800000, 0x0000000721a00000, 0x0000000721a00000|100%| O|  |TAMS 0x0000000721a00000, 0x0000000721800000| Untracked 
| 269|0x0000000721a00000, 0x0000000721c00000, 0x0000000721c00000|100%| O|  |TAMS 0x0000000721c00000, 0x0000000721a00000| Untracked 
| 270|0x0000000721c00000, 0x0000000721e00000, 0x0000000721e00000|100%| O|  |TAMS 0x0000000721e00000, 0x0000000721c00000| Untracked 
| 271|0x0000000721e00000, 0x0000000721e00000, 0x0000000722000000|  0%| F|  |TAMS 0x0000000721e00000, 0x0000000721e00000| Untracked 
| 272|0x0000000722000000, 0x0000000722000000, 0x0000000722200000|  0%| F|  |TAMS 0x0000000722000000, 0x0000000722000000| Untracked 
| 273|0x0000000722200000, 0x0000000722200000, 0x0000000722400000|  0%| F|  |TAMS 0x0000000722200000, 0x0000000722200000| Untracked 
| 274|0x0000000722400000, 0x0000000722600000, 0x0000000722600000|100%|HS|  |TAMS 0x0000000722400000, 0x0000000722400000| Complete 
| 275|0x0000000722600000, 0x0000000722600000, 0x0000000722800000|  0%| F|  |TAMS 0x0000000722600000, 0x0000000722600000| Untracked 
| 276|0x0000000722800000, 0x0000000722a00000, 0x0000000722a00000|100%| O|  |TAMS 0x0000000722a00000, 0x0000000722800000| Untracked 
| 277|0x0000000722a00000, 0x0000000722c00000, 0x0000000722c00000|100%| O|  |TAMS 0x0000000722c00000, 0x0000000722a00000| Untracked 
| 278|0x0000000722c00000, 0x0000000722e00000, 0x0000000722e00000|100%| O|  |TAMS 0x0000000722e00000, 0x0000000722c00000| Untracked 
| 279|0x0000000722e00000, 0x0000000723000000, 0x0000000723000000|100%| O|  |TAMS 0x0000000723000000, 0x0000000722e00000| Untracked 
| 280|0x0000000723000000, 0x0000000723200000, 0x0000000723200000|100%| O|  |TAMS 0x0000000723200000, 0x0000000723000000| Untracked 
| 281|0x0000000723200000, 0x0000000723400000, 0x0000000723400000|100%| O|  |TAMS 0x0000000723400000, 0x0000000723200000| Untracked 
| 282|0x0000000723400000, 0x0000000723600000, 0x0000000723600000|100%| O|  |TAMS 0x0000000723600000, 0x0000000723400000| Untracked 
| 283|0x0000000723600000, 0x0000000723800000, 0x0000000723800000|100%| O|  |TAMS 0x0000000723800000, 0x0000000723600000| Untracked 
| 284|0x0000000723800000, 0x0000000723a00000, 0x0000000723a00000|100%| O|  |TAMS 0x0000000723a00000, 0x0000000723800000| Untracked 
| 285|0x0000000723a00000, 0x0000000723c00000, 0x0000000723c00000|100%| O|  |TAMS 0x0000000723c00000, 0x0000000723a00000| Untracked 
| 286|0x0000000723c00000, 0x0000000723e00000, 0x0000000723e00000|100%| O|  |TAMS 0x0000000723e00000, 0x0000000723c00000| Untracked 
| 287|0x0000000723e00000, 0x0000000724000000, 0x0000000724000000|100%| O|  |TAMS 0x0000000724000000, 0x0000000723e00000| Untracked 
| 288|0x0000000724000000, 0x0000000724200000, 0x0000000724200000|100%| O|  |TAMS 0x0000000724200000, 0x0000000724000000| Untracked 
| 289|0x0000000724200000, 0x0000000724400000, 0x0000000724400000|100%| O|  |TAMS 0x0000000724400000, 0x0000000724200000| Untracked 
| 290|0x0000000724400000, 0x0000000724600000, 0x0000000724600000|100%| O|  |TAMS 0x0000000724600000, 0x0000000724400000| Untracked 
| 291|0x0000000724600000, 0x0000000724800000, 0x0000000724800000|100%| O|  |TAMS 0x0000000724800000, 0x0000000724600000| Untracked 
| 292|0x0000000724800000, 0x0000000724a00000, 0x0000000724a00000|100%| O|  |TAMS 0x0000000724a00000, 0x0000000724800000| Untracked 
| 293|0x0000000724a00000, 0x0000000724c00000, 0x0000000724c00000|100%| O|  |TAMS 0x0000000724c00000, 0x0000000724a00000| Untracked 
| 294|0x0000000724c00000, 0x0000000724e00000, 0x0000000724e00000|100%| O|  |TAMS 0x0000000724e00000, 0x0000000724c00000| Untracked 
| 295|0x0000000724e00000, 0x0000000725000000, 0x0000000725000000|100%| O|  |TAMS 0x0000000725000000, 0x0000000724e00000| Untracked 
| 296|0x0000000725000000, 0x0000000725200000, 0x0000000725200000|100%| O|  |TAMS 0x0000000725200000, 0x0000000725000000| Untracked 
| 297|0x0000000725200000, 0x0000000725400000, 0x0000000725400000|100%| O|  |TAMS 0x0000000725400000, 0x0000000725200000| Untracked 
| 298|0x0000000725400000, 0x0000000725600000, 0x0000000725600000|100%| O|  |TAMS 0x0000000725600000, 0x0000000725400000| Untracked 
| 299|0x0000000725600000, 0x0000000725800000, 0x0000000725800000|100%|HS|  |TAMS 0x0000000725800000, 0x0000000725600000| Complete 
| 300|0x0000000725800000, 0x0000000725a00000, 0x0000000725a00000|100%|HC|  |TAMS 0x0000000725a00000, 0x0000000725800000| Complete 
| 301|0x0000000725a00000, 0x0000000725c00000, 0x0000000725c00000|100%| O|  |TAMS 0x0000000725c00000, 0x0000000725a00000| Untracked 
| 302|0x0000000725c00000, 0x0000000725e00000, 0x0000000725e00000|100%| O|  |TAMS 0x0000000725e00000, 0x0000000725c00000| Untracked 
| 303|0x0000000725e00000, 0x0000000726000000, 0x0000000726000000|100%| O|  |TAMS 0x0000000726000000, 0x0000000725e00000| Untracked 
| 304|0x0000000726000000, 0x0000000726200000, 0x0000000726200000|100%| O|  |TAMS 0x0000000726200000, 0x0000000726000000| Untracked 
| 305|0x0000000726200000, 0x0000000726400000, 0x0000000726400000|100%| O|  |TAMS 0x0000000726400000, 0x0000000726200000| Untracked 
| 306|0x0000000726400000, 0x0000000726600000, 0x0000000726600000|100%| O|  |TAMS 0x0000000726600000, 0x0000000726400000| Untracked 
| 307|0x0000000726600000, 0x0000000726800000, 0x0000000726800000|100%| O|  |TAMS 0x0000000726688e00, 0x0000000726600000| Untracked 
| 308|0x0000000726800000, 0x0000000726a00000, 0x0000000726a00000|100%|HS|  |TAMS 0x0000000726a00000, 0x0000000726800000| Complete 
| 309|0x0000000726a00000, 0x0000000726c00000, 0x0000000726c00000|100%|HS|  |TAMS 0x0000000726c00000, 0x0000000726a00000| Complete 
| 310|0x0000000726c00000, 0x0000000726e00000, 0x0000000726e00000|100%|HC|  |TAMS 0x0000000726e00000, 0x0000000726c00000| Complete 
| 311|0x0000000726e00000, 0x0000000727000000, 0x0000000727000000|100%|HS|  |TAMS 0x0000000727000000, 0x0000000726e00000| Complete 
| 312|0x0000000727000000, 0x0000000727200000, 0x0000000727200000|100%|HS|  |TAMS 0x0000000727200000, 0x0000000727000000| Complete 
| 313|0x0000000727200000, 0x0000000727400000, 0x0000000727400000|100%|HC|  |TAMS 0x0000000727400000, 0x0000000727200000| Complete 
| 314|0x0000000727400000, 0x0000000727600000, 0x0000000727600000|100%|HC|  |TAMS 0x0000000727600000, 0x0000000727400000| Complete 
| 315|0x0000000727600000, 0x0000000727800000, 0x0000000727800000|100%|HC|  |TAMS 0x0000000727800000, 0x0000000727600000| Complete 
| 316|0x0000000727800000, 0x0000000727a00000, 0x0000000727a00000|100%|HC|  |TAMS 0x0000000727a00000, 0x0000000727800000| Complete 
| 317|0x0000000727a00000, 0x0000000727c00000, 0x0000000727c00000|100%|HC|  |TAMS 0x0000000727c00000, 0x0000000727a00000| Complete 
| 318|0x0000000727c00000, 0x0000000727e00000, 0x0000000727e00000|100%|HC|  |TAMS 0x0000000727e00000, 0x0000000727c00000| Complete 
| 319|0x0000000727e00000, 0x0000000728000000, 0x0000000728000000|100%|HC|  |TAMS 0x0000000728000000, 0x0000000727e00000| Complete 
| 320|0x0000000728000000, 0x0000000728200000, 0x0000000728200000|100%|HC|  |TAMS 0x0000000728200000, 0x0000000728000000| Complete 
| 321|0x0000000728200000, 0x0000000728400000, 0x0000000728400000|100%|HC|  |TAMS 0x0000000728400000, 0x0000000728200000| Complete 
| 322|0x0000000728400000, 0x0000000728600000, 0x0000000728600000|100%|HC|  |TAMS 0x0000000728600000, 0x0000000728400000| Complete 
| 323|0x0000000728600000, 0x0000000728800000, 0x0000000728800000|100%|HC|  |TAMS 0x0000000728800000, 0x0000000728600000| Complete 
| 324|0x0000000728800000, 0x0000000728a00000, 0x0000000728a00000|100%|HC|  |TAMS 0x0000000728a00000, 0x0000000728800000| Complete 
| 325|0x0000000728a00000, 0x0000000728c00000, 0x0000000728c00000|100%|HC|  |TAMS 0x0000000728c00000, 0x0000000728a00000| Complete 
| 326|0x0000000728c00000, 0x0000000728e00000, 0x0000000728e00000|100%|HC|  |TAMS 0x0000000728e00000, 0x0000000728c00000| Complete 
| 327|0x0000000728e00000, 0x0000000729000000, 0x0000000729000000|100%|HS|  |TAMS 0x0000000729000000, 0x0000000728e00000| Complete 
| 328|0x0000000729000000, 0x0000000729200000, 0x0000000729200000|100%| O|  |TAMS 0x0000000729000000, 0x0000000729000000| Untracked 
| 329|0x0000000729200000, 0x0000000729400000, 0x0000000729400000|100%|HS|  |TAMS 0x0000000729200000, 0x0000000729200000| Complete 
| 330|0x0000000729400000, 0x0000000729600000, 0x0000000729600000|100%|HS|  |TAMS 0x0000000729600000, 0x0000000729400000| Complete 
| 331|0x0000000729600000, 0x0000000729800000, 0x0000000729800000|100%|HC|  |TAMS 0x0000000729800000, 0x0000000729600000| Complete 
| 332|0x0000000729800000, 0x0000000729a00000, 0x0000000729a00000|100%|HS|  |TAMS 0x0000000729a00000, 0x0000000729800000| Complete 
| 333|0x0000000729a00000, 0x0000000729c00000, 0x0000000729c00000|100%|HS|  |TAMS 0x0000000729c00000, 0x0000000729a00000| Complete 
| 334|0x0000000729c00000, 0x0000000729e00000, 0x0000000729e00000|100%|HS|  |TAMS 0x0000000729e00000, 0x0000000729c00000| Complete 
| 335|0x0000000729e00000, 0x000000072a000000, 0x000000072a000000|100%|HC|  |TAMS 0x000000072a000000, 0x0000000729e00000| Complete 
| 336|0x000000072a000000, 0x000000072a200000, 0x000000072a200000|100%|HS|  |TAMS 0x000000072a200000, 0x000000072a000000| Complete 
| 337|0x000000072a200000, 0x000000072a400000, 0x000000072a400000|100%|HS|  |TAMS 0x000000072a400000, 0x000000072a200000| Complete 
| 338|0x000000072a400000, 0x000000072a600000, 0x000000072a600000|100%|HC|  |TAMS 0x000000072a600000, 0x000000072a400000| Complete 
| 339|0x000000072a600000, 0x000000072a800000, 0x000000072a800000|100%| O|  |TAMS 0x000000072a600000, 0x000000072a600000| Untracked 
| 340|0x000000072a800000, 0x000000072aa00000, 0x000000072aa00000|100%| O|  |TAMS 0x000000072a800000, 0x000000072a800000| Untracked 
| 341|0x000000072aa00000, 0x000000072ac00000, 0x000000072ac00000|100%| O|  |TAMS 0x000000072aa00000, 0x000000072aa00000| Untracked 
| 342|0x000000072ac00000, 0x000000072ae00000, 0x000000072ae00000|100%| O|  |TAMS 0x000000072ac00000, 0x000000072ac00000| Untracked 
| 343|0x000000072ae00000, 0x000000072b000000, 0x000000072b000000|100%| O|  |TAMS 0x000000072ae00000, 0x000000072ae00000| Untracked 
| 344|0x000000072b000000, 0x000000072b200000, 0x000000072b200000|100%| O|  |TAMS 0x000000072b000000, 0x000000072b000000| Untracked 
| 345|0x000000072b200000, 0x000000072b400000, 0x000000072b400000|100%| O|  |TAMS 0x000000072b200000, 0x000000072b200000| Untracked 
| 346|0x000000072b400000, 0x000000072b600000, 0x000000072b600000|100%| O|  |TAMS 0x000000072b400000, 0x000000072b400000| Untracked 
| 347|0x000000072b600000, 0x000000072b800000, 0x000000072b800000|100%|HS|  |TAMS 0x000000072b600000, 0x000000072b600000| Complete 
| 348|0x000000072b800000, 0x000000072ba00000, 0x000000072ba00000|100%| O|  |TAMS 0x000000072b800000, 0x000000072b800000| Untracked 
| 349|0x000000072ba00000, 0x000000072bc00000, 0x000000072bc00000|100%|HS|  |TAMS 0x000000072ba00000, 0x000000072ba00000| Complete 
| 350|0x000000072bc00000, 0x000000072be00000, 0x000000072be00000|100%| O|  |TAMS 0x000000072bc00000, 0x000000072bc00000| Untracked 
| 351|0x000000072be00000, 0x000000072c000000, 0x000000072c000000|100%| O|  |TAMS 0x000000072be00000, 0x000000072be00000| Untracked 
| 352|0x000000072c000000, 0x000000072c200000, 0x000000072c200000|100%|HS|  |TAMS 0x000000072c000000, 0x000000072c000000| Complete 
| 353|0x000000072c200000, 0x000000072c400000, 0x000000072c400000|100%|HC|  |TAMS 0x000000072c200000, 0x000000072c200000| Complete 
| 354|0x000000072c400000, 0x000000072c600000, 0x000000072c600000|100%| O|  |TAMS 0x000000072c400000, 0x000000072c400000| Untracked 
| 355|0x000000072c600000, 0x000000072c800000, 0x000000072c800000|100%|HS|  |TAMS 0x000000072c600000, 0x000000072c600000| Complete 
| 356|0x000000072c800000, 0x000000072ca00000, 0x000000072ca00000|100%| O|  |TAMS 0x000000072c800000, 0x000000072c800000| Untracked 
| 357|0x000000072ca00000, 0x000000072cc00000, 0x000000072cc00000|100%| O|  |TAMS 0x000000072ca00000, 0x000000072ca00000| Untracked 
| 358|0x000000072cc00000, 0x000000072ce00000, 0x000000072ce00000|100%| O|  |TAMS 0x000000072cc00000, 0x000000072cc00000| Untracked 
| 359|0x000000072ce00000, 0x000000072d000000, 0x000000072d000000|100%|HS|  |TAMS 0x000000072ce00000, 0x000000072ce00000| Complete 
| 360|0x000000072d000000, 0x000000072d200000, 0x000000072d200000|100%|HC|  |TAMS 0x000000072d000000, 0x000000072d000000| Complete 
| 361|0x000000072d200000, 0x000000072d400000, 0x000000072d400000|100%| O|  |TAMS 0x000000072d200000, 0x000000072d200000| Untracked 
| 362|0x000000072d400000, 0x000000072d600000, 0x000000072d600000|100%| O|  |TAMS 0x000000072d400000, 0x000000072d400000| Untracked 
| 363|0x000000072d600000, 0x000000072d800000, 0x000000072d800000|100%| O|  |TAMS 0x000000072d600000, 0x000000072d600000| Untracked 
| 364|0x000000072d800000, 0x000000072da00000, 0x000000072da00000|100%| O|  |TAMS 0x000000072d800000, 0x000000072d800000| Untracked 
| 365|0x000000072da00000, 0x000000072dc00000, 0x000000072dc00000|100%| O|  |TAMS 0x000000072da00000, 0x000000072da00000| Untracked 
| 366|0x000000072dc00000, 0x000000072de00000, 0x000000072de00000|100%| O|  |TAMS 0x000000072dc00000, 0x000000072dc00000| Untracked 
| 367|0x000000072de00000, 0x000000072e000000, 0x000000072e000000|100%| O|  |TAMS 0x000000072de00000, 0x000000072de00000| Untracked 
| 368|0x000000072e000000, 0x000000072e200000, 0x000000072e200000|100%| O|  |TAMS 0x000000072e000000, 0x000000072e000000| Untracked 
| 369|0x000000072e200000, 0x000000072e400000, 0x000000072e400000|100%| O|  |TAMS 0x000000072e200000, 0x000000072e200000| Untracked 
| 370|0x000000072e400000, 0x000000072e600000, 0x000000072e600000|100%| O|  |TAMS 0x000000072e400000, 0x000000072e400000| Untracked 
| 371|0x000000072e600000, 0x000000072e800000, 0x000000072e800000|100%| O|  |TAMS 0x000000072e600000, 0x000000072e600000| Untracked 
| 372|0x000000072e800000, 0x000000072ea00000, 0x000000072ea00000|100%| O|  |TAMS 0x000000072e800000, 0x000000072e800000| Untracked 
| 373|0x000000072ea00000, 0x000000072ec00000, 0x000000072ec00000|100%| O|  |TAMS 0x000000072ea00000, 0x000000072ea00000| Untracked 
| 374|0x000000072ec00000, 0x000000072ee00000, 0x000000072ee00000|100%| O|  |TAMS 0x000000072ec00000, 0x000000072ec00000| Untracked 
| 375|0x000000072ee00000, 0x000000072f000000, 0x000000072f000000|100%| O|  |TAMS 0x000000072ee00000, 0x000000072ee00000| Untracked 
| 376|0x000000072f000000, 0x000000072f200000, 0x000000072f200000|100%| O|  |TAMS 0x000000072f000000, 0x000000072f000000| Untracked 
| 377|0x000000072f200000, 0x000000072f400000, 0x000000072f400000|100%| O|  |TAMS 0x000000072f200000, 0x000000072f200000| Untracked 
| 378|0x000000072f400000, 0x000000072f600000, 0x000000072f600000|100%| O|  |TAMS 0x000000072f400000, 0x000000072f400000| Untracked 
| 379|0x000000072f600000, 0x000000072f800000, 0x000000072f800000|100%| O|  |TAMS 0x000000072f600000, 0x000000072f600000| Untracked 
| 380|0x000000072f800000, 0x000000072fa00000, 0x000000072fa00000|100%| O|  |TAMS 0x000000072f800000, 0x000000072f800000| Untracked 
| 381|0x000000072fa00000, 0x000000072fc00000, 0x000000072fc00000|100%| O|  |TAMS 0x000000072fa00000, 0x000000072fa00000| Untracked 
| 382|0x000000072fc00000, 0x000000072fe00000, 0x000000072fe00000|100%| O|  |TAMS 0x000000072fc00000, 0x000000072fc00000| Untracked 
| 383|0x000000072fe00000, 0x0000000730000000, 0x0000000730000000|100%| O|  |TAMS 0x000000072fe00000, 0x000000072fe00000| Untracked 
| 384|0x0000000730000000, 0x0000000730200000, 0x0000000730200000|100%| O|  |TAMS 0x0000000730000000, 0x0000000730000000| Untracked 
| 385|0x0000000730200000, 0x0000000730400000, 0x0000000730400000|100%| O|  |TAMS 0x0000000730200000, 0x0000000730200000| Untracked 
| 386|0x0000000730400000, 0x0000000730600000, 0x0000000730600000|100%| O|  |TAMS 0x0000000730400000, 0x0000000730400000| Untracked 
| 387|0x0000000730600000, 0x0000000730800000, 0x0000000730800000|100%| O|  |TAMS 0x0000000730600000, 0x0000000730600000| Untracked 
| 388|0x0000000730800000, 0x0000000730a00000, 0x0000000730a00000|100%| O|  |TAMS 0x0000000730800000, 0x0000000730800000| Untracked 
| 389|0x0000000730a00000, 0x0000000730c00000, 0x0000000730c00000|100%|HS|  |TAMS 0x0000000730a00000, 0x0000000730a00000| Complete 
| 390|0x0000000730c00000, 0x0000000730e00000, 0x0000000730e00000|100%|HC|  |TAMS 0x0000000730c00000, 0x0000000730c00000| Complete 
| 391|0x0000000730e00000, 0x0000000731000000, 0x0000000731000000|100%|HS|  |TAMS 0x0000000730e00000, 0x0000000730e00000| Complete 
| 392|0x0000000731000000, 0x0000000731200000, 0x0000000731200000|100%|HC|  |TAMS 0x0000000731000000, 0x0000000731000000| Complete 
| 393|0x0000000731200000, 0x0000000731400000, 0x0000000731400000|100%|HC|  |TAMS 0x0000000731200000, 0x0000000731200000| Complete 
| 394|0x0000000731400000, 0x0000000731600000, 0x0000000731600000|100%|HC|  |TAMS 0x0000000731400000, 0x0000000731400000| Complete 
| 395|0x0000000731600000, 0x0000000731800000, 0x0000000731800000|100%|HC|  |TAMS 0x0000000731600000, 0x0000000731600000| Complete 
| 396|0x0000000731800000, 0x0000000731a00000, 0x0000000731a00000|100%|HC|  |TAMS 0x0000000731800000, 0x0000000731800000| Complete 
| 397|0x0000000731a00000, 0x0000000731c00000, 0x0000000731c00000|100%|HC|  |TAMS 0x0000000731a00000, 0x0000000731a00000| Complete 
| 398|0x0000000731c00000, 0x0000000731e00000, 0x0000000731e00000|100%|HC|  |TAMS 0x0000000731c00000, 0x0000000731c00000| Complete 
| 399|0x0000000731e00000, 0x0000000732000000, 0x0000000732000000|100%|HC|  |TAMS 0x0000000731e00000, 0x0000000731e00000| Complete 
| 400|0x0000000732000000, 0x0000000732200000, 0x0000000732200000|100%|HC|  |TAMS 0x0000000732000000, 0x0000000732000000| Complete 
| 401|0x0000000732200000, 0x0000000732400000, 0x0000000732400000|100%|HC|  |TAMS 0x0000000732200000, 0x0000000732200000| Complete 
| 402|0x0000000732400000, 0x0000000732600000, 0x0000000732600000|100%|HC|  |TAMS 0x0000000732400000, 0x0000000732400000| Complete 
| 403|0x0000000732600000, 0x0000000732800000, 0x0000000732800000|100%|HC|  |TAMS 0x0000000732600000, 0x0000000732600000| Complete 
| 404|0x0000000732800000, 0x0000000732a00000, 0x0000000732a00000|100%|HC|  |TAMS 0x0000000732800000, 0x0000000732800000| Complete 
| 405|0x0000000732a00000, 0x0000000732c00000, 0x0000000732c00000|100%|HC|  |TAMS 0x0000000732a00000, 0x0000000732a00000| Complete 
| 406|0x0000000732c00000, 0x0000000732e00000, 0x0000000732e00000|100%| O|  |TAMS 0x0000000732c00000, 0x0000000732c00000| Untracked 
| 407|0x0000000732e00000, 0x0000000733000000, 0x0000000733000000|100%| O|  |TAMS 0x0000000732e00000, 0x0000000732e00000| Untracked 
| 408|0x0000000733000000, 0x0000000733200000, 0x0000000733200000|100%| O|  |TAMS 0x0000000733000000, 0x0000000733000000| Untracked 
| 409|0x0000000733200000, 0x0000000733400000, 0x0000000733400000|100%| O|  |TAMS 0x0000000733200000, 0x0000000733200000| Untracked 
| 410|0x0000000733400000, 0x0000000733600000, 0x0000000733600000|100%| O|  |TAMS 0x0000000733400000, 0x0000000733400000| Untracked 
| 411|0x0000000733600000, 0x0000000733800000, 0x0000000733800000|100%| O|  |TAMS 0x0000000733600000, 0x0000000733600000| Untracked 
| 412|0x0000000733800000, 0x0000000733a00000, 0x0000000733a00000|100%| O|  |TAMS 0x0000000733800000, 0x0000000733800000| Untracked 
| 413|0x0000000733a00000, 0x0000000733c00000, 0x0000000733c00000|100%| O|  |TAMS 0x0000000733a00000, 0x0000000733a00000| Untracked 
| 414|0x0000000733c00000, 0x0000000733e00000, 0x0000000733e00000|100%| O|  |TAMS 0x0000000733c00000, 0x0000000733c00000| Untracked 
| 415|0x0000000733e00000, 0x0000000734000000, 0x0000000734000000|100%| O|  |TAMS 0x0000000733e00000, 0x0000000733e00000| Untracked 
| 416|0x0000000734000000, 0x0000000734200000, 0x0000000734200000|100%| O|  |TAMS 0x0000000734000000, 0x0000000734000000| Untracked 
| 417|0x0000000734200000, 0x0000000734400000, 0x0000000734400000|100%| O|  |TAMS 0x0000000734200000, 0x0000000734200000| Untracked 
| 418|0x0000000734400000, 0x0000000734600000, 0x0000000734600000|100%| O|  |TAMS 0x0000000734400000, 0x0000000734400000| Untracked 
| 419|0x0000000734600000, 0x0000000734800000, 0x0000000734800000|100%| O|  |TAMS 0x0000000734600000, 0x0000000734600000| Untracked 
| 420|0x0000000734800000, 0x0000000734a00000, 0x0000000734a00000|100%|HS|  |TAMS 0x0000000734800000, 0x0000000734800000| Complete 
| 421|0x0000000734a00000, 0x0000000734c00000, 0x0000000734c00000|100%|HC|  |TAMS 0x0000000734a00000, 0x0000000734a00000| Complete 
| 422|0x0000000734c00000, 0x0000000734e00000, 0x0000000734e00000|100%| O|  |TAMS 0x0000000734c00000, 0x0000000734c00000| Untracked 
| 423|0x0000000734e00000, 0x0000000735000000, 0x0000000735000000|100%| O|  |TAMS 0x0000000734e00000, 0x0000000734e00000| Untracked 
| 424|0x0000000735000000, 0x0000000735200000, 0x0000000735200000|100%|HS|  |TAMS 0x0000000735000000, 0x0000000735000000| Complete 
| 425|0x0000000735200000, 0x0000000735400000, 0x0000000735400000|100%|HC|  |TAMS 0x0000000735200000, 0x0000000735200000| Complete 
| 426|0x0000000735400000, 0x0000000735600000, 0x0000000735600000|100%| O|  |TAMS 0x0000000735400000, 0x0000000735400000| Untracked 
| 427|0x0000000735600000, 0x0000000735800000, 0x0000000735800000|100%| O|  |TAMS 0x0000000735600000, 0x0000000735600000| Untracked 
| 428|0x0000000735800000, 0x0000000735a00000, 0x0000000735a00000|100%|HS|  |TAMS 0x0000000735800000, 0x0000000735800000| Complete 
| 429|0x0000000735a00000, 0x0000000735c00000, 0x0000000735c00000|100%|HC|  |TAMS 0x0000000735a00000, 0x0000000735a00000| Complete 
| 430|0x0000000735c00000, 0x0000000735e00000, 0x0000000735e00000|100%| O|  |TAMS 0x0000000735c00000, 0x0000000735c00000| Untracked 
| 431|0x0000000735e00000, 0x0000000736000000, 0x0000000736000000|100%| O|  |TAMS 0x0000000735e00000, 0x0000000735e00000| Untracked 
| 432|0x0000000736000000, 0x0000000736200000, 0x0000000736200000|100%| O|  |TAMS 0x0000000736000000, 0x0000000736000000| Untracked 
| 433|0x0000000736200000, 0x0000000736400000, 0x0000000736400000|100%| O|  |TAMS 0x0000000736200000, 0x0000000736200000| Untracked 
| 434|0x0000000736400000, 0x0000000736600000, 0x0000000736600000|100%| O|  |TAMS 0x0000000736400000, 0x0000000736400000| Untracked 
| 435|0x0000000736600000, 0x0000000736800000, 0x0000000736800000|100%| O|  |TAMS 0x0000000736600000, 0x0000000736600000| Untracked 
| 436|0x0000000736800000, 0x0000000736a00000, 0x0000000736a00000|100%| O|  |TAMS 0x0000000736800000, 0x0000000736800000| Untracked 
| 437|0x0000000736a00000, 0x0000000736c00000, 0x0000000736c00000|100%| O|  |TAMS 0x0000000736a00000, 0x0000000736a00000| Untracked 
| 438|0x0000000736c00000, 0x0000000736e00000, 0x0000000736e00000|100%| O|  |TAMS 0x0000000736c00000, 0x0000000736c00000| Untracked 
| 439|0x0000000736e00000, 0x0000000737000000, 0x0000000737000000|100%| O|  |TAMS 0x0000000736e00000, 0x0000000736e00000| Untracked 
| 440|0x0000000737000000, 0x0000000737200000, 0x0000000737200000|100%| O|  |TAMS 0x0000000737000000, 0x0000000737000000| Untracked 
| 441|0x0000000737200000, 0x0000000737400000, 0x0000000737400000|100%| O|  |TAMS 0x0000000737200000, 0x0000000737200000| Untracked 
| 442|0x0000000737400000, 0x0000000737600000, 0x0000000737600000|100%| O|  |TAMS 0x0000000737400000, 0x0000000737400000| Untracked 
| 443|0x0000000737600000, 0x0000000737800000, 0x0000000737800000|100%| O|  |TAMS 0x0000000737600000, 0x0000000737600000| Untracked 
| 444|0x0000000737800000, 0x0000000737a00000, 0x0000000737a00000|100%| O|  |TAMS 0x0000000737800000, 0x0000000737800000| Untracked 
| 445|0x0000000737a00000, 0x0000000737c00000, 0x0000000737c00000|100%| O|  |TAMS 0x0000000737a00000, 0x0000000737a00000| Untracked 
| 446|0x0000000737c00000, 0x0000000737e00000, 0x0000000737e00000|100%| O|  |TAMS 0x0000000737c00000, 0x0000000737c00000| Untracked 
| 447|0x0000000737e00000, 0x0000000738000000, 0x0000000738000000|100%| O|  |TAMS 0x0000000737e00000, 0x0000000737e00000| Untracked 
| 448|0x0000000738000000, 0x0000000738200000, 0x0000000738200000|100%| O|  |TAMS 0x0000000738000000, 0x0000000738000000| Untracked 
| 449|0x0000000738200000, 0x0000000738400000, 0x0000000738400000|100%| O|  |TAMS 0x0000000738200000, 0x0000000738200000| Untracked 
| 450|0x0000000738400000, 0x0000000738600000, 0x0000000738600000|100%| O|  |TAMS 0x0000000738400000, 0x0000000738400000| Untracked 
| 451|0x0000000738600000, 0x0000000738600000, 0x0000000738800000|  0%| F|  |TAMS 0x0000000738600000, 0x0000000738600000| Untracked 
| 452|0x0000000738800000, 0x0000000738800000, 0x0000000738a00000|  0%| F|  |TAMS 0x0000000738800000, 0x0000000738800000| Untracked 
| 453|0x0000000738a00000, 0x0000000738a00000, 0x0000000738c00000|  0%| F|  |TAMS 0x0000000738a00000, 0x0000000738a00000| Untracked 
| 454|0x0000000738c00000, 0x0000000738c00000, 0x0000000738e00000|  0%| F|  |TAMS 0x0000000738c00000, 0x0000000738c00000| Untracked 
| 455|0x0000000738e00000, 0x0000000738e00000, 0x0000000739000000|  0%| F|  |TAMS 0x0000000738e00000, 0x0000000738e00000| Untracked 
| 456|0x0000000739000000, 0x0000000739000000, 0x0000000739200000|  0%| F|  |TAMS 0x0000000739000000, 0x0000000739000000| Untracked 
| 457|0x0000000739200000, 0x0000000739200000, 0x0000000739400000|  0%| F|  |TAMS 0x0000000739200000, 0x0000000739200000| Untracked 
| 458|0x0000000739400000, 0x0000000739400000, 0x0000000739600000|  0%| F|  |TAMS 0x0000000739400000, 0x0000000739400000| Untracked 
| 459|0x0000000739600000, 0x0000000739600000, 0x0000000739800000|  0%| F|  |TAMS 0x0000000739600000, 0x0000000739600000| Untracked 
| 460|0x0000000739800000, 0x0000000739800000, 0x0000000739a00000|  0%| F|  |TAMS 0x0000000739800000, 0x0000000739800000| Untracked 
| 461|0x0000000739a00000, 0x0000000739a00000, 0x0000000739c00000|  0%| F|  |TAMS 0x0000000739a00000, 0x0000000739a00000| Untracked 
| 462|0x0000000739c00000, 0x0000000739c00000, 0x0000000739e00000|  0%| F|  |TAMS 0x0000000739c00000, 0x0000000739c00000| Untracked 
| 463|0x0000000739e00000, 0x0000000739e00000, 0x000000073a000000|  0%| F|  |TAMS 0x0000000739e00000, 0x0000000739e00000| Untracked 
| 464|0x000000073a000000, 0x000000073a000000, 0x000000073a200000|  0%| F|  |TAMS 0x000000073a000000, 0x000000073a000000| Untracked 
| 465|0x000000073a200000, 0x000000073a200000, 0x000000073a400000|  0%| F|  |TAMS 0x000000073a200000, 0x000000073a200000| Untracked 
| 466|0x000000073a400000, 0x000000073a400000, 0x000000073a600000|  0%| F|  |TAMS 0x000000073a400000, 0x000000073a400000| Untracked 
| 467|0x000000073a600000, 0x000000073a600000, 0x000000073a800000|  0%| F|  |TAMS 0x000000073a600000, 0x000000073a600000| Untracked 
| 468|0x000000073a800000, 0x000000073a800000, 0x000000073aa00000|  0%| F|  |TAMS 0x000000073a800000, 0x000000073a800000| Untracked 
| 469|0x000000073aa00000, 0x000000073aa00000, 0x000000073ac00000|  0%| F|  |TAMS 0x000000073aa00000, 0x000000073aa00000| Untracked 
| 470|0x000000073ac00000, 0x000000073ac00000, 0x000000073ae00000|  0%| F|  |TAMS 0x000000073ac00000, 0x000000073ac00000| Untracked 
| 471|0x000000073ae00000, 0x000000073ae00000, 0x000000073b000000|  0%| F|  |TAMS 0x000000073ae00000, 0x000000073ae00000| Untracked 
| 472|0x000000073b000000, 0x000000073b000000, 0x000000073b200000|  0%| F|  |TAMS 0x000000073b000000, 0x000000073b000000| Untracked 
| 473|0x000000073b200000, 0x000000073b200000, 0x000000073b400000|  0%| F|  |TAMS 0x000000073b200000, 0x000000073b200000| Untracked 
| 474|0x000000073b400000, 0x000000073b400000, 0x000000073b600000|  0%| F|  |TAMS 0x000000073b400000, 0x000000073b400000| Untracked 
| 475|0x000000073b600000, 0x000000073b600000, 0x000000073b800000|  0%| F|  |TAMS 0x000000073b600000, 0x000000073b600000| Untracked 
| 476|0x000000073b800000, 0x000000073b800000, 0x000000073ba00000|  0%| F|  |TAMS 0x000000073b800000, 0x000000073b800000| Untracked 
| 477|0x000000073ba00000, 0x000000073ba00000, 0x000000073bc00000|  0%| F|  |TAMS 0x000000073ba00000, 0x000000073ba00000| Untracked 
| 478|0x000000073bc00000, 0x000000073bc00000, 0x000000073be00000|  0%| F|  |TAMS 0x000000073bc00000, 0x000000073bc00000| Untracked 
| 479|0x000000073be00000, 0x000000073be00000, 0x000000073c000000|  0%| F|  |TAMS 0x000000073be00000, 0x000000073be00000| Untracked 
| 480|0x000000073c000000, 0x000000073c000000, 0x000000073c200000|  0%| F|  |TAMS 0x000000073c000000, 0x000000073c000000| Untracked 
| 481|0x000000073c200000, 0x000000073c200000, 0x000000073c400000|  0%| F|  |TAMS 0x000000073c200000, 0x000000073c200000| Untracked 
| 482|0x000000073c400000, 0x000000073c400000, 0x000000073c600000|  0%| F|  |TAMS 0x000000073c400000, 0x000000073c400000| Untracked 
| 483|0x000000073c600000, 0x000000073c600000, 0x000000073c800000|  0%| F|  |TAMS 0x000000073c600000, 0x000000073c600000| Untracked 
| 484|0x000000073c800000, 0x000000073c800000, 0x000000073ca00000|  0%| F|  |TAMS 0x000000073c800000, 0x000000073c800000| Untracked 
| 485|0x000000073ca00000, 0x000000073ca00000, 0x000000073cc00000|  0%| F|  |TAMS 0x000000073ca00000, 0x000000073ca00000| Untracked 
| 486|0x000000073cc00000, 0x000000073cc00000, 0x000000073ce00000|  0%| F|  |TAMS 0x000000073cc00000, 0x000000073cc00000| Untracked 
| 487|0x000000073ce00000, 0x000000073ce00000, 0x000000073d000000|  0%| F|  |TAMS 0x000000073ce00000, 0x000000073ce00000| Untracked 
| 488|0x000000073d000000, 0x000000073d000000, 0x000000073d200000|  0%| F|  |TAMS 0x000000073d000000, 0x000000073d000000| Untracked 
| 489|0x000000073d200000, 0x000000073d200000, 0x000000073d400000|  0%| F|  |TAMS 0x000000073d200000, 0x000000073d200000| Untracked 
| 490|0x000000073d400000, 0x000000073d400000, 0x000000073d600000|  0%| F|  |TAMS 0x000000073d400000, 0x000000073d400000| Untracked 
| 491|0x000000073d600000, 0x000000073d600000, 0x000000073d800000|  0%| F|  |TAMS 0x000000073d600000, 0x000000073d600000| Untracked 
| 492|0x000000073d800000, 0x000000073d800000, 0x000000073da00000|  0%| F|  |TAMS 0x000000073d800000, 0x000000073d800000| Untracked 
| 493|0x000000073da00000, 0x000000073da00000, 0x000000073dc00000|  0%| F|  |TAMS 0x000000073da00000, 0x000000073da00000| Untracked 
| 494|0x000000073dc00000, 0x000000073dc00000, 0x000000073de00000|  0%| F|  |TAMS 0x000000073dc00000, 0x000000073dc00000| Untracked 
| 495|0x000000073de00000, 0x000000073de00000, 0x000000073e000000|  0%| F|  |TAMS 0x000000073de00000, 0x000000073de00000| Untracked 
| 496|0x000000073e000000, 0x000000073e000000, 0x000000073e200000|  0%| F|  |TAMS 0x000000073e000000, 0x000000073e000000| Untracked 
| 497|0x000000073e200000, 0x000000073e200000, 0x000000073e400000|  0%| F|  |TAMS 0x000000073e200000, 0x000000073e200000| Untracked 
| 498|0x000000073e400000, 0x000000073e400000, 0x000000073e600000|  0%| F|  |TAMS 0x000000073e400000, 0x000000073e400000| Untracked 
| 499|0x000000073e600000, 0x000000073e600000, 0x000000073e800000|  0%| F|  |TAMS 0x000000073e600000, 0x000000073e600000| Untracked 
| 500|0x000000073e800000, 0x000000073e800000, 0x000000073ea00000|  0%| F|  |TAMS 0x000000073e800000, 0x000000073e800000| Untracked 
| 501|0x000000073ea00000, 0x000000073ea00000, 0x000000073ec00000|  0%| F|  |TAMS 0x000000073ea00000, 0x000000073ea00000| Untracked 
| 502|0x000000073ec00000, 0x000000073ec00000, 0x000000073ee00000|  0%| F|  |TAMS 0x000000073ec00000, 0x000000073ec00000| Untracked 
| 503|0x000000073ee00000, 0x000000073f000000, 0x000000073f000000|100%| S|CS|TAMS 0x000000073ee00000, 0x000000073ee00000| Complete 
| 504|0x000000073f000000, 0x000000073f200000, 0x000000073f200000|100%| S|CS|TAMS 0x000000073f000000, 0x000000073f000000| Complete 
| 505|0x000000073f200000, 0x000000073f400000, 0x000000073f400000|100%| S|CS|TAMS 0x000000073f200000, 0x000000073f200000| Complete 
| 506|0x000000073f400000, 0x000000073f600000, 0x000000073f600000|100%| S|CS|TAMS 0x000000073f400000, 0x000000073f400000| Complete 
| 507|0x000000073f600000, 0x000000073f800000, 0x000000073f800000|100%| S|CS|TAMS 0x000000073f600000, 0x000000073f600000| Complete 
| 508|0x000000073f800000, 0x000000073fa00000, 0x000000073fa00000|100%| S|CS|TAMS 0x000000073f800000, 0x000000073f800000| Complete 
| 509|0x000000073fa00000, 0x000000073fc00000, 0x000000073fc00000|100%| S|CS|TAMS 0x000000073fa00000, 0x000000073fa00000| Complete 
| 510|0x000000073fc00000, 0x000000073fe00000, 0x000000073fe00000|100%| S|CS|TAMS 0x000000073fc00000, 0x000000073fc00000| Complete 
| 511|0x000000073fe00000, 0x0000000740000000, 0x0000000740000000|100%| S|CS|TAMS 0x000000073fe00000, 0x000000073fe00000| Complete 
| 512|0x0000000740000000, 0x0000000740200000, 0x0000000740200000|100%| S|CS|TAMS 0x0000000740000000, 0x0000000740000000| Complete 
| 513|0x0000000740200000, 0x0000000740400000, 0x0000000740400000|100%| S|CS|TAMS 0x0000000740200000, 0x0000000740200000| Complete 
| 514|0x0000000740400000, 0x0000000740600000, 0x0000000740600000|100%| S|CS|TAMS 0x0000000740400000, 0x0000000740400000| Complete 
| 515|0x0000000740600000, 0x0000000740800000, 0x0000000740800000|100%| S|CS|TAMS 0x0000000740600000, 0x0000000740600000| Complete 
| 516|0x0000000740800000, 0x0000000740a00000, 0x0000000740a00000|100%| S|CS|TAMS 0x0000000740800000, 0x0000000740800000| Complete 
| 517|0x0000000740a00000, 0x0000000740c00000, 0x0000000740c00000|100%| S|CS|TAMS 0x0000000740a00000, 0x0000000740a00000| Complete 
| 518|0x0000000740c00000, 0x0000000740e00000, 0x0000000740e00000|100%| S|CS|TAMS 0x0000000740c00000, 0x0000000740c00000| Complete 
| 519|0x0000000740e00000, 0x0000000740e00000, 0x0000000741000000|  0%| F|  |TAMS 0x0000000740e00000, 0x0000000740e00000| Untracked 
| 520|0x0000000741000000, 0x0000000741000000, 0x0000000741200000|  0%| F|  |TAMS 0x0000000741000000, 0x0000000741000000| Untracked 
| 521|0x0000000741200000, 0x0000000741200000, 0x0000000741400000|  0%| F|  |TAMS 0x0000000741200000, 0x0000000741200000| Untracked 
| 522|0x0000000741400000, 0x0000000741400000, 0x0000000741600000|  0%| F|  |TAMS 0x0000000741400000, 0x0000000741400000| Untracked 
| 523|0x0000000741600000, 0x0000000741600000, 0x0000000741800000|  0%| F|  |TAMS 0x0000000741600000, 0x0000000741600000| Untracked 
| 524|0x0000000741800000, 0x0000000741800000, 0x0000000741a00000|  0%| F|  |TAMS 0x0000000741800000, 0x0000000741800000| Untracked 
| 525|0x0000000741a00000, 0x0000000741a00000, 0x0000000741c00000|  0%| F|  |TAMS 0x0000000741a00000, 0x0000000741a00000| Untracked 
| 526|0x0000000741c00000, 0x0000000741c00000, 0x0000000741e00000|  0%| F|  |TAMS 0x0000000741c00000, 0x0000000741c00000| Untracked 
| 527|0x0000000741e00000, 0x0000000741e00000, 0x0000000742000000|  0%| F|  |TAMS 0x0000000741e00000, 0x0000000741e00000| Untracked 
| 528|0x0000000742000000, 0x0000000742000000, 0x0000000742200000|  0%| F|  |TAMS 0x0000000742000000, 0x0000000742000000| Untracked 
| 529|0x0000000742200000, 0x0000000742200000, 0x0000000742400000|  0%| F|  |TAMS 0x0000000742200000, 0x0000000742200000| Untracked 
| 530|0x0000000742400000, 0x0000000742400000, 0x0000000742600000|  0%| F|  |TAMS 0x0000000742400000, 0x0000000742400000| Untracked 
| 531|0x0000000742600000, 0x0000000742600000, 0x0000000742800000|  0%| F|  |TAMS 0x0000000742600000, 0x0000000742600000| Untracked 
| 532|0x0000000742800000, 0x0000000742800000, 0x0000000742a00000|  0%| F|  |TAMS 0x0000000742800000, 0x0000000742800000| Untracked 
| 533|0x0000000742a00000, 0x0000000742a00000, 0x0000000742c00000|  0%| F|  |TAMS 0x0000000742a00000, 0x0000000742a00000| Untracked 
| 534|0x0000000742c00000, 0x0000000742c00000, 0x0000000742e00000|  0%| F|  |TAMS 0x0000000742c00000, 0x0000000742c00000| Untracked 
| 535|0x0000000742e00000, 0x0000000742e00000, 0x0000000743000000|  0%| F|  |TAMS 0x0000000742e00000, 0x0000000742e00000| Untracked 
| 536|0x0000000743000000, 0x0000000743000000, 0x0000000743200000|  0%| F|  |TAMS 0x0000000743000000, 0x0000000743000000| Untracked 
| 537|0x0000000743200000, 0x0000000743200000, 0x0000000743400000|  0%| F|  |TAMS 0x0000000743200000, 0x0000000743200000| Untracked 
| 538|0x0000000743400000, 0x0000000743400000, 0x0000000743600000|  0%| F|  |TAMS 0x0000000743400000, 0x0000000743400000| Untracked 
| 539|0x0000000743600000, 0x0000000743600000, 0x0000000743800000|  0%| F|  |TAMS 0x0000000743600000, 0x0000000743600000| Untracked 
| 540|0x0000000743800000, 0x0000000743800000, 0x0000000743a00000|  0%| F|  |TAMS 0x0000000743800000, 0x0000000743800000| Untracked 
| 541|0x0000000743a00000, 0x0000000743a00000, 0x0000000743c00000|  0%| F|  |TAMS 0x0000000743a00000, 0x0000000743a00000| Untracked 
| 542|0x0000000743c00000, 0x0000000743c00000, 0x0000000743e00000|  0%| F|  |TAMS 0x0000000743c00000, 0x0000000743c00000| Untracked 
| 543|0x0000000743e00000, 0x0000000743e00000, 0x0000000744000000|  0%| F|  |TAMS 0x0000000743e00000, 0x0000000743e00000| Untracked 
| 544|0x0000000744000000, 0x0000000744000000, 0x0000000744200000|  0%| F|  |TAMS 0x0000000744000000, 0x0000000744000000| Untracked 
| 545|0x0000000744200000, 0x0000000744200000, 0x0000000744400000|  0%| F|  |TAMS 0x0000000744200000, 0x0000000744200000| Untracked 
| 546|0x0000000744400000, 0x0000000744400000, 0x0000000744600000|  0%| F|  |TAMS 0x0000000744400000, 0x0000000744400000| Untracked 
| 547|0x0000000744600000, 0x0000000744600000, 0x0000000744800000|  0%| F|  |TAMS 0x0000000744600000, 0x0000000744600000| Untracked 
| 548|0x0000000744800000, 0x0000000744800000, 0x0000000744a00000|  0%| F|  |TAMS 0x0000000744800000, 0x0000000744800000| Untracked 
| 549|0x0000000744a00000, 0x0000000744a00000, 0x0000000744c00000|  0%| F|  |TAMS 0x0000000744a00000, 0x0000000744a00000| Untracked 
| 550|0x0000000744c00000, 0x0000000744c00000, 0x0000000744e00000|  0%| F|  |TAMS 0x0000000744c00000, 0x0000000744c00000| Untracked 
| 551|0x0000000744e00000, 0x0000000744e00000, 0x0000000745000000|  0%| F|  |TAMS 0x0000000744e00000, 0x0000000744e00000| Untracked 
| 552|0x0000000745000000, 0x0000000745000000, 0x0000000745200000|  0%| F|  |TAMS 0x0000000745000000, 0x0000000745000000| Untracked 
| 553|0x0000000745200000, 0x0000000745200000, 0x0000000745400000|  0%| F|  |TAMS 0x0000000745200000, 0x0000000745200000| Untracked 
| 554|0x0000000745400000, 0x0000000745400000, 0x0000000745600000|  0%| F|  |TAMS 0x0000000745400000, 0x0000000745400000| Untracked 
| 555|0x0000000745600000, 0x0000000745600000, 0x0000000745800000|  0%| F|  |TAMS 0x0000000745600000, 0x0000000745600000| Untracked 
| 556|0x0000000745800000, 0x0000000745800000, 0x0000000745a00000|  0%| F|  |TAMS 0x0000000745800000, 0x0000000745800000| Untracked 
| 557|0x0000000745a00000, 0x0000000745a00000, 0x0000000745c00000|  0%| F|  |TAMS 0x0000000745a00000, 0x0000000745a00000| Untracked 
| 558|0x0000000745c00000, 0x0000000745c00000, 0x0000000745e00000|  0%| F|  |TAMS 0x0000000745c00000, 0x0000000745c00000| Untracked 
| 559|0x0000000745e00000, 0x0000000745e00000, 0x0000000746000000|  0%| F|  |TAMS 0x0000000745e00000, 0x0000000745e00000| Untracked 
| 560|0x0000000746000000, 0x0000000746000000, 0x0000000746200000|  0%| F|  |TAMS 0x0000000746000000, 0x0000000746000000| Untracked 
| 561|0x0000000746200000, 0x0000000746200000, 0x0000000746400000|  0%| F|  |TAMS 0x0000000746200000, 0x0000000746200000| Untracked 
| 562|0x0000000746400000, 0x0000000746400000, 0x0000000746600000|  0%| F|  |TAMS 0x0000000746400000, 0x0000000746400000| Untracked 
| 563|0x0000000746600000, 0x0000000746600000, 0x0000000746800000|  0%| F|  |TAMS 0x0000000746600000, 0x0000000746600000| Untracked 
| 564|0x0000000746800000, 0x0000000746800000, 0x0000000746a00000|  0%| F|  |TAMS 0x0000000746800000, 0x0000000746800000| Untracked 
| 565|0x0000000746a00000, 0x0000000746a00000, 0x0000000746c00000|  0%| F|  |TAMS 0x0000000746a00000, 0x0000000746a00000| Untracked 
| 566|0x0000000746c00000, 0x0000000746c00000, 0x0000000746e00000|  0%| F|  |TAMS 0x0000000746c00000, 0x0000000746c00000| Untracked 
| 567|0x0000000746e00000, 0x0000000746e00000, 0x0000000747000000|  0%| F|  |TAMS 0x0000000746e00000, 0x0000000746e00000| Untracked 
| 568|0x0000000747000000, 0x0000000747000000, 0x0000000747200000|  0%| F|  |TAMS 0x0000000747000000, 0x0000000747000000| Untracked 
| 569|0x0000000747200000, 0x0000000747200000, 0x0000000747400000|  0%| F|  |TAMS 0x0000000747200000, 0x0000000747200000| Untracked 
| 570|0x0000000747400000, 0x0000000747400000, 0x0000000747600000|  0%| F|  |TAMS 0x0000000747400000, 0x0000000747400000| Untracked 
| 571|0x0000000747600000, 0x0000000747600000, 0x0000000747800000|  0%| F|  |TAMS 0x0000000747600000, 0x0000000747600000| Untracked 
| 572|0x0000000747800000, 0x0000000747800000, 0x0000000747a00000|  0%| F|  |TAMS 0x0000000747800000, 0x0000000747800000| Untracked 
| 573|0x0000000747a00000, 0x0000000747a00000, 0x0000000747c00000|  0%| F|  |TAMS 0x0000000747a00000, 0x0000000747a00000| Untracked 
| 574|0x0000000747c00000, 0x0000000747c00000, 0x0000000747e00000|  0%| F|  |TAMS 0x0000000747c00000, 0x0000000747c00000| Untracked 
| 575|0x0000000747e00000, 0x0000000747e00000, 0x0000000748000000|  0%| F|  |TAMS 0x0000000747e00000, 0x0000000747e00000| Untracked 
| 576|0x0000000748000000, 0x0000000748000000, 0x0000000748200000|  0%| F|  |TAMS 0x0000000748000000, 0x0000000748000000| Untracked 
| 577|0x0000000748200000, 0x0000000748200000, 0x0000000748400000|  0%| F|  |TAMS 0x0000000748200000, 0x0000000748200000| Untracked 
| 578|0x0000000748400000, 0x0000000748400000, 0x0000000748600000|  0%| F|  |TAMS 0x0000000748400000, 0x0000000748400000| Untracked 
| 579|0x0000000748600000, 0x0000000748600000, 0x0000000748800000|  0%| F|  |TAMS 0x0000000748600000, 0x0000000748600000| Untracked 
| 580|0x0000000748800000, 0x0000000748800000, 0x0000000748a00000|  0%| F|  |TAMS 0x0000000748800000, 0x0000000748800000| Untracked 
| 581|0x0000000748a00000, 0x0000000748a00000, 0x0000000748c00000|  0%| F|  |TAMS 0x0000000748a00000, 0x0000000748a00000| Untracked 
| 582|0x0000000748c00000, 0x0000000748c00000, 0x0000000748e00000|  0%| F|  |TAMS 0x0000000748c00000, 0x0000000748c00000| Untracked 
| 583|0x0000000748e00000, 0x0000000748e00000, 0x0000000749000000|  0%| F|  |TAMS 0x0000000748e00000, 0x0000000748e00000| Untracked 
| 584|0x0000000749000000, 0x0000000749000000, 0x0000000749200000|  0%| F|  |TAMS 0x0000000749000000, 0x0000000749000000| Untracked 
| 585|0x0000000749200000, 0x0000000749200000, 0x0000000749400000|  0%| F|  |TAMS 0x0000000749200000, 0x0000000749200000| Untracked 
| 586|0x0000000749400000, 0x0000000749400000, 0x0000000749600000|  0%| F|  |TAMS 0x0000000749400000, 0x0000000749400000| Untracked 
| 587|0x0000000749600000, 0x0000000749600000, 0x0000000749800000|  0%| F|  |TAMS 0x0000000749600000, 0x0000000749600000| Untracked 
| 588|0x0000000749800000, 0x0000000749800000, 0x0000000749a00000|  0%| F|  |TAMS 0x0000000749800000, 0x0000000749800000| Untracked 
| 589|0x0000000749a00000, 0x0000000749a00000, 0x0000000749c00000|  0%| F|  |TAMS 0x0000000749a00000, 0x0000000749a00000| Untracked 
| 590|0x0000000749c00000, 0x0000000749c00000, 0x0000000749e00000|  0%| F|  |TAMS 0x0000000749c00000, 0x0000000749c00000| Untracked 
| 591|0x0000000749e00000, 0x0000000749e00000, 0x000000074a000000|  0%| F|  |TAMS 0x0000000749e00000, 0x0000000749e00000| Untracked 
| 592|0x000000074a000000, 0x000000074a000000, 0x000000074a200000|  0%| F|  |TAMS 0x000000074a000000, 0x000000074a000000| Untracked 
| 593|0x000000074a200000, 0x000000074a200000, 0x000000074a400000|  0%| F|  |TAMS 0x000000074a200000, 0x000000074a200000| Untracked 
| 594|0x000000074a400000, 0x000000074a400000, 0x000000074a600000|  0%| F|  |TAMS 0x000000074a400000, 0x000000074a400000| Untracked 
| 595|0x000000074a600000, 0x000000074a600000, 0x000000074a800000|  0%| F|  |TAMS 0x000000074a600000, 0x000000074a600000| Untracked 
| 596|0x000000074a800000, 0x000000074a800000, 0x000000074aa00000|  0%| F|  |TAMS 0x000000074a800000, 0x000000074a800000| Untracked 
| 597|0x000000074aa00000, 0x000000074aa00000, 0x000000074ac00000|  0%| F|  |TAMS 0x000000074aa00000, 0x000000074aa00000| Untracked 
| 598|0x000000074ac00000, 0x000000074ac00000, 0x000000074ae00000|  0%| F|  |TAMS 0x000000074ac00000, 0x000000074ac00000| Untracked 
| 599|0x000000074ae00000, 0x000000074ae00000, 0x000000074b000000|  0%| F|  |TAMS 0x000000074ae00000, 0x000000074ae00000| Untracked 
| 600|0x000000074b000000, 0x000000074b000000, 0x000000074b200000|  0%| F|  |TAMS 0x000000074b000000, 0x000000074b000000| Untracked 
| 601|0x000000074b200000, 0x000000074b200000, 0x000000074b400000|  0%| F|  |TAMS 0x000000074b200000, 0x000000074b200000| Untracked 
| 602|0x000000074b400000, 0x000000074b400000, 0x000000074b600000|  0%| F|  |TAMS 0x000000074b400000, 0x000000074b400000| Untracked 
| 603|0x000000074b600000, 0x000000074b600000, 0x000000074b800000|  0%| F|  |TAMS 0x000000074b600000, 0x000000074b600000| Untracked 
| 604|0x000000074b800000, 0x000000074b800000, 0x000000074ba00000|  0%| F|  |TAMS 0x000000074b800000, 0x000000074b800000| Untracked 
| 605|0x000000074ba00000, 0x000000074ba00000, 0x000000074bc00000|  0%| F|  |TAMS 0x000000074ba00000, 0x000000074ba00000| Untracked 
| 606|0x000000074bc00000, 0x000000074bc00000, 0x000000074be00000|  0%| F|  |TAMS 0x000000074bc00000, 0x000000074bc00000| Untracked 
| 607|0x000000074be00000, 0x000000074be00000, 0x000000074c000000|  0%| F|  |TAMS 0x000000074be00000, 0x000000074be00000| Untracked 
| 608|0x000000074c000000, 0x000000074c000000, 0x000000074c200000|  0%| F|  |TAMS 0x000000074c000000, 0x000000074c000000| Untracked 
| 609|0x000000074c200000, 0x000000074c200000, 0x000000074c400000|  0%| F|  |TAMS 0x000000074c200000, 0x000000074c200000| Untracked 
| 610|0x000000074c400000, 0x000000074c400000, 0x000000074c600000|  0%| F|  |TAMS 0x000000074c400000, 0x000000074c400000| Untracked 
| 611|0x000000074c600000, 0x000000074c600000, 0x000000074c800000|  0%| F|  |TAMS 0x000000074c600000, 0x000000074c600000| Untracked 
| 612|0x000000074c800000, 0x000000074c800000, 0x000000074ca00000|  0%| F|  |TAMS 0x000000074c800000, 0x000000074c800000| Untracked 
| 613|0x000000074ca00000, 0x000000074ca00000, 0x000000074cc00000|  0%| F|  |TAMS 0x000000074ca00000, 0x000000074ca00000| Untracked 
| 614|0x000000074cc00000, 0x000000074cc00000, 0x000000074ce00000|  0%| F|  |TAMS 0x000000074cc00000, 0x000000074cc00000| Untracked 
| 615|0x000000074ce00000, 0x000000074ce00000, 0x000000074d000000|  0%| F|  |TAMS 0x000000074ce00000, 0x000000074ce00000| Untracked 
| 616|0x000000074d000000, 0x000000074d000000, 0x000000074d200000|  0%| F|  |TAMS 0x000000074d000000, 0x000000074d000000| Untracked 
| 617|0x000000074d200000, 0x000000074d200000, 0x000000074d400000|  0%| F|  |TAMS 0x000000074d200000, 0x000000074d200000| Untracked 
| 618|0x000000074d400000, 0x000000074d400000, 0x000000074d600000|  0%| F|  |TAMS 0x000000074d400000, 0x000000074d400000| Untracked 
| 619|0x000000074d600000, 0x000000074d600000, 0x000000074d800000|  0%| F|  |TAMS 0x000000074d600000, 0x000000074d600000| Untracked 
| 620|0x000000074d800000, 0x000000074d800000, 0x000000074da00000|  0%| F|  |TAMS 0x000000074d800000, 0x000000074d800000| Untracked 
| 621|0x000000074da00000, 0x000000074da00000, 0x000000074dc00000|  0%| F|  |TAMS 0x000000074da00000, 0x000000074da00000| Untracked 
| 622|0x000000074dc00000, 0x000000074dc00000, 0x000000074de00000|  0%| F|  |TAMS 0x000000074dc00000, 0x000000074dc00000| Untracked 
| 623|0x000000074de00000, 0x000000074de00000, 0x000000074e000000|  0%| F|  |TAMS 0x000000074de00000, 0x000000074de00000| Untracked 
| 624|0x000000074e000000, 0x000000074e000000, 0x000000074e200000|  0%| F|  |TAMS 0x000000074e000000, 0x000000074e000000| Untracked 
| 625|0x000000074e200000, 0x000000074e200000, 0x000000074e400000|  0%| F|  |TAMS 0x000000074e200000, 0x000000074e200000| Untracked 
| 626|0x000000074e400000, 0x000000074e400000, 0x000000074e600000|  0%| F|  |TAMS 0x000000074e400000, 0x000000074e400000| Untracked 
| 627|0x000000074e600000, 0x000000074e600000, 0x000000074e800000|  0%| F|  |TAMS 0x000000074e600000, 0x000000074e600000| Untracked 
| 628|0x000000074e800000, 0x000000074e800000, 0x000000074ea00000|  0%| F|  |TAMS 0x000000074e800000, 0x000000074e800000| Untracked 
| 629|0x000000074ea00000, 0x000000074ea00000, 0x000000074ec00000|  0%| F|  |TAMS 0x000000074ea00000, 0x000000074ea00000| Untracked 
| 630|0x000000074ec00000, 0x000000074ec00000, 0x000000074ee00000|  0%| F|  |TAMS 0x000000074ec00000, 0x000000074ec00000| Untracked 
| 631|0x000000074ee00000, 0x000000074ee00000, 0x000000074f000000|  0%| F|  |TAMS 0x000000074ee00000, 0x000000074ee00000| Untracked 
| 632|0x000000074f000000, 0x000000074f000000, 0x000000074f200000|  0%| F|  |TAMS 0x000000074f000000, 0x000000074f000000| Untracked 
| 633|0x000000074f200000, 0x000000074f200000, 0x000000074f400000|  0%| F|  |TAMS 0x000000074f200000, 0x000000074f200000| Untracked 
| 634|0x000000074f400000, 0x000000074f400000, 0x000000074f600000|  0%| F|  |TAMS 0x000000074f400000, 0x000000074f400000| Untracked 
| 635|0x000000074f600000, 0x000000074f600000, 0x000000074f800000|  0%| F|  |TAMS 0x000000074f600000, 0x000000074f600000| Untracked 
| 636|0x000000074f800000, 0x000000074f800000, 0x000000074fa00000|  0%| F|  |TAMS 0x000000074f800000, 0x000000074f800000| Untracked 
| 637|0x000000074fa00000, 0x000000074fa00000, 0x000000074fc00000|  0%| F|  |TAMS 0x000000074fa00000, 0x000000074fa00000| Untracked 
| 638|0x000000074fc00000, 0x000000074fc00000, 0x000000074fe00000|  0%| F|  |TAMS 0x000000074fc00000, 0x000000074fc00000| Untracked 
| 639|0x000000074fe00000, 0x000000074fe00000, 0x0000000750000000|  0%| F|  |TAMS 0x000000074fe00000, 0x000000074fe00000| Untracked 

Card table byte_map: [0x000001d99a620000,0x000001d99ae20000] _byte_map_base: 0x000001d996e20000

Marking Bits (Prev, Next): (CMBitMap*) 0x000001d983295df0, (CMBitMap*) 0x000001d983295db0
 Prev Bits: [0x000001d99f620000, 0x000001d9a3620000)
 Next Bits: [0x000001d99b620000, 0x000001d99f620000)

Polling page: 0x000001d981050000

Metaspace:

Usage:
  Non-class:    303.60 MB used.
      Class:     40.42 MB used.
       Both:    344.02 MB used.

Virtual space:
  Non-class space:      320.00 MB reserved,     304.44 MB ( 95%) committed,  5 nodes.
      Class space:        1.00 GB reserved,      41.19 MB (  4%) committed,  1 nodes.
             Both:        1.31 GB reserved,     345.62 MB ( 26%) committed. 

Chunk freelists:
   Non-Class:  14.76 MB
       Class:  6.62 MB
        Both:  21.39 MB

MaxMetaspaceSize: unlimited
CompressedClassSpaceSize: 1.00 GB
Initial GC threshold: 21.00 MB
Current GC threshold: 567.00 MB
CDS: on
MetaspaceReclaimPolicy: balanced
 - commit_granule_bytes: 65536.
 - commit_granule_words: 8192.
 - virtual_space_node_default_size: 8388608.
 - enlarge_chunks_in_place: 1.
 - new_chunks_are_fully_committed: 0.
 - uncommit_free_chunks: 1.
 - use_allocation_guard: 0.
 - handle_deallocations: 1.


Internal statistics:

num_allocs_failed_limit: 15.
num_arena_births: 2964.
num_arena_deaths: 18.
num_vsnodes_births: 6.
num_vsnodes_deaths: 0.
num_space_committed: 5601.
num_space_uncommitted: 80.
num_chunks_returned_to_freelist: 378.
num_chunks_taken_from_freelist: 17126.
num_chunk_merges: 100.
num_chunk_splits: 12726.
num_chunks_enlarged: 9879.
num_inconsistent_stats: 0.

CodeHeap 'non-profiled nmethods': size=120000Kb used=42624Kb max_used=42624Kb free=77375Kb
 bounds [0x000001d9925c0000, 0x000001d994f70000, 0x000001d999af0000]
CodeHeap 'profiled nmethods': size=120000Kb used=119999Kb max_used=119999Kb free=0Kb
 bounds [0x000001d98aaf0000, 0x000001d992020000, 0x000001d992020000]
CodeHeap 'non-nmethods': size=5760Kb used=2206Kb max_used=2272Kb free=3553Kb
 bounds [0x000001d992020000, 0x000001d992290000, 0x000001d9925c0000]
 total_blobs=49148 nmethods=47767 adapters=1287
 compilation: enabled
              stopped_count=0, restarted_count=0
 full_count=0

Compilation events (20 events):
Event: 186.661 Thread 0x000001d9a5c42180 65217       2       com.android.tools.r8.internal.dk0::<init> (7 bytes)
Event: 186.661 Thread 0x000001d9a5c42180 nmethod 65217 0x000001d994f5ce90 code [0x000001d994f5d020, 0x000001d994f5d148]
Event: 186.673 Thread 0x000001d9a5c42180 65218       2       com.android.utils.XmlUtils::appendXmlAttributeValue (153 bytes)
Event: 186.674 Thread 0x000001d9a5c42180 nmethod 65218 0x000001d994f5d210 code [0x000001d994f5d440, 0x000001d994f5d9a8]
Event: 186.674 Thread 0x000001d9a5c42180 65220       2       com.android.utils.SdkUtils::endsWith (62 bytes)
Event: 186.674 Thread 0x000001d9a5c42180 nmethod 65220 0x000001d994f5de10 code [0x000001d994f5dfe0, 0x000001d994f5e298]
Event: 186.675 Thread 0x000001d9a5c42180 65221       2       com.android.ide.common.xml.XmlPrettyPrinter::isMarkupElement (52 bytes)
Event: 186.675 Thread 0x000001d9a5c42180 nmethod 65221 0x000001d994f5e410 code [0x000001d994f5e5e0, 0x000001d994f5e8c8]
Event: 186.680 Thread 0x000001d9a5c42180 65222       2       com.android.tools.r8.graph.n6$b::q0 (2 bytes)
Event: 186.680 Thread 0x000001d9a5c42180 nmethod 65222 0x000001d994f5ea90 code [0x000001d994f5ec20, 0x000001d994f5ed38]
Event: 186.707 Thread 0x000001d9a5c42180 65224       1       com.android.ide.common.resources.DataSet::getConfigName (5 bytes)
Event: 186.707 Thread 0x000001d9a5c42180 nmethod 65224 0x000001d994f5ee10 code [0x000001d994f5efa0, 0x000001d994f5f078]
Event: 186.709 Thread 0x000001d9a5c42180 65226       2       com.android.tools.r8.internal.zv0::a (59 bytes)
Event: 186.710 Thread 0x000001d9a5c42180 nmethod 65226 0x000001d994f5f110 code [0x000001d994f5f2c0, 0x000001d994f5f4e8]
Event: 186.710 Thread 0x000001d9a5c42180 65227       2       com.android.tools.r8.internal.fy2::getKey (13 bytes)
Event: 186.710 Thread 0x000001d9a5c42180 nmethod 65227 0x000001d994f5f610 code [0x000001d994f5f7a0, 0x000001d994f5f8d8]
Event: 186.710 Thread 0x000001d9a5c42180 65228       2       com.android.tools.r8.graph.n7$$Lambda$7044/0x000001d9aa95bed8::accept (20 bytes)
Event: 186.710 Thread 0x000001d9a5c42180 nmethod 65228 0x000001d994f5fa10 code [0x000001d994f5fbc0, 0x000001d994f5fdd8]
Event: 186.710 Thread 0x000001d9a5c42180 65229       2       com.android.tools.r8.graph.n7::a (21 bytes)
Event: 186.711 Thread 0x000001d9a5c42180 nmethod 65229 0x000001d994f5ff10 code [0x000001d994f600c0, 0x000001d994f60238]

GC Heap History (20 events):
Event: 150.791 GC heap after
{Heap after GC invocations=110 (full 0):
 garbage-first heap   total 1021952K, used 603142K [0x0000000700000000, 0x0000000800000000)
  region size 2048K, 16 young (32768K), 16 survivors (32768K)
 Metaspace       used 333834K, committed 335360K, reserved 1376256K
  class space    used 38820K, committed 39552K, reserved 1048576K
}
Event: 152.261 GC heap before
{Heap before GC invocations=110 (full 0):
 garbage-first heap   total 1021952K, used 865286K [0x0000000700000000, 0x0000000800000000)
  region size 2048K, 144 young (294912K), 16 survivors (32768K)
 Metaspace       used 333940K, committed 335488K, reserved 1376256K
  class space    used 38824K, committed 39552K, reserved 1048576K
}
Event: 152.291 GC heap after
{Heap after GC invocations=111 (full 0):
 garbage-first heap   total 1021952K, used 616374K [0x0000000700000000, 0x0000000800000000)
  region size 2048K, 9 young (18432K), 9 survivors (18432K)
 Metaspace       used 333940K, committed 335488K, reserved 1376256K
  class space    used 38824K, committed 39552K, reserved 1048576K
}
Event: 153.912 GC heap before
{Heap before GC invocations=111 (full 0):
 garbage-first heap   total 1021952K, used 866230K [0x0000000700000000, 0x0000000800000000)
  region size 2048K, 131 young (268288K), 9 survivors (18432K)
 Metaspace       used 334164K, committed 335680K, reserved 1376256K
  class space    used 38846K, committed 39552K, reserved 1048576K
}
Event: 153.933 GC heap after
{Heap after GC invocations=112 (full 0):
 garbage-first heap   total 1021952K, used 625517K [0x0000000700000000, 0x0000000800000000)
  region size 2048K, 14 young (28672K), 14 survivors (28672K)
 Metaspace       used 334164K, committed 335680K, reserved 1376256K
  class space    used 38846K, committed 39552K, reserved 1048576K
}
Event: 169.589 GC heap before
{Heap before GC invocations=112 (full 0):
 garbage-first heap   total 1021952K, used 867181K [0x0000000700000000, 0x0000000800000000)
  region size 2048K, 132 young (270336K), 14 survivors (28672K)
 Metaspace       used 336697K, committed 338240K, reserved 1376256K
  class space    used 39214K, committed 39936K, reserved 1048576K
}
Event: 169.631 GC heap after
{Heap after GC invocations=113 (full 0):
 garbage-first heap   total 1021952K, used 641268K [0x0000000700000000, 0x0000000800000000)
  region size 2048K, 15 young (30720K), 15 survivors (30720K)
 Metaspace       used 336697K, committed 338240K, reserved 1376256K
  class space    used 39214K, committed 39936K, reserved 1048576K
}
Event: 175.413 GC heap before
{Heap before GC invocations=113 (full 0):
 garbage-first heap   total 1021952K, used 868596K [0x0000000700000000, 0x0000000800000000)
  region size 2048K, 125 young (256000K), 15 survivors (30720K)
 Metaspace       used 343080K, committed 344768K, reserved 1376256K
  class space    used 40104K, committed 40960K, reserved 1048576K
}
Event: 175.460 GC heap after
{Heap after GC invocations=114 (full 0):
 garbage-first heap   total 1021952K, used 657955K [0x0000000700000000, 0x0000000800000000)
  region size 2048K, 16 young (32768K), 16 survivors (32768K)
 Metaspace       used 343080K, committed 344768K, reserved 1376256K
  class space    used 40104K, committed 40960K, reserved 1048576K
}
Event: 176.388 GC heap before
{Heap before GC invocations=114 (full 0):
 garbage-first heap   total 1021952K, used 780835K [0x0000000700000000, 0x0000000800000000)
  region size 2048K, 45 young (92160K), 16 survivors (32768K)
 Metaspace       used 347217K, committed 348928K, reserved 1376256K
  class space    used 40555K, committed 41408K, reserved 1048576K
}
Event: 176.446 GC heap after
{Heap after GC invocations=115 (full 0):
 garbage-first heap   total 1021952K, used 741136K [0x0000000700000000, 0x0000000800000000)
  region size 2048K, 15 young (30720K), 15 survivors (30720K)
 Metaspace       used 347217K, committed 348928K, reserved 1376256K
  class space    used 40555K, committed 41408K, reserved 1048576K
}
Event: 179.820 GC heap before
{Heap before GC invocations=115 (full 0):
 garbage-first heap   total 1021952K, used 902928K [0x0000000700000000, 0x0000000800000000)
  region size 2048K, 81 young (165888K), 15 survivors (30720K)
 Metaspace       used 351738K, committed 353472K, reserved 1376256K
  class space    used 41143K, committed 41984K, reserved 1048576K
}
Event: 179.885 GC heap after
{Heap after GC invocations=116 (full 0):
 garbage-first heap   total 1021952K, used 776055K [0x0000000700000000, 0x0000000800000000)
  region size 2048K, 11 young (22528K), 11 survivors (22528K)
 Metaspace       used 351738K, committed 353472K, reserved 1376256K
  class space    used 41143K, committed 41984K, reserved 1048576K
}
Event: 181.447 GC heap before
{Heap before GC invocations=116 (full 0):
 garbage-first heap   total 1310720K, used 952183K [0x0000000700000000, 0x0000000800000000)
  region size 2048K, 48 young (98304K), 11 survivors (22528K)
 Metaspace       used 343774K, committed 348480K, reserved 1376256K
  class space    used 40203K, committed 41664K, reserved 1048576K
}
Event: 181.484 GC heap after
{Heap after GC invocations=117 (full 0):
 garbage-first heap   total 1310720K, used 825770K [0x0000000700000000, 0x0000000800000000)
  region size 2048K, 6 young (12288K), 6 survivors (12288K)
 Metaspace       used 343774K, committed 348480K, reserved 1376256K
  class space    used 40203K, committed 41664K, reserved 1048576K
}
Event: 184.289 GC heap before
{Heap before GC invocations=118 (full 0):
 garbage-first heap   total 1310720K, used 1116586K [0x0000000700000000, 0x0000000800000000)
  region size 2048K, 141 young (288768K), 6 survivors (12288K)
 Metaspace       used 347617K, committed 349568K, reserved 1376256K
  class space    used 40616K, committed 41664K, reserved 1048576K
}
Event: 184.423 GC heap after
{Heap after GC invocations=119 (full 0):
 garbage-first heap   total 1310720K, used 894797K [0x0000000700000000, 0x0000000800000000)
  region size 2048K, 18 young (36864K), 18 survivors (36864K)
 Metaspace       used 347617K, committed 349568K, reserved 1376256K
  class space    used 40616K, committed 41664K, reserved 1048576K
}
Event: 184.741 GC heap before
{Heap before GC invocations=119 (full 0):
 garbage-first heap   total 1310720K, used 925517K [0x0000000700000000, 0x0000000800000000)
  region size 2048K, 32 young (65536K), 18 survivors (36864K)
 Metaspace       used 347976K, committed 349824K, reserved 1376256K
  class space    used 40639K, committed 41664K, reserved 1048576K
}
Event: 184.915 GC heap after
{Heap after GC invocations=120 (full 0):
 garbage-first heap   total 1310720K, used 837075K [0x0000000700000000, 0x0000000800000000)
  region size 2048K, 4 young (8192K), 4 survivors (8192K)
 Metaspace       used 347976K, committed 349824K, reserved 1376256K
  class space    used 40639K, committed 41664K, reserved 1048576K
}
Event: 186.725 GC heap before
{Heap before GC invocations=120 (full 0):
 garbage-first heap   total 1310720K, used 1074643K [0x0000000700000000, 0x0000000800000000)
  region size 2048K, 121 young (247808K), 4 survivors (8192K)
 Metaspace       used 352280K, committed 353920K, reserved 1376256K
  class space    used 41394K, committed 42176K, reserved 1048576K
}

Deoptimization events (20 events):
Event: 186.039 Thread 0x000001d9f2720340 DEOPT PACKING pc=0x000001d994e6b799 sp=0x000000854aefed90
Event: 186.039 Thread 0x000001d9f2720340 DEOPT UNPACKING pc=0x000001d992072b43 sp=0x000000854aefe348 mode 0
Event: 186.045 Thread 0x000001da025112f0 DEOPT PACKING pc=0x000001d994e6b799 sp=0x000000854a7feb50
Event: 186.045 Thread 0x000001da025112f0 DEOPT UNPACKING pc=0x000001d992072b43 sp=0x000000854a7fe108 mode 0
Event: 186.060 Thread 0x000001da020f2560 DEOPT PACKING pc=0x000001d994e6b799 sp=0x000000854a9feb20
Event: 186.060 Thread 0x000001da020f2560 DEOPT UNPACKING pc=0x000001d992072b43 sp=0x000000854a9fe0d8 mode 0
Event: 186.097 Thread 0x000001da047e0f90 DEOPT PACKING pc=0x000001d994e60b3d sp=0x000000854acfeb80
Event: 186.097 Thread 0x000001da047e0f90 DEOPT UNPACKING pc=0x000001d992072b43 sp=0x000000854acfe150 mode 0
Event: 186.150 Thread 0x000001da047e0f90 DEOPT PACKING pc=0x000001d994e9f3a1 sp=0x000000854acfebe0
Event: 186.150 Thread 0x000001da047e0f90 DEOPT UNPACKING pc=0x000001d992072b43 sp=0x000000854acfe128 mode 0
Event: 186.209 Thread 0x000001da0a3b5a50 DEOPT PACKING pc=0x000001d994ecfb14 sp=0x000000854adfeb40
Event: 186.209 Thread 0x000001da0a3b5a50 DEOPT UNPACKING pc=0x000001d992072b43 sp=0x000000854adfe0e0 mode 0
Event: 186.425 Thread 0x000001da025112f0 DEOPT PACKING pc=0x000001d994eeabe8 sp=0x000000854a7fe300
Event: 186.425 Thread 0x000001da025112f0 DEOPT UNPACKING pc=0x000001d992072b43 sp=0x000000854a7fd7c0 mode 0
Event: 186.636 Thread 0x000001da0513e060 DEOPT PACKING pc=0x000001d98e8d5a86 sp=0x00000085484fd2e0
Event: 186.636 Thread 0x000001da0513e060 DEOPT UNPACKING pc=0x000001d992072b43 sp=0x00000085484fc810 mode 0
Event: 186.701 Thread 0x000001da01f00950 Uncommon trap: trap_request=0xffffffc6 fr.pc=0x000001d992b763b8 relative=0x0000000000000118
Event: 186.701 Thread 0x000001da01f00950 Uncommon trap: reason=bimorphic_or_optimized_type_check action=maybe_recompile pc=0x000001d992b763b8 method=com.google.common.collect.RegularImmutableMap.checkNoConflictInKeyBucket(Ljava/lang/Object;Ljava/lang/Object;Lcom/google/common/collect/ImmutableMa
Event: 186.702 Thread 0x000001da01f00950 DEOPT PACKING pc=0x000001d992b763b8 sp=0x0000008547bfbb60
Event: 186.702 Thread 0x000001da01f00950 DEOPT UNPACKING pc=0x000001d9920723a3 sp=0x0000008547bfbb18 mode 2

Classes unloaded (20 events):
Event: 179.978 Thread 0x000001d9a5c0ea30 Unloading class 0x000001d9a9bcaaa0 'androidx/room/compiler/processing/ksp/KspProcessingEnv$jvmVersion$2'
Event: 179.978 Thread 0x000001d9a5c0ea30 Unloading class 0x000001d9a9bca670 'androidx/room/compiler/processing/XProcessingEnv$Platform'
Event: 179.978 Thread 0x000001d9a5c0ea30 Unloading class 0x000001d9a9bca430 'androidx/room/compiler/processing/ksp/KspProcessingEnv$jvmPlatformInfo$2'
Event: 179.978 Thread 0x000001d9a5c0ea30 Unloading class 0x000001d9a9bca000 'androidx/room/compiler/processing/XProcessingEnv$Backend'
Event: 179.978 Thread 0x000001d9a5c0ea30 Unloading class 0x000001d9a9bc9d50 'androidx/room/compiler/processing/XProcessingEnv$Companion'
Event: 179.979 Thread 0x000001d9a5c0ea30 Unloading class 0x000001d9a9bc99c0 'androidx/room/compiler/processing/ksp/KspProcessingEnv'
Event: 179.979 Thread 0x000001d9a5c0ea30 Unloading class 0x000001d9a9bc97c8 'androidx/room/compiler/processing/XProcessingEnv'
Event: 179.979 Thread 0x000001d9a5c0ea30 Unloading class 0x000001d9a9bc9588 'androidx/room/compiler/processing/ksp/KspBasicAnnotationProcessor$DelegateLogger'
Event: 179.979 Thread 0x000001d9a5c0ea30 Unloading class 0x000001d9a9bc9150 'androidx/room/processor/Context$BooleanProcessorOptions'
Event: 179.979 Thread 0x000001d9a5c0ea30 Unloading class 0x000001d9a9bc8f48 'androidx/room/compiler/processing/XProcessingEnvConfig$Builder'
Event: 179.979 Thread 0x000001d9a5c0ea30 Unloading class 0x000001d9a9bc8d48 'androidx/room/compiler/processing/XProcessingEnvConfig$Companion'
Event: 179.979 Thread 0x000001d9a5c0ea30 Unloading class 0x000001d9a9bc8b48 'androidx/room/compiler/processing/XProcessingEnvConfig'
Event: 179.979 Thread 0x000001d9a5c0ea30 Unloading class 0x000001d9a9bc8948 'androidx/room/DatabaseProcessingStep$Companion'
Event: 179.979 Thread 0x000001d9a5c0ea30 Unloading class 0x000001d9a9bc8708 'androidx/room/DatabaseProcessingStep'
Event: 179.979 Thread 0x000001d9a5c0ea30 Unloading class 0x000001d9a9bc8510 'androidx/room/compiler/processing/XProcessingStep'
Event: 179.979 Thread 0x000001d9a5c0ea30 Unloading class 0x000001d9a9bc8288 'androidx/room/RoomKspProcessor'
Event: 179.979 Thread 0x000001d9a5c0ea30 Unloading class 0x000001d9a9bc8000 'androidx/room/compiler/processing/ksp/KspBasicAnnotationProcessor'
Event: 179.979 Thread 0x000001d9a5c0ea30 Unloading class 0x000001d9a969d430 'androidx/room/compiler/processing/XBasicAnnotationProcessor'
Event: 179.979 Thread 0x000001d9a5c0ea30 Unloading class 0x000001d9a969d218 'com/squareup/moshi/kotlin/codegen/ksp/JsonClassSymbolProcessorProvider'
Event: 179.979 Thread 0x000001d9a5c0ea30 Unloading class 0x000001d9a969d000 'androidx/room/RoomKspProcessor$Provider'

Classes redefined (0 events):
No events

Internal exceptions (20 events):
Event: 183.900 Thread 0x000001da01f00950 Exception <a 'sun/nio/fs/WindowsException'{0x000000074195bbe0}> (0x000000074195bbe0) 
thrown [s\open\src\hotspot\share\prims\jni.cpp, line 516]
Event: 183.901 Thread 0x000001da01f00950 Exception <a 'sun/nio/fs/WindowsException'{0x000000074195cda0}> (0x000000074195cda0) 
thrown [s\open\src\hotspot\share\prims\jni.cpp, line 516]
Event: 183.901 Thread 0x000001da01f00950 Exception <a 'sun/nio/fs/WindowsException'{0x000000074195ce30}> (0x000000074195ce30) 
thrown [s\open\src\hotspot\share\prims\jni.cpp, line 516]
Event: 183.901 Thread 0x000001da01f00950 Exception <a 'sun/nio/fs/WindowsException'{0x000000074195d370}> (0x000000074195d370) 
thrown [s\open\src\hotspot\share\prims\jni.cpp, line 516]
Event: 183.901 Thread 0x000001da01f00950 Exception <a 'sun/nio/fs/WindowsException'{0x000000074195f718}> (0x000000074195f718) 
thrown [s\open\src\hotspot\share\prims\jni.cpp, line 516]
Event: 183.901 Thread 0x000001da01f00950 Exception <a 'sun/nio/fs/WindowsException'{0x0000000741960890}> (0x0000000741960890) 
thrown [s\open\src\hotspot\share\prims\jni.cpp, line 516]
Event: 183.901 Thread 0x000001da01f00950 Exception <a 'sun/nio/fs/WindowsException'{0x0000000741960920}> (0x0000000741960920) 
thrown [s\open\src\hotspot\share\prims\jni.cpp, line 516]
Event: 183.901 Thread 0x000001da01f00950 Exception <a 'sun/nio/fs/WindowsException'{0x0000000741960d90}> (0x0000000741960d90) 
thrown [s\open\src\hotspot\share\prims\jni.cpp, line 516]
Event: 185.104 Thread 0x000001da025112f0 Implicit null exception at 0x000001d992ee8c35 to 0x000001d992ef0358
Event: 185.111 Thread 0x000001da047e0f90 Exception <a 'java/lang/IncompatibleClassChangeError'{0x000000074e8e5360}: Found class java.lang.Object, but interface was expected> (0x000000074e8e5360) 
thrown [s\open\src\hotspot\share\interpreter\linkResolver.cpp, line 826]
Event: 185.141 Thread 0x000001da01f00950 Exception <a 'sun/nio/fs/WindowsException'{0x000000074e627278}> (0x000000074e627278) 
thrown [s\open\src\hotspot\share\prims\jni.cpp, line 516]
Event: 185.304 Thread 0x000001d9f2720340 Exception <a 'java/lang/IncompatibleClassChangeError'{0x000000074e9f0310}: Found class java.lang.Object, but interface was expected> (0x000000074e9f0310) 
thrown [s\open\src\hotspot\share\interpreter\linkResolver.cpp, line 826]
Event: 185.305 Thread 0x000001d9f2720340 Exception <a 'java/lang/IncompatibleClassChangeError'{0x000000074e9f41f8}: Found class java.lang.Object, but interface was expected> (0x000000074e9f41f8) 
thrown [s\open\src\hotspot\share\interpreter\linkResolver.cpp, line 826]
Event: 185.305 Thread 0x000001da025112f0 Exception <a 'java/lang/IncompatibleClassChangeError'{0x000000074d0a68c0}: Found class java.lang.Object, but interface was expected> (0x000000074d0a68c0) 
thrown [s\open\src\hotspot\share\interpreter\linkResolver.cpp, line 826]
Event: 185.798 Thread 0x000001d9f271f410 Exception <a 'java/lang/NoSuchMethodError'{0x0000000749bdeb38}: 'long java.lang.invoke.DirectMethodHandle$Holder.invokeStatic(java.lang.Object, java.lang.Object, java.lang.Object)'> (0x0000000749bdeb38) 
thrown [s\open\src\hotspot\share\interpreter\linkResolver.cpp, line 759]
Event: 185.799 Thread 0x000001da025112f0 Exception <a 'java/lang/NoSuchMethodError'{0x0000000749d274f8}: 'long java.lang.invoke.DirectMethodHandle$Holder.invokeStatic(java.lang.Object, java.lang.Object, java.lang.Object)'> (0x0000000749d274f8) 
thrown [s\open\src\hotspot\share\interpreter\linkResolver.cpp, line 759]
Event: 185.818 Thread 0x000001da01f00950 Exception <a 'sun/nio/fs/WindowsException'{0x0000000749b16cb8}> (0x0000000749b16cb8) 
thrown [s\open\src\hotspot\share\prims\jni.cpp, line 516]
Event: 186.690 Thread 0x000001da01f00950 Exception <a 'sun/nio/fs/WindowsException'{0x00000007492e5388}> (0x00000007492e5388) 
thrown [s\open\src\hotspot\share\prims\jni.cpp, line 516]
Event: 186.699 Thread 0x000001da01f00950 Exception <a 'sun/nio/fs/WindowsException'{0x00000007492ebb98}> (0x00000007492ebb98) 
thrown [s\open\src\hotspot\share\prims\jni.cpp, line 516]
Event: 186.699 Thread 0x000001da01f00950 Exception <a 'sun/nio/fs/WindowsException'{0x00000007492ee1d8}> (0x00000007492ee1d8) 
thrown [s\open\src\hotspot\share\prims\jni.cpp, line 516]

VM Operations (20 events):
Event: 180.966 Executing VM operation: HandshakeAllThreads done
Event: 181.427 Executing VM operation: G1CollectForAllocation
Event: 181.485 Executing VM operation: G1CollectForAllocation done
Event: 182.492 Executing VM operation: Cleanup
Event: 182.510 Executing VM operation: Cleanup done
Event: 183.477 Executing VM operation: G1Concurrent
Event: 183.482 Executing VM operation: G1Concurrent done
Event: 184.288 Executing VM operation: G1CollectForAllocation
Event: 184.429 Executing VM operation: G1CollectForAllocation done
Event: 184.722 Executing VM operation: HandshakeAllThreads
Event: 184.722 Executing VM operation: HandshakeAllThreads done
Event: 184.741 Executing VM operation: G1CollectForAllocation
Event: 184.920 Executing VM operation: G1CollectForAllocation done
Event: 185.630 Executing VM operation: HandshakeAllThreads
Event: 185.631 Executing VM operation: HandshakeAllThreads done
Event: 185.906 Executing VM operation: HandshakeAllThreads
Event: 185.906 Executing VM operation: HandshakeAllThreads done
Event: 185.967 Executing VM operation: ICBufferFull
Event: 185.970 Executing VM operation: ICBufferFull done
Event: 186.725 Executing VM operation: G1CollectForAllocation

Events (20 events):
Event: 185.697 Thread 0x000001d9a5c4d270 flushing nmethod 0x000001d98bf6cc90
Event: 185.699 Thread 0x000001d9a5c4d270 flushing nmethod 0x000001d98c068810
Event: 185.699 Thread 0x000001d9a5c4d270 flushing nmethod 0x000001d98c118c10
Event: 185.699 Thread 0x000001d9a5c4d270 flushing nmethod 0x000001d98c136690
Event: 185.700 Thread 0x000001d9a5c4d270 flushing nmethod 0x000001d98c1c8190
Event: 185.706 Thread 0x000001d9a5c4d270 flushing nmethod 0x000001d98c6dd110
Event: 185.706 Thread 0x000001d9a5c4d270 flushing nmethod 0x000001d98c701410
Event: 185.718 Thread 0x000001d9a5c4d270 flushing nmethod 0x000001d98d2a9290
Event: 185.720 Thread 0x000001d9a5c4d270 flushing nmethod 0x000001d98d454c10
Event: 185.721 Thread 0x000001d9a5c4d270 flushing nmethod 0x000001d98d517310
Event: 185.722 Thread 0x000001d9a5c4d270 flushing nmethod 0x000001d98d517710
Event: 185.723 Thread 0x000001d9a5c4d270 flushing nmethod 0x000001d98d616390
Event: 185.724 Thread 0x000001d9a5c4d270 flushing nmethod 0x000001d98d757910
Event: 185.724 loading class java/nio/ShortBuffer
Event: 185.726 Thread 0x000001d9a5c4d270 flushing nmethod 0x000001d98d843b90
Event: 185.726 Thread 0x000001d9a5c4d270 flushing nmethod 0x000001d98d87a910
Event: 185.727 loading class java/nio/ShortBuffer done
Event: 185.727 loading class java/nio/HeapShortBuffer
Event: 185.728 loading class java/nio/HeapShortBuffer done
Event: 185.748 Thread 0x000001d9a5c4d270 flushing nmethod 0x000001d98e6cab90


Dynamic libraries:
0x00007ff6208b0000 - 0x00007ff6208c0000 	C:\Program Files\Java\jdk-17\bin\java.exe
0x00007ffc8e170000 - 0x00007ffc8e368000 	C:\Windows\SYSTEM32\ntdll.dll
0x00007ffc8cca0000 - 0x00007ffc8cd61000 	C:\Windows\System32\KERNEL32.DLL
0x00007ffc8bb20000 - 0x00007ffc8be1d000 	C:\Windows\System32\KERNELBASE.dll
0x00007ffc8bf40000 - 0x00007ffc8c040000 	C:\Windows\System32\ucrtbase.dll
0x00007ffc7c4b0000 - 0x00007ffc7c4c9000 	C:\Program Files\Java\jdk-17\bin\jli.dll
0x00007ffc628b0000 - 0x00007ffc628cb000 	C:\Program Files\Java\jdk-17\bin\VCRUNTIME140.dll
0x00007ffc8d330000 - 0x00007ffc8d3e0000 	C:\Windows\System32\ADVAPI32.dll
0x00007ffc8e090000 - 0x00007ffc8e12e000 	C:\Windows\System32\msvcrt.dll
0x00007ffc8dde0000 - 0x00007ffc8de80000 	C:\Windows\System32\sechost.dll
0x00007ffc8c9d0000 - 0x00007ffc8caf3000 	C:\Windows\System32\RPCRT4.dll
0x00007ffc8baf0000 - 0x00007ffc8bb17000 	C:\Windows\System32\bcrypt.dll
0x00007ffc8cb00000 - 0x00007ffc8cc9d000 	C:\Windows\System32\USER32.dll
0x00007ffc8ba10000 - 0x00007ffc8ba32000 	C:\Windows\System32\win32u.dll
0x00007ffc727f0000 - 0x00007ffc72a8a000 	C:\Windows\WinSxS\amd64_microsoft.windows.common-controls_6595b64144ccf1df_6.0.19041.4355_none_60b8b9eb71f62e16\COMCTL32.dll
0x00007ffc8cd70000 - 0x00007ffc8cd9b000 	C:\Windows\System32\GDI32.dll
0x00007ffc8be20000 - 0x00007ffc8bf37000 	C:\Windows\System32\gdi32full.dll
0x00007ffc8c0b0000 - 0x00007ffc8c14d000 	C:\Windows\System32\msvcp_win.dll
0x00007ffc824c0000 - 0x00007ffc824ca000 	C:\Windows\SYSTEM32\VERSION.dll
0x00007ffc8c9a0000 - 0x00007ffc8c9cf000 	C:\Windows\System32\IMM32.DLL
0x00007ffc7c4a0000 - 0x00007ffc7c4ac000 	C:\Program Files\Java\jdk-17\bin\vcruntime140_1.dll
0x00007ffc50360000 - 0x00007ffc503ee000 	C:\Program Files\Java\jdk-17\bin\msvcp140.dll
0x00007ffc1e860000 - 0x00007ffc1f440000 	C:\Program Files\Java\jdk-17\bin\server\jvm.dll
0x00007ffc8d3e0000 - 0x00007ffc8d3e8000 	C:\Windows\System32\PSAPI.DLL
0x00007ffc6df50000 - 0x00007ffc6df59000 	C:\Windows\SYSTEM32\WSOCK32.dll
0x00007ffc754f0000 - 0x00007ffc75517000 	C:\Windows\SYSTEM32\WINMM.dll
0x00007ffc8cda0000 - 0x00007ffc8ce0b000 	C:\Windows\System32\WS2_32.dll
0x00007ffc8a090000 - 0x00007ffc8a0a2000 	C:\Windows\SYSTEM32\kernel.appcore.dll
0x00007ffc6cf50000 - 0x00007ffc6cf5a000 	C:\Program Files\Java\jdk-17\bin\jimage.dll
0x00007ffc89ba0000 - 0x00007ffc89d84000 	C:\Windows\SYSTEM32\DBGHELP.DLL
0x00007ffc67530000 - 0x00007ffc67564000 	C:\Windows\SYSTEM32\dbgcore.DLL
0x00007ffc8b820000 - 0x00007ffc8b8a2000 	C:\Windows\System32\bcryptPrimitives.dll
0x00007ffc6cef0000 - 0x00007ffc6cefe000 	C:\Program Files\Java\jdk-17\bin\instrument.dll
0x00007ffc5ac20000 - 0x00007ffc5ac45000 	C:\Program Files\Java\jdk-17\bin\java.dll
0x00007ffc3dce0000 - 0x00007ffc3ddb7000 	C:\Program Files\Java\jdk-17\bin\jsvml.dll
0x00007ffc8c230000 - 0x00007ffc8c99f000 	C:\Windows\System32\SHELL32.dll
0x00007ffc89320000 - 0x00007ffc89ac3000 	C:\Windows\SYSTEM32\windows.storage.dll
0x00007ffc8da80000 - 0x00007ffc8ddd3000 	C:\Windows\System32\combase.dll
0x00007ffc8b250000 - 0x00007ffc8b27e000 	C:\Windows\SYSTEM32\Wldp.dll
0x00007ffc8de80000 - 0x00007ffc8df4d000 	C:\Windows\System32\OLEAUT32.dll
0x00007ffc8d8f0000 - 0x00007ffc8d99d000 	C:\Windows\System32\SHCORE.dll
0x00007ffc8d2c0000 - 0x00007ffc8d315000 	C:\Windows\System32\shlwapi.dll
0x00007ffc8b750000 - 0x00007ffc8b774000 	C:\Windows\SYSTEM32\profapi.dll
0x00007ffc5b450000 - 0x00007ffc5b468000 	C:\Program Files\Java\jdk-17\bin\zip.dll
0x00007ffc60bf0000 - 0x00007ffc60c09000 	C:\Program Files\Java\jdk-17\bin\net.dll
0x00007ffc83a60000 - 0x00007ffc83b6d000 	C:\Windows\SYSTEM32\WINHTTP.dll
0x00007ffc8afb0000 - 0x00007ffc8b01a000 	C:\Windows\system32\mswsock.dll
0x00007ffc5b5c0000 - 0x00007ffc5b5d6000 	C:\Program Files\Java\jdk-17\bin\nio.dll
0x00007ffc821e0000 - 0x00007ffc821f0000 	C:\Program Files\Java\jdk-17\bin\verify.dll
0x00007ffc5a250000 - 0x00007ffc5a277000 	C:\Users\CCCccc\.gradle\native\660c5614fbf4a5f2a75b1949f50a0caf5cd603558e7d8a26e50b933a0cfb79d1\windows-amd64\native-platform.dll
0x00007ffc48ff0000 - 0x00007ffc49067000 	C:\Users\CCCccc\.gradle\native\0.2.8\x86_64-windows-gnu\gradle-fileevents.dll
0x00007ffc6ced0000 - 0x00007ffc6ceda000 	C:\Program Files\Java\jdk-17\bin\management.dll
0x00007ffc63bd0000 - 0x00007ffc63bdb000 	C:\Program Files\Java\jdk-17\bin\management_ext.dll
0x00007ffc8ac40000 - 0x00007ffc8ac7b000 	C:\Windows\SYSTEM32\IPHLPAPI.DLL
0x00007ffc8d320000 - 0x00007ffc8d328000 	C:\Windows\System32\NSI.dll
0x00007ffc7faf0000 - 0x00007ffc7fb07000 	C:\Windows\SYSTEM32\dhcpcsvc6.DLL
0x00007ffc833b0000 - 0x00007ffc833cd000 	C:\Windows\SYSTEM32\dhcpcsvc.DLL
0x00007ffc8acd0000 - 0x00007ffc8ad9a000 	C:\Windows\SYSTEM32\DNSAPI.dll
0x00007ffc8b1b0000 - 0x00007ffc8b1c8000 	C:\Windows\SYSTEM32\CRYPTSP.dll
0x00007ffc8a860000 - 0x00007ffc8a894000 	C:\Windows\system32\rsaenh.dll
0x00007ffc8b710000 - 0x00007ffc8b73e000 	C:\Windows\SYSTEM32\USERENV.dll
0x00007ffc8b1a0000 - 0x00007ffc8b1ac000 	C:\Windows\SYSTEM32\CRYPTBASE.dll
0x00007ffc6cee0000 - 0x00007ffc6ceee000 	C:\Program Files\Java\jdk-17\bin\sunmscapi.dll
0x00007ffc8b8b0000 - 0x00007ffc8ba0c000 	C:\Windows\System32\CRYPT32.dll
0x00007ffc8b2c0000 - 0x00007ffc8b2e9000 	C:\Windows\SYSTEM32\ncrypt.dll
0x00007ffc8b280000 - 0x00007ffc8b2bb000 	C:\Windows\SYSTEM32\NTASN1.dll
0x00007ffc7c9d0000 - 0x00007ffc7c9d7000 	C:\Windows\system32\wshunix.dll
0x00007ffc8aab0000 - 0x00007ffc8aae3000 	C:\Windows\SYSTEM32\ntmarta.dll
0x00007ffc2ea20000 - 0x00007ffc2ebb1000 	C:\Program Files\Java\jdk-17\bin\awt.dll
0x00007ffc83510000 - 0x00007ffc835a4000 	C:\Windows\SYSTEM32\apphelp.dll
0x00007ffc851e0000 - 0x00007ffc8527e000 	C:\Windows\system32\uxtheme.dll
0x00007ffc8cff0000 - 0x00007ffc8d105000 	C:\Windows\System32\MSCTF.dll
0x00007ffc8ce10000 - 0x00007ffc8cf3b000 	C:\Windows\System32\ole32.dll

dbghelp: loaded successfully - version: 4.0.5 - missing functions: none
symbol engine: initialized successfully - sym options: 0x614 - pdb path: .;C:\Program Files\Java\jdk-17\bin;C:\Windows\SYSTEM32;C:\Windows\WinSxS\amd64_microsoft.windows.common-controls_6595b64144ccf1df_6.0.19041.4355_none_60b8b9eb71f62e16;C:\Program Files\Java\jdk-17\bin\server;C:\Users\CCCccc\.gradle\native\660c5614fbf4a5f2a75b1949f50a0caf5cd603558e7d8a26e50b933a0cfb79d1\windows-amd64;C:\Users\CCCccc\.gradle\native\0.2.8\x86_64-windows-gnu;C:\Users\CCCccc\AppData\Local\Temp

VM Arguments:
jvm_args: --add-opens=java.base/java.lang=ALL-UNNAMED --add-opens=java.base/java.lang.invoke=ALL-UNNAMED --add-opens=java.base/java.util=ALL-UNNAMED --add-opens=java.prefs/java.util.prefs=ALL-UNNAMED --add-exports=jdk.compiler/com.sun.tools.javac.api=ALL-UNNAMED --add-exports=jdk.compiler/com.sun.tools.javac.util=ALL-UNNAMED --add-opens=java.base/java.util=ALL-UNNAMED --add-opens=java.prefs/java.util.prefs=ALL-UNNAMED --add-opens=java.base/java.nio.charset=ALL-UNNAMED --add-opens=java.base/java.net=ALL-UNNAMED --add-opens=java.base/java.util.concurrent=ALL-UNNAMED --add-opens=java.base/java.util.concurrent.atomic=ALL-UNNAMED --add-opens=java.xml/javax.xml.namespace=ALL-UNNAMED --add-opens=java.base/java.time=ALL-UNNAMED -Xmx4g -Dfile.encoding=UTF-8 -Duser.country=CN -Duser.language=zh -Duser.variant -javaagent:C:\Users\CCCccc\.gradle\wrapper\dists\gradle-9.3.1-bin\23ovyewtku6u96viwx3xl3oks\gradle-9.3.1\lib\agents\gradle-instrumentation-agent-9.3.1.jar 
java_command: org.gradle.launcher.daemon.bootstrap.GradleDaemon 9.3.1
java_class_path (initial): C:\Users\CCCccc\.gradle\wrapper\dists\gradle-9.3.1-bin\23ovyewtku6u96viwx3xl3oks\gradle-9.3.1\lib\gradle-daemon-main-9.3.1.jar
Launcher Type: SUN_STANDARD

[Global flags]
     intx CICompilerCount                          = 4                                         {product} {ergonomic}
     uint ConcGCThreads                            = 2                                         {product} {ergonomic}
     uint G1ConcRefinementThreads                  = 8                                         {product} {ergonomic}
   size_t G1HeapRegionSize                         = 2097152                                   {product} {ergonomic}
    uintx GCDrainStackTargetSize                   = 64                                        {product} {ergonomic}
   size_t InitialHeapSize                          = 132120576                                 {product} {ergonomic}
   size_t MarkStackSize                            = 4194304                                   {product} {ergonomic}
   size_t MaxHeapSize                              = 4294967296                                {product} {command line}
   size_t MaxNewSize                               = 2575302656                                {product} {ergonomic}
   size_t MinHeapDeltaBytes                        = 2097152                                   {product} {ergonomic}
   size_t MinHeapSize                              = 8388608                                   {product} {ergonomic}
    uintx NonNMethodCodeHeapSize                   = 5839372                                {pd product} {ergonomic}
    uintx NonProfiledCodeHeapSize                  = 122909434                              {pd product} {ergonomic}
    uintx ProfiledCodeHeapSize                     = 122909434                              {pd product} {ergonomic}
    uintx ReservedCodeCacheSize                    = 251658240                              {pd product} {ergonomic}
     bool SegmentedCodeCache                       = true                                      {product} {ergonomic}
   size_t SoftMaxHeapSize                          = 4294967296                             {manageable} {ergonomic}
     bool UseCompressedClassPointers               = true                           {product lp64_product} {ergonomic}
     bool UseCompressedOops                        = true                           {product lp64_product} {ergonomic}
     bool UseG1GC                                  = true                                      {product} {ergonomic}
     bool UseLargePagesIndividualAllocation        = false                                  {pd product} {ergonomic}

Logging:
Log output configuration:
 #0: stdout all=warning uptime,level,tags
 #1: stderr all=off uptime,level,tags

Environment Variables:
PATH=C:\Program Files\Common Files\Oracle\Java\javapath;C:\Program Files (x86)\Common Files\Oracle\Java\java8path;C:\Program Files (x86)\Common Files\Oracle\Java\javapath;C:\Windows\system32;C:\Windows;C:\Windows\System32\Wbem;C:\Windows\System32\WindowsPowerShell\v1.0\;C:\Windows\System32\OpenSSH\;C:\Program Files\Bandizip\;C:\Program Files\dotnet\;C:\Program Files\NVIDIA Corporation\NVIDIA App\NvDLISR;C:\Program Files (x86)\NVIDIA Corporation\PhysX\Common;C:\Program Files\PuTTY\;D:\HAM\rtl-sdr;C:\Users\CCCccc\AppData\Local\Programs\Python\Python312\Scripts\;C:\Users\CCCccc\AppData\Local\Programs\Python\Python312\;C:\Users\CCCccc\AppData\Local\Programs\Python\Launcher\;C:\Users\CCCccc\AppData\Local\Microsoft\WindowsApps;C:\Program Files\platform-tools;C:\Program Files\Java\jdk-17
USERNAME=CCCccc
OS=Windows_NT
PROCESSOR_IDENTIFIER=Intel64 Family 6 Model 142 Stepping 12, GenuineIntel



---------------  S Y S T E M  ---------------

OS:
 Windows 10 , 64 bit Build 19041 (10.0.19041.4842)
OS uptime: 1 days 0:20 hours

CPU: total 8 (initial active 8) (4 cores per cpu, 2 threads per core) family 6 model 142 stepping 12 microcode 0xca, cx8, cmov, fxsr, ht, mmx, 3dnowpref, sse, sse2, sse3, ssse3, sse4.1, sse4.2, popcnt, lzcnt, tsc, tscinvbit, avx, avx2, aes, erms, clmul, bmi1, bmi2, adx, fma, vzeroupper, clflush, clflushopt

Memory: 4k page, system-wide physical 8013M (151M free)
TotalPageFile size 20301M (AvailPageFile size 1123M)
current process WorkingSet (physical memory assigned to process): 1324M, peak: 1473M
current process commit charge ("private bytes"): 2130M, peak: 3258M

vm_info: Java HotSpot(TM) 64-Bit Server VM (17.0.12+8-LTS-286) for windows-amd64 JRE (17.0.12+8-LTS-286), built on Jun  5 2024 06:46:59 by "mach5one" with MS VC++ 17.6 (VS2022)

END.
